fstrict-aliasing,funroll-loops,fno-exceptions,fomit-frame-pointer,fno-rtti,fdata-sections,ffunction-sections,fmerge-all-constants,finline-functions,finline-small-functions,fno-math-errno,fno-rounding-math,fno-trapping-math,fassociative-math,freciprocal-math,fno-signed-zeros,fno-zero-initialized-in-bss,fvectorize,fslp-vectorize,ftree-vectorize,run_time,compile_time,exe_size,csmith_time,source_size,LOC,cost,fidelity
Off,Off,Off,On,On,Off,On,On,On,Off,On,On,Off,Off,On,On,On,On,Off,Off,0.09584331512451172,1.7024641036987305,523384,34.333900690078735,2152160,10605,40.284199953079224,"[10, 50, 6, 4, 50]"
On,On,On,Off,Off,On,Off,Off,Off,On,Off,Off,On,On,Off,Off,Off,Off,On,On,0.10285115242004395,1.500680685043335,513704,34.16265511512756,2152160,10605,38.309004068374634,"[10, 50, 6, 4, 50]"
On,Off,Off,On,Off,On,On,Off,Off,On,Off,Off,Off,Off,Off,On,Off,On,On,Off,0.09919428825378418,1.520545244216919,521896,34.135324478149414,2152160,10605,38.37324500083923,"[10, 50, 6, 4, 50]"
Off,On,On,Off,On,Off,Off,On,On,Off,On,On,On,On,On,Off,On,Off,Off,On,0.09305691719055176,1.5414001941680908,515192,34.08922290802002,2152160,10605,38.30375099182129,"[10, 50, 6, 4, 50]"
Off,Off,On,Off,On,Off,On,Off,Off,On,Off,On,Off,On,On,Off,On,Off,On,Off,0.08961200714111328,1.488067626953125,515000,34.11523222923279,2152160,10605,38.36782479286194,"[10, 50, 6, 4, 50]"
On,On,Off,On,Off,On,Off,On,On,Off,On,Off,On,Off,Off,On,Off,On,Off,On,0.09058523178100586,1.5218899250030518,522088,34.199533462524414,2152160,10605,38.451621532440186,"[10, 50, 6, 4, 50]"
On,Off,On,Off,Off,On,On,On,On,Off,On,Off,Off,On,Off,Off,Off,Off,Off,Off,0.09722208976745605,1.454618215560913,513896,34.090641260147095,2152160,10605,38.18610334396362,"[10, 50, 6, 4, 50]"
Off,On,Off,On,On,Off,Off,Off,Off,On,Off,On,On,Off,On,On,On,On,On,On,0.09033799171447754,1.478769302368164,523192,34.11241436004639,2152160,10605,38.358927726745605,"[10, 50, 6, 4, 50]"
Off,Off,On,On,Off,Off,On,Off,Off,Off,Off,On,On,On,Off,Off,Off,Off,On,Off,0.08607769012451172,1.4955065250396729,521896,34.11925530433655,2152160,10605,38.34282326698303,"[10, 50, 6, 4, 50]"
On,On,Off,Off,On,On,Off,On,On,On,On,Off,Off,Off,On,On,On,On,Off,On,0.07491493225097656,1.5226550102233887,515192,34.140897274017334,2152160,10605,38.29325890541077,"[10, 50, 6, 4, 50]"
On,Off,On,On,On,On,On,On,On,On,On,Off,On,On,On,Off,On,Off,Off,Off,0.09857392311096191,1.5724871158599854,523384,34.14151978492737,2152160,10605,38.36676645278931,"[10, 50, 6, 4, 50]"
Off,On,Off,Off,Off,Off,Off,Off,Off,Off,Off,On,Off,Off,Off,On,Off,On,On,On,0.0783236026763916,1.4805285930633545,513704,34.17771506309509,2152160,10605,38.296812772750854,"[10, 50, 6, 4, 50]"
Off,Off,Off,Off,Off,Off,On,On,On,On,On,On,On,Off,Off,On,Off,On,Off,Off,0.08824634552001953,1.4997129440307617,513896,34.059303998947144,2152160,10605,38.15320706367493,"[10, 50, 6, 4, 50]"
On,On,On,On,On,On,Off,Off,Off,Off,Off,Off,Off,On,On,Off,On,Off,On,On,0.0953207015991211,1.5263526439666748,523192,34.1294379234314,2152160,10605,38.31542229652405,"[10, 50, 6, 4, 50]"
On,Off,Off,Off,On,On,On,Off,Off,Off,Off,Off,On,Off,On,On,On,On,On,Off,0.09810447692871094,1.5206117630004883,515000,34.09554171562195,2152160,10605,38.29755187034607,"[10, 50, 6, 4, 50]"
Off,On,On,On,Off,Off,Off,On,On,On,On,On,Off,On,Off,Off,Off,Off,Off,On,0.09884834289550781,1.512608289718628,522088,34.12446641921997,2152160,10605,38.26136255264282,"[10, 50, 6, 4, 50]"
Off,Off,Off,Off,On,On,Off,Off,On,Off,On,On,On,On,On,On,Off,Off,On,Off,0.10474395751953125,1.5618016719818115,513704,34.05063486099243,2152160,10605,38.32510828971863,"[10, 50, 6, 4, 50]"
On,On,On,On,Off,Off,On,On,Off,On,Off,Off,Off,Off,Off,Off,On,On,Off,On,0.08114910125732422,1.5167632102966309,523384,34.12801122665405,2152160,10605,38.31502389907837,"[10, 50, 6, 4, 50]"
On,Off,Off,Off,Off,Off,Off,On,Off,On,Off,Off,On,On,Off,On,On,Off,Off,Off,0.1004023551940918,1.5367791652679443,515192,34.22190570831299,2152160,10605,38.43586850166321,"[10, 50, 6, 4, 50]"
Off,On,On,On,On,On,On,Off,On,Off,On,On,Off,Off,On,Off,Off,On,On,On,0.07553648948669434,1.5268099308013916,521896,34.120018005371094,2152160,10605,38.243887186050415,"[10, 50, 6, 4, 50]"
Off,Off,On,On,On,On,Off,On,Off,On,Off,On,On,Off,On,Off,Off,On,Off,Off,0.08906984329223633,1.4973688125610352,522088,34.097455739974976,2152160,10605,38.18083739280701,"[10, 50, 6, 4, 50]"
On,On,Off,Off,Off,Off,On,Off,On,Off,On,Off,Off,On,Off,On,On,Off,On,On,0.08762955665588379,1.5468711853027344,515000,34.16870665550232,2152160,10605,38.29478096961975,"[10, 50, 6, 4, 50]"
On,Off,On,On,Off,Off,Off,Off,On,Off,On,Off,On,Off,Off,Off,On,On,On,Off,0.08434319496154785,1.5004138946533203,523192,34.13925576210022,2152160,10605,38.32033658027649,"[10, 50, 6, 4, 50]"
Off,On,Off,Off,On,On,On,On,Off,On,Off,On,Off,On,On,On,Off,Off,Off,On,0.08717656135559082,1.512528657913208,513896,34.1188747882843,2152160,10605,38.304821491241455,"[10, 50, 6, 4, 50]"
Off,Off,On,Off,Off,On,Off,On,Off,Off,Off,On,Off,Off,Off,Off,On,On,Off,Off,0.09320640563964844,1.505631446838379,515192,34.040844678878784,2152160,10605,38.27252268791199,"[10, 50, 6, 4, 50]"
On,On,Off,On,On,Off,On,Off,On,On,On,Off,On,On,On,On,Off,Off,On,On,0.09105134010314941,1.5161831378936768,521896,34.09165096282959,2152160,10605,38.31843638420105,"[10, 50, 6, 4, 50]"
On,Off,On,Off,On,Off,Off,Off,On,On,On,Off,Off,Off,On,Off,Off,On,On,Off,0.08955621719360352,1.5367803573608398,513704,34.10321021080017,2152160,10605,38.28286576271057,"[10, 50, 6, 4, 50]"
Off,On,Off,On,Off,On,On,On,Off,Off,Off,On,On,On,Off,On,On,Off,Off,On,0.09844660758972168,1.5073208808898926,523384,34.10928654670715,2152160,10605,38.289268255233765,"[10, 50, 6, 4, 50]"
Off,Off,Off,On,Off,On,Off,Off,On,On,On,On,Off,On,Off,On,On,Off,On,Off,0.10369610786437988,1.524695634841919,523192,34.13559412956238,2152160,10605,38.34796595573425,"[10, 50, 6, 4, 50]"
On,On,On,Off,On,Off,On,On,Off,Off,Off,Off,On,Off,On,Off,Off,On,Off,On,0.09928178787231445,1.4717957973480225,513896,34.13036847114563,2152160,10605,38.36115050315857,"[10, 50, 6, 4, 50]"
Off,Off,On,Off,Off,On,Off,On,On,Off,On,Off,Off,On,On,On,Off,Off,On,On,0.09513187408447266,1.5629992485046387,513896,34.11302947998047,2152160,10605,38.41096067428589,"[10, 50, 6, 4, 50]"
Off,Off,Off,On,On,On,Off,On,On,Off,Off,On,Off,Off,On,On,Off,Off,Off,On,0.08338165283203125,1.4994633197784424,522088,34.037477254867554,2152160,10605,38.200024366378784,"[10, 50, 6, 4, 50]"
Off,Off,Off,On,On,On,On,On,On,On,Off,Off,Off,On,On,On,On,Off,Off,On,0.09652018547058105,1.6028082370758057,523384,34.0776252746582,2152160,10605,38.378304958343506,"[10, 50, 6, 4, 50]"
On,Off,On,Off,Off,On,Off,On,On,Off,Off,Off,Off,Off,On,On,On,On,On,On,0.09927153587341309,1.4909167289733887,515192,34.13610243797302,2152160,10605,38.291109561920166,"[10, 50, 6, 4, 50]"
Off,On,On,On,On,On,On,Off,On,Off,On,Off,Off,Off,On,Off,Off,On,On,On,0.10683274269104004,1.5674676895141602,521896,34.08154010772705,2152160,10605,38.32337141036987,"[10, 50, 6, 4, 50]"
Off,On,On,On,On,On,On,Off,On,Off,On,On,On,Off,On,Off,Off,On,On,On,0.0884542465209961,1.5518159866333008,521896,34.61248517036438,2152160,10605,38.86542057991028,"[10, 50, 6, 4, 50]"
On,On,On,On,Off,On,On,On,On,On,Off,On,Off,Off,Off,Off,Off,On,On,On,0.08863091468811035,1.559790849685669,522088,34.18094062805176,2152160,10605,38.37332105636597,"[10, 50, 6, 4, 50]"
On,On,Off,On,On,On,Off,On,On,On,Off,Off,Off,Off,On,Off,Off,Off,Off,On,0.09302997589111328,1.5120818614959717,522088,34.165881872177124,2152160,10605,38.32910370826721,"[10, 50, 6, 4, 50]"
On,On,On,On,Off,Off,Off,On,On,Off,Off,On,Off,On,Off,Off,Off,On,Off,On,0.08779191970825195,1.5520601272583008,522088,34.083030462265015,2152160,10605,38.298412799835205,"[10, 50, 6, 4, 50]"
Off,Off,Off,Off,Off,On,On,Off,Off,On,On,Off,Off,Off,On,Off,Off,On,Off,On,0.09012031555175781,1.5327422618865967,513704,34.14686679840088,2152160,10605,38.28773736953735,"[10, 50, 6, 4, 50]"
Off,Off,Off,Off,Off,On,Off,On,Off,Off,On,Off,Off,Off,Off,On,On,On,Off,On,0.0942385196685791,1.5273590087890625,515192,34.12309694290161,2152160,10605,38.2657425403595,"[10, 50, 6, 4, 50]"
On,On,Off,On,Off,On,On,Off,On,Off,Off,Off,Off,Off,Off,Off,On,Off,On,On,0.09235763549804688,1.570246934890747,523192,34.126200675964355,2152160,10605,38.43166518211365,"[10, 50, 6, 4, 50]"
On,On,On,Off,Off,Off,On,On,On,Off,Off,Off,On,Off,Off,Off,On,Off,Off,Off,0.09179210662841797,1.4970622062683105,515192,34.4119291305542,2152160,10605,38.544955015182495,"[10, 50, 6, 4, 50]"
On,Off,On,Off,On,On,On,Off,On,On,Off,Off,On,Off,On,On,On,On,On,On,0.08836174011230469,1.4886391162872314,515000,34.071836709976196,2152160,10605,38.40420174598694,"[10, 50, 6, 4, 50]"
On,Off,On,On,Off,Off,Off,On,On,On,On,Off,Off,Off,On,Off,On,Off,Off,On,0.09732794761657715,1.5447065830230713,523384,34.10698127746582,2152160,10605,38.374733686447144,"[10, 50, 6, 4, 50]"
Off,On,Off,Off,Off,Off,On,On,Off,Off,Off,On,On,Off,Off,On,On,On,On,Off,0.08809733390808105,1.5283000469207764,515192,34.09531283378601,2152160,10605,38.262216567993164,"[10, 50, 6, 4, 50]"
Off,On,On,On,On,On,On,Off,On,Off,Off,On,Off,Off,On,Off,On,On,On,On,0.07422828674316406,1.5044269561767578,523192,34.110198736190796,2152160,10605,38.253846883773804,"[10, 50, 6, 4, 50]"
Off,On,Off,On,On,On,Off,Off,On,On,Off,On,Off,Off,Off,On,Off,On,On,On,0.09131360054016113,1.584075689315796,521896,34.097747802734375,2152160,10605,38.37732124328613,"[10, 50, 6, 4, 50]"
Off,On,On,Off,On,Off,On,Off,On,On,On,Off,On,On,Off,On,On,On,On,On,0.09427666664123535,1.5022673606872559,515000,34.07679891586304,2152160,10605,38.33389639854431,"[10, 50, 6, 4, 50]"
Off,On,Off,On,Off,On,On,Off,Off,On,On,Off,Off,Off,Off,On,Off,On,On,Off,0.09854388236999512,1.5399575233459473,521896,34.10495924949646,2152160,10605,38.29519271850586,"[10, 50, 6, 4, 50]"
On,Off,On,On,On,On,On,Off,On,Off,On,On,Off,Off,On,On,On,Off,On,Off,0.1002659797668457,1.5300922393798828,523192,34.18251633644104,2152160,10605,38.31541919708252,"[10, 50, 6, 4, 50]"
On,Off,Off,On,Off,Off,Off,On,Off,On,On,Off,Off,On,On,On,Off,On,On,On,0.0940852165222168,1.5201001167297363,522088,34.087865591049194,2152160,10605,38.231184244155884,"[10, 50, 6, 4, 50]"
On,Off,Off,On,Off,On,Off,On,On,On,Off,Off,Off,Off,Off,On,Off,On,Off,On,0.08637404441833496,1.486396074295044,522088,34.06763982772827,2152160,10605,38.24360775947571,"[10, 50, 6, 4, 50]"
On,Off,Off,Off,Off,On,On,Off,On,Off,Off,On,Off,On,Off,Off,Off,On,On,On,0.09378409385681152,1.5693824291229248,513704,34.19877624511719,2152160,10605,38.431461334228516,"[10, 50, 6, 4, 50]"
Off,On,Off,Off,Off,On,Off,On,On,On,Off,Off,Off,On,On,On,Off,On,Off,On,0.11110234260559082,1.485121250152588,513896,34.11048173904419,2152160,10605,38.31889486312866,"[10, 50, 6, 4, 50]"
On,Off,On,On,On,Off,Off,Off,On,On,Off,On,On,Off,On,On,On,On,Off,On,0.10745024681091309,1.4953052997589111,523192,34.14044141769409,2152160,10605,38.25551247596741,"[10, 50, 6, 4, 50]"
On,Off,On,Off,On,On,Off,Off,Off,On,Off,Off,Off,Off,On,Off,Off,On,Off,On,0.10184454917907715,1.5142762660980225,513704,34.12305545806885,2152160,10605,38.37360739707947,"[10, 50, 6, 4, 50]"
On,On,Off,Off,On,On,On,Off,Off,Off,Off,Off,On,Off,On,On,On,On,Off,On,0.10583758354187012,1.524507999420166,515000,34.14366126060486,2152160,10605,38.38958954811096,"[10, 50, 6, 4, 50]"
Off,On,On,On,On,Off,On,Off,On,Off,Off,On,Off,Off,On,Off,On,On,On,On,0.09186816215515137,1.6000103950500488,523192,34.17397904396057,2152160,10605,38.45568084716797,"[10, 50, 6, 4, 50]"
Off,Off,On,Off,On,On,On,Off,On,Off,On,On,Off,Off,On,Off,On,On,On,On,0.0890810489654541,1.5122413635253906,515000,34.09100818634033,2152160,10605,38.27805685997009,"[10, 50, 6, 4, 50]"
Off,On,On,On,On,On,On,Off,On,Off,Off,On,Off,Off,Off,Off,On,On,Off,On,0.09552907943725586,1.4929397106170654,523192,34.12959265708923,2152160,10605,38.35800743103027,"[10, 50, 6, 4, 50]"
On,Off,Off,On,Off,On,Off,Off,Off,Off,On,Off,Off,Off,On,Off,On,On,Off,On,0.09908556938171387,1.5710175037384033,523192,34.10833215713501,2152160,10605,38.45918130874634,"[10, 50, 6, 4, 50]"
On,On,On,Off,On,On,On,On,On,Off,Off,Off,Off,Off,On,On,On,On,Off,Off,0.10287165641784668,1.5109539031982422,515192,34.17851448059082,2152160,10605,38.3254017829895,"[10, 50, 6, 4, 50]"
Off,Off,Off,Off,Off,Off,Off,Off,Off,Off,On,On,On,Off,Off,On,On,On,On,Off,0.08398842811584473,1.5607843399047852,515000,34.21125912666321,2152160,10605,38.46668195724487,"[10, 50, 6, 4, 50]"
On,On,Off,On,Off,On,On,On,On,Off,On,Off,Off,Off,Off,On,On,On,Off,On,0.08297395706176758,1.5163910388946533,523384,34.134175300598145,2152160,10605,38.297553062438965,"[10, 50, 6, 4, 50]"
Off,Off,On,On,On,Off,On,Off,Off,Off,Off,On,Off,Off,Off,On,On,Off,On,On,0.09352302551269531,1.4777915477752686,523192,34.12813210487366,2152160,10605,38.32715153694153,"[10, 50, 6, 4, 50]"
Off,On,Off,Off,On,On,Off,Off,On,Off,On,Off,Off,Off,Off,Off,On,On,Off,Off,0.09447240829467773,1.4984376430511475,515000,34.108882427215576,2152160,10605,38.252917528152466,"[10, 50, 6, 4, 50]"
On,On,On,On,On,On,Off,On,On,Off,On,Off,Off,Off,On,On,Off,On,On,On,0.08620166778564453,1.5344398021697998,522088,34.11481857299805,2152160,10605,38.292176246643066,"[10, 50, 6, 4, 50]"
Off,On,On,On,On,On,On,Off,On,Off,On,On,Off,Off,Off,Off,On,On,On,Off,0.0936279296875,1.5456607341766357,523192,34.111989974975586,2152160,10605,38.295124530792236,"[10, 50, 6, 4, 50]"
On,Off,Off,Off,On,On,On,On,On,On,Off,Off,On,Off,On,On,Off,On,Off,On,0.09760475158691406,1.4836575984954834,513896,34.20402717590332,2152160,10605,38.38032364845276,"[10, 50, 6, 4, 50]"
Off,Off,Off,Off,On,Off,On,Off,Off,Off,On,On,Off,Off,Off,On,Off,On,On,On,0.09932255744934082,1.502983570098877,513704,34.18561625480652,2152160,10605,38.39001798629761,"[10, 50, 6, 4, 50]"
On,On,On,On,Off,On,On,On,On,On,On,Off,Off,Off,On,On,On,On,Off,On,0.08524250984191895,1.5202324390411377,523384,34.123486280441284,2152160,10605,38.33380961418152,"[10, 50, 6, 4, 50]"
Off,On,Off,Off,On,On,On,Off,On,On,Off,On,Off,Off,On,On,On,On,On,On,0.09015893936157227,1.527695655822754,515000,34.06210255622864,2152160,10605,38.35696530342102,"[10, 50, 6, 4, 50]"
On,On,Off,Off,On,On,Off,On,On,Off,On,Off,On,Off,On,Off,Off,On,On,Off,0.0943601131439209,1.4967372417449951,513896,34.037846088409424,2152160,10605,38.26819849014282,"[10, 50, 6, 4, 50]"
Off,Off,On,On,On,On,On,On,On,Off,Off,On,Off,Off,On,Off,On,On,On,On,0.09310722351074219,1.6992597579956055,523384,34.13623595237732,2152160,10605,38.628681659698486,"[10, 50, 6, 4, 50]"
On,On,Off,Off,Off,On,Off,Off,On,On,Off,Off,Off,On,On,On,On,On,On,On,0.08805155754089355,1.5256471633911133,515000,34.39621043205261,2152160,10605,38.56022787094116,"[10, 50, 6, 4, 50]"
Off,On,Off,Off,On,On,Off,On,Off,Off,On,Off,Off,Off,Off,Off,On,On,Off,Off,0.10120558738708496,1.575467586517334,515192,34.134575843811035,2152160,10605,38.3969464302063,"[10, 50, 6, 4, 50]"
Off,On,Off,On,Off,Off,Off,Off,Off,On,On,On,Off,Off,Off,On,On,On,On,On,0.09507417678833008,1.499337911605835,523192,34.074512004852295,2152160,10605,38.28010630607605,"[10, 50, 6, 4, 50]"
Off,On,On,On,Off,On,On,Off,On,Off,On,On,Off,On,On,Off,Off,Off,On,On,0.08725166320800781,1.5107395648956299,521896,34.244035959243774,2152160,10605,38.43605709075928,"[10, 50, 6, 4, 50]"
On,On,Off,Off,On,On,On,On,On,On,Off,Off,Off,On,Off,Off,Off,On,On,On,0.09017229080200195,1.5535047054290771,513896,34.19295573234558,2152160,10605,38.52884769439697,"[10, 50, 6, 4, 50]"
On,On,Off,Off,Off,On,Off,On,On,On,On,Off,Off,Off,On,On,Off,On,Off,Off,0.09981560707092285,1.5340440273284912,513896,34.25287222862244,2152160,10605,38.424338817596436,"[10, 50, 6, 4, 50]"
On,Off,On,Off,On,On,Off,On,Off,On,On,Off,On,Off,On,On,Off,On,Off,Off,0.08986759185791016,1.5385890007019043,513896,34.161133766174316,2152160,10605,38.40607571601868,"[10, 50, 6, 4, 50]"
Off,On,On,On,On,On,Off,On,Off,On,On,Off,Off,Off,On,Off,Off,On,On,Off,0.08826470375061035,1.4853966236114502,522088,34.1596577167511,2152160,10605,38.385658979415894,"[10, 50, 6, 4, 50]"
On,On,Off,Off,Off,On,On,Off,On,Off,Off,Off,Off,Off,Off,On,Off,Off,Off,On,0.0950005054473877,1.5362675189971924,513704,34.1383957862854,2152160,10605,38.37774443626404,"[10, 50, 6, 4, 50]"
On,Off,On,Off,On,On,Off,On,On,Off,Off,Off,Off,Off,On,On,On,On,Off,On,0.09456038475036621,1.4936530590057373,515192,34.04607057571411,2152160,10605,38.20392417907715,"[10, 50, 6, 4, 50]"
Off,On,On,On,On,On,On,Off,On,Off,On,On,Off,On,On,On,Off,On,Off,On,0.09832549095153809,1.5633459091186523,521896,34.08568835258484,2152160,10605,38.33265471458435,"[10, 50, 6, 4, 50]"
Off,Off,On,Off,On,On,Off,On,Off,On,On,Off,Off,Off,Off,Off,Off,On,Off,On,0.09391450881958008,1.5138466358184814,513896,34.12466526031494,2152160,10605,38.316354274749756,"[10, 50, 6, 4, 50]"
Off,On,On,Off,Off,Off,On,Off,Off,Off,Off,On,Off,On,Off,Off,Off,Off,On,On,0.0993809700012207,1.4979956150054932,513704,34.07330131530762,2152160,10605,38.27424192428589,"[10, 50, 6, 4, 50]"
Off,Off,Off,On,On,On,Off,Off,Off,Off,On,On,Off,Off,On,Off,On,On,On,On,0.08578824996948242,1.5235185623168945,523192,34.11149501800537,2152160,10605,38.328975439071655,"[10, 50, 6, 4, 50]"
On,Off,Off,On,Off,On,On,On,Off,On,On,Off,Off,Off,Off,Off,Off,On,Off,On,0.09629511833190918,1.5379161834716797,522088,34.13109111785889,2152160,10605,38.37918758392334,"[10, 50, 6, 4, 50]"
Off,Off,Off,On,Off,Off,Off,Off,Off,Off,On,On,On,On,On,On,On,On,On,Off,0.09096813201904297,1.4713993072509766,523192,34.14973330497742,2152160,10605,38.33073282241821,"[10, 50, 6, 4, 50]"
Off,On,Off,On,Off,On,Off,Off,On,Off,Off,On,Off,Off,On,Off,On,On,On,On,0.09168028831481934,1.4903388023376465,523192,34.09891104698181,2152160,10605,38.29229021072388,"[10, 50, 6, 4, 50]"
Off,Off,On,On,Off,On,On,On,On,Off,Off,Off,On,On,On,On,On,On,Off,Off,0.08528304100036621,1.479360580444336,523384,34.091131925582886,2152160,10605,38.21976017951965,"[10, 50, 6, 4, 50]"
Off,On,Off,Off,Off,Off,On,Off,On,Off,On,On,Off,Off,Off,On,Off,On,On,Off,0.08963704109191895,1.4954969882965088,513704,34.03412628173828,2152160,10605,38.20350980758667,"[10, 50, 6, 4, 50]"
Off,On,On,On,On,On,On,Off,Off,Off,Off,On,Off,Off,On,Off,Off,On,On,Off,0.08045315742492676,1.5312883853912354,521896,34.115214586257935,2152160,10605,38.322484731674194,"[10, 50, 6, 4, 50]"
Off,On,On,On,On,On,On,Off,On,Off,Off,On,Off,On,On,Off,Off,Off,On,On,0.09719705581665039,1.5140116214752197,521896,34.13497257232666,2152160,10605,38.454712867736816,"[10, 50, 6, 4, 50]"
Off,On,Off,Off,Off,Off,Off,Off,Off,Off,Off,On,On,Off,Off,On,Off,On,Off,Off,0.09116601943969727,1.50616455078125,513704,34.64388871192932,2152160,10605,38.84200668334961,"[10, 50, 6, 4, 50]"
On,Off,On,On,On,On,On,Off,Off,Off,On,On,Off,On,On,Off,Off,On,Off,On,0.09009170532226562,1.5092852115631104,521896,34.106813192367554,2152160,10605,38.34501671791077,"[10, 50, 6, 4, 50]"
On,On,On,On,Off,Off,Off,Off,Off,Off,On,On,Off,On,Off,On,Off,On,On,On,0.0884084701538086,1.5633394718170166,521896,34.10965371131897,2152160,10605,38.35773754119873,"[10, 50, 6, 4, 50]"
Off,Off,On,On,Off,Off,On,Off,Off,Off,Off,Off,Off,On,Off,Off,Off,On,On,Off,0.10582733154296875,1.5216164588928223,521896,34.16316294670105,2152160,10605,38.31262254714966,"[10, 50, 6, 4, 50]"
On,On,Off,On,On,On,On,On,On,On,On,Off,On,Off,On,On,Off,On,Off,On,0.07621455192565918,1.5033173561096191,522088,34.16623520851135,2152160,10605,38.3367178440094,"[10, 50, 6, 4, 50]"
On,Off,Off,On,On,On,On,On,On,Off,Off,Off,On,Off,On,On,Off,On,Off,On,0.09111309051513672,1.5386559963226318,522088,34.14633011817932,2152160,10605,38.35366749763489,"[10, 50, 6, 4, 50]"
On,On,Off,On,On,On,Off,On,On,On,On,Off,Off,Off,On,Off,Off,On,Off,On,0.09109234809875488,1.5121214389801025,522088,34.088454484939575,2152160,10605,38.295737504959106,"[10, 50, 6, 4, 50]"
On,On,Off,On,On,Off,On,Off,On,Off,Off,Off,On,Off,On,On,Off,On,Off,On,0.08320927619934082,1.5193333625793457,521896,34.0700409412384,2152160,10605,38.22921371459961,"[10, 50, 6, 4, 50]"
Off,On,On,On,On,On,Off,Off,On,Off,Off,On,On,Off,On,Off,Off,On,On,On,0.10487079620361328,1.5314531326293945,521896,34.058154344558716,2152160,10605,38.24873089790344,"[10, 50, 6, 4, 50]"
On,On,Off,Off,On,On,Off,On,Off,On,Off,Off,Off,Off,On,On,On,On,Off,On,0.09444904327392578,1.4865787029266357,515192,34.15378499031067,2152160,10605,38.33608388900757,"[10, 50, 6, 4, 50]"
On,Off,Off,On,On,On,On,On,On,On,On,Off,On,Off,On,On,On,On,On,On,0.09285187721252441,1.513676643371582,523384,34.15395641326904,2152160,10605,38.31386113166809,"[10, 50, 6, 4, 50]"
On,Off,Off,On,On,On,On,On,On,On,On,Off,Off,Off,On,Off,Off,On,Off,On,0.08040356636047363,1.523082971572876,522088,34.1346652507782,2152160,10605,38.33692407608032,"[10, 50, 6, 4, 50]"
On,Off,Off,Off,On,On,Off,On,On,On,On,Off,Off,Off,On,On,On,On,Off,Off,0.09247303009033203,1.5389158725738525,515192,34.121835708618164,2152160,10605,38.30656552314758,"[10, 50, 6, 4, 50]"
On,On,Off,Off,Off,On,On,On,On,On,On,Off,On,On,Off,Off,On,On,Off,On,0.09428095817565918,1.520575761795044,515192,34.083155155181885,2152160,10605,38.308645725250244,"[10, 50, 6, 4, 50]"
On,On,On,On,On,On,On,On,On,Off,Off,Off,On,Off,On,On,Off,On,Off,On,0.08940267562866211,1.4743337631225586,522088,34.09656500816345,2152160,10605,38.242979526519775,"[10, 50, 6, 4, 50]"
On,On,Off,On,On,On,On,Off,On,Off,On,Off,Off,Off,On,On,On,On,Off,On,0.09753203392028809,1.5136489868164062,523192,34.054434061050415,2152160,10605,38.28196907043457,"[10, 50, 6, 4, 50]"
On,On,On,On,On,On,On,On,Off,On,On,Off,Off,Off,On,On,Off,On,Off,On,0.0889885425567627,1.5475897789001465,522088,34.1014609336853,2152160,10605,38.299614906311035,"[10, 50, 6, 4, 50]"
Off,On,Off,Off,On,On,Off,Off,On,Off,Off,Off,Off,Off,On,On,On,On,Off,On,0.09858989715576172,1.4996850490570068,515000,34.053081035614014,2152160,10605,38.17875099182129,"[10, 50, 6, 4, 50]"
Off,On,On,Off,On,On,Off,On,On,On,Off,Off,On,Off,Off,Off,Off,On,Off,On,0.0999305248260498,1.5074317455291748,513896,34.050596952438354,2152160,10605,38.33438849449158,"[10, 50, 6, 4, 50]"
On,Off,On,On,On,On,On,Off,On,Off,Off,On,Off,On,On,On,Off,On,On,On,0.09384965896606445,1.5534346103668213,521896,34.15070033073425,2152160,10605,38.37068057060242,"[10, 50, 6, 4, 50]"
Off,On,Off,On,Off,On,On,Off,On,Off,Off,On,Off,Off,On,On,On,On,On,On,0.10126399993896484,1.5407183170318604,523192,34.13409876823425,2152160,10605,38.38120651245117,"[10, 50, 6, 4, 50]"
Off,On,Off,Off,On,On,Off,On,On,On,On,Off,Off,Off,On,Off,Off,On,Off,On,0.08358454704284668,1.511457920074463,513896,34.48647689819336,2152160,10605,38.70871353149414,"[10, 50, 6, 4, 50]"
On,On,On,Off,On,On,Off,On,On,On,On,Off,On,Off,On,On,Off,On,Off,On,0.08462667465209961,1.511333703994751,513896,34.08814311027527,2152160,10605,38.300511598587036,"[10, 50, 6, 4, 50]"
Off,On,On,On,On,On,On,On,On,On,On,Off,On,Off,On,Off,On,On,Off,Off,0.09958386421203613,1.4952154159545898,523384,34.033777713775635,2152160,10605,38.17679405212402,"[10, 50, 6, 4, 50]"
On,On,On,On,On,On,On,Off,On,On,Off,On,Off,Off,On,Off,Off,On,On,On,0.08773994445800781,1.5680732727050781,521896,34.117295026779175,2152160,10605,38.36241436004639,"[10, 50, 6, 4, 50]"
On,Off,On,On,On,On,On,Off,On,Off,On,On,Off,Off,On,On,On,On,On,On,0.09355330467224121,1.523651123046875,523192,34.10561156272888,2152160,10605,38.336220026016235,"[10, 50, 6, 4, 50]"
Off,On,On,Off,On,On,Off,On,On,On,On,Off,On,On,On,Off,On,On,Off,On,0.09754252433776855,1.5751631259918213,515192,34.13654851913452,2152160,10605,38.38251328468323,"[10, 50, 6, 4, 50]"
On,Off,On,Off,On,On,On,On,On,Off,On,Off,Off,Off,Off,Off,Off,On,Off,On,0.08489394187927246,1.5557451248168945,513896,34.12147092819214,2152160,10605,38.390291929244995,"[10, 50, 6, 4, 50]"
On,On,On,On,On,On,On,On,On,On,On,Off,On,Off,On,On,On,On,On,Off,0.09434771537780762,1.505270004272461,523384,34.097668409347534,2152160,10605,38.330782890319824,"[10, 50, 6, 4, 50]"
Off,On,On,On,On,On,On,Off,On,Off,On,On,Off,Off,On,Off,On,On,On,Off,0.10114526748657227,1.5175673961639404,523192,34.11147928237915,2152160,10605,38.27997660636902,"[10, 50, 6, 4, 50]"
Off,Off,Off,Off,On,On,On,Off,Off,Off,Off,On,Off,Off,Off,Off,On,On,On,Off,0.10212564468383789,1.4976625442504883,515000,34.09289836883545,2152160,10605,38.33387899398804,"[10, 50, 6, 4, 50]"
On,Off,On,Off,On,On,Off,On,On,On,Off,Off,Off,Off,On,On,On,On,Off,On,0.09947729110717773,1.5215516090393066,515192,34.11447238922119,2152160,10605,38.38458776473999,"[10, 50, 6, 4, 50]"
Off,On,Off,On,On,On,On,On,On,Off,On,Off,On,Off,Off,On,Off,On,Off,On,0.09303426742553711,1.5211806297302246,522088,34.07491874694824,2152160,10605,38.259299516677856,"[10, 50, 6, 4, 50]"
On,Off,Off,Off,On,On,On,On,On,On,On,Off,Off,Off,On,Off,Off,Off,Off,On,0.09874510765075684,1.564267635345459,513896,34.61273694038391,2152160,10605,38.862940549850464,"[10, 50, 6, 4, 50]"
Off,On,On,On,On,On,On,Off,Off,On,On,On,Off,Off,On,On,On,On,On,On,0.09930849075317383,1.4999797344207764,523192,34.142916202545166,2152160,10605,38.3617308139801,"[10, 50, 6, 4, 50]"
On,On,Off,Off,On,On,On,On,On,On,On,Off,Off,Off,On,On,Off,On,Off,On,0.09601974487304688,1.5249736309051514,513896,34.11026859283447,2152160,10605,38.30638551712036,"[10, 50, 6, 4, 50]"
Off,On,Off,On,On,On,On,Off,On,On,On,On,Off,Off,On,Off,On,Off,Off,On,0.08896756172180176,1.549269199371338,523192,34.09554839134216,2152160,10605,38.282416343688965,"[10, 50, 6, 4, 50]"
On,Off,Off,Off,On,Off,Off,On,On,On,On,Off,On,Off,On,Off,On,Off,Off,On,0.08742928504943848,1.5276625156402588,515192,34.07860231399536,2152160,10605,38.31794357299805,"[10, 50, 6, 4, 50]"
Off,On,On,On,On,On,On,Off,On,Off,Off,On,Off,Off,On,On,Off,Off,Off,On,0.08679795265197754,1.5394294261932373,521896,34.05895233154297,2152160,10605,38.2696795463562,"[10, 50, 6, 4, 50]"
On,On,Off,On,On,On,Off,On,On,Off,On,Off,Off,Off,Off,Off,Off,On,On,On,0.09245729446411133,1.498525619506836,522088,34.07051181793213,2152160,10605,38.2059211730957,"[10, 50, 6, 4, 50]"
On,On,Off,On,On,On,On,On,On,On,On,Off,Off,Off,On,On,Off,On,Off,On,0.0948934555053711,1.4944229125976562,522088,34.151793003082275,2152160,10605,38.29411768913269,"[10, 50, 6, 4, 50]"
Off,On,Off,On,On,On,Off,On,On,On,On,Off,Off,Off,On,On,On,On,Off,On,0.09964704513549805,1.474470615386963,523384,34.10318088531494,2152160,10605,38.37185597419739,"[10, 50, 6, 4, 50]"
On,Off,Off,On,On,On,On,On,On,Off,On,Off,Off,Off,On,On,Off,On,Off,On,0.1016695499420166,1.5271797180175781,522088,34.07171583175659,2152160,10605,38.28544235229492,"[10, 50, 6, 4, 50]"
Off,On,Off,Off,On,On,On,Off,Off,Off,Off,On,Off,Off,On,Off,On,On,On,On,0.08966493606567383,1.4907276630401611,515000,34.046306133270264,2152160,10605,38.22438097000122,"[10, 50, 6, 4, 50]"
On,On,Off,On,Off,On,On,On,On,Off,Off,Off,On,On,On,On,Off,On,On,On,0.08172845840454102,1.5309844017028809,522088,34.08349919319153,2152160,10605,38.263726472854614,"[10, 50, 6, 4, 50]"
On,On,Off,On,Off,Off,Off,On,Off,Off,On,On,On,Off,On,On,Off,On,On,On,0.09575128555297852,1.5113084316253662,522088,34.076239824295044,2152160,10605,38.348268032073975,"[10, 50, 6, 4, 50]"
Off,On,On,Off,On,On,On,Off,Off,Off,On,On,Off,On,On,Off,Off,On,On,On,0.09938168525695801,1.5277690887451172,513704,34.12966775894165,2152160,10605,38.40246391296387,"[10, 50, 6, 4, 50]"
Off,Off,On,On,On,On,Off,Off,On,Off,On,On,Off,Off,On,Off,Off,On,On,On,0.10542726516723633,1.549236536026001,521896,34.13364863395691,2152160,10605,38.360127210617065,"[10, 50, 6, 4, 50]"
On,On,Off,Off,On,On,Off,On,On,On,Off,Off,On,Off,On,On,On,On,On,On,0.10321521759033203,1.5280299186706543,515192,34.03885507583618,2152160,10605,38.215460777282715,"[10, 50, 6, 4, 50]"
Off,Off,On,On,On,On,On,Off,On,Off,Off,On,Off,Off,On,Off,Off,Off,On,On,0.10028576850891113,1.4952571392059326,521896,34.06605672836304,2152160,10605,38.30483436584473,"[10, 50, 6, 4, 50]"
Off,Off,On,On,On,On,On,On,On,On,On,Off,On,Off,On,On,Off,On,Off,On,0.08501219749450684,1.5350613594055176,522088,34.08223295211792,2152160,10605,38.31549692153931,"[10, 50, 6, 4, 50]"
On,On,Off,On,Off,On,On,On,Off,Off,On,Off,On,On,On,On,Off,On,On,On,0.09225153923034668,1.5748934745788574,522088,34.05971050262451,2152160,10605,38.32338547706604,"[10, 50, 6, 4, 50]"
On,Off,On,Off,On,On,Off,On,On,Off,On,Off,Off,Off,On,On,On,On,Off,On,0.09320259094238281,1.4975907802581787,515192,34.19200587272644,2152160,10605,38.33416938781738,"[10, 50, 6, 4, 50]"
On,Off,On,On,Off,Off,Off,On,On,On,On,On,Off,Off,On,On,Off,On,Off,On,0.09265899658203125,1.549058437347412,522088,34.05265235900879,2152160,10605,38.329349517822266,"[10, 50, 6, 4, 50]"
On,On,Off,On,On,On,Off,Off,On,On,On,Off,Off,On,On,On,Off,On,Off,On,0.07312226295471191,1.5476951599121094,521896,34.11761116981506,2152160,10605,38.396647691726685,"[10, 50, 6, 4, 50]"
On,Off,Off,Off,Off,On,On,Off,Off,On,On,Off,On,On,On,On,On,Off,Off,On,0.09162592887878418,1.4933202266693115,515000,34.08794713020325,2152160,10605,38.18897581100464,"[10, 50, 6, 4, 50]"
On,On,Off,On,On,On,On,On,On,On,On,Off,On,Off,On,Off,Off,On,Off,On,0.0826253890991211,1.5343565940856934,522088,34.04689168930054,2152160,10605,38.20316219329834,"[10, 50, 6, 4, 50]"
On,On,Off,Off,On,On,On,Off,On,Off,Off,Off,On,On,Off,On,On,On,On,On,0.11241602897644043,1.5199074745178223,515000,34.046128273010254,2152160,10605,38.242032527923584,"[10, 50, 6, 4, 50]"
On,On,Off,On,On,Off,Off,Off,On,Off,Off,Off,Off,Off,On,On,Off,On,Off,On,0.09426355361938477,1.4793152809143066,521896,34.10423946380615,2152160,10605,38.34909009933472,"[10, 50, 6, 4, 50]"
On,On,Off,Off,Off,On,On,Off,On,On,On,Off,Off,On,On,Off,Off,On,On,On,0.09255838394165039,1.5257680416107178,513704,34.08625817298889,2152160,10605,38.2325325012207,"[10, 50, 6, 4, 50]"
On,On,Off,On,On,On,Off,Off,Off,On,On,Off,Off,On,On,On,Off,Off,Off,On,0.08641886711120605,1.4679605960845947,521896,34.11733055114746,2152160,10605,38.303603410720825,"[10, 50, 6, 4, 50]"
On,Off,Off,Off,On,On,Off,On,On,On,Off,Off,On,Off,On,On,Off,On,Off,On,0.08962845802307129,1.520054817199707,513896,34.05429697036743,2152160,10605,38.293747425079346,"[10, 50, 6, 4, 50]"
On,On,Off,On,On,On,Off,Off,On,On,Off,Off,Off,On,On,On,Off,On,Off,On,0.08704447746276855,1.5568981170654297,521896,34.059609174728394,2152160,10605,38.28094935417175,"[10, 50, 6, 4, 50]"
On,On,Off,On,On,On,On,Off,On,Off,On,On,Off,Off,On,Off,On,On,On,On,0.0902547836303711,1.5186259746551514,523192,34.0666983127594,2152160,10605,38.26942300796509,"[10, 50, 6, 4, 50]"
On,Off,Off,On,On,On,Off,Off,On,On,On,Off,Off,On,On,On,On,On,Off,On,0.09730958938598633,1.5217862129211426,523192,34.120503664016724,2152160,10605,38.3191397190094,"[10, 50, 6, 4, 50]"
On,On,On,Off,On,On,Off,Off,On,On,On,Off,Off,On,On,On,Off,On,Off,On,0.07504487037658691,1.533060073852539,513704,34.09568405151367,2152160,10605,38.28967809677124,"[10, 50, 6, 4, 50]"
Off,On,On,On,On,On,On,On,On,On,On,Off,On,Off,On,On,Off,On,Off,On,0.08488869667053223,1.51835036277771,522088,34.0942177772522,2152160,10605,38.293829917907715,"[10, 50, 6, 4, 50]"
On,On,On,On,On,On,Off,Off,On,On,On,Off,Off,On,On,On,Off,On,On,On,0.09167695045471191,1.556098222732544,521896,34.11112642288208,2152160,10605,38.36364507675171,"[10, 50, 6, 4, 50]"
Off,On,Off,On,On,On,On,On,On,Off,On,On,Off,Off,On,Off,Off,On,On,On,0.10229659080505371,1.521554946899414,522088,34.07465600967407,2152160,10605,38.40828895568848,"[10, 50, 6, 4, 50]"
Off,Off,On,On,On,On,On,Off,On,Off,On,On,Off,Off,On,On,Off,On,On,On,0.09186363220214844,1.5287725925445557,521896,34.04796099662781,2152160,10605,38.31266188621521,"[10, 50, 6, 4, 50]"
Off,On,On,On,On,On,On,Off,On,On,On,On,On,Off,On,Off,On,On,On,On,0.10334324836730957,1.4909162521362305,523192,34.3246910572052,2152160,10605,38.46394491195679,"[10, 50, 6, 4, 50]"
On,On,On,Off,Off,Off,On,On,Off,On,On,Off,Off,Off,Off,Off,Off,On,Off,On,0.09965014457702637,1.5359737873077393,513896,34.05752515792847,2152160,10605,38.219775676727295,"[10, 50, 6, 4, 50]"
On,On,On,On,On,On,Off,Off,On,On,On,Off,Off,Off,On,On,Off,Off,Off,On,0.08899044990539551,1.5423414707183838,521896,34.11844062805176,2152160,10605,38.28596234321594,"[10, 50, 6, 4, 50]"
Off,On,Off,On,On,On,On,On,On,On,Off,Off,On,Off,On,On,On,On,On,On,0.09242701530456543,1.4994847774505615,523384,34.04256272315979,2152160,10605,38.27890872955322,"[10, 50, 6, 4, 50]"
On,On,Off,On,On,On,On,On,Off,On,On,Off,On,Off,On,On,Off,On,Off,On,0.10000991821289062,1.5531635284423828,522088,34.093281269073486,2152160,10605,38.3242290019989,"[10, 50, 6, 4, 50]"
On,On,Off,Off,On,On,Off,Off,On,On,On,Off,On,Off,On,On,Off,On,Off,On,0.07599425315856934,1.591193675994873,513704,34.12679123878479,2152160,10605,38.470927000045776,"[10, 50, 6, 4, 50]"
Off,On,Off,Off,On,On,Off,Off,On,On,Off,Off,On,Off,On,Off,On,On,Off,On,0.10033321380615234,1.4665393829345703,515000,34.06583118438721,2152160,10605,38.232091188430786,"[10, 50, 6, 4, 50]"
On,On,On,Off,On,On,Off,On,On,On,On,Off,Off,On,On,On,On,On,Off,On,0.09598827362060547,1.5084362030029297,515192,34.13649892807007,2152160,10605,38.33363366127014,"[10, 50, 6, 4, 50]"
On,On,On,Off,On,On,Off,Off,On,On,On,Off,On,Off,On,On,Off,On,Off,On,0.08870649337768555,1.5232765674591064,513704,34.073429584503174,2152160,10605,38.32811236381531,"[10, 50, 6, 4, 50]"
Off,On,Off,On,On,On,Off,Off,On,On,On,Off,Off,Off,On,On,Off,On,Off,On,0.09564423561096191,1.5156688690185547,521896,34.07382798194885,2152160,10605,38.2779061794281,"[10, 50, 6, 4, 50]"
On,On,Off,Off,On,Off,Off,On,On,On,On,Off,On,Off,On,Off,Off,On,Off,On,0.08917927742004395,1.5385749340057373,513896,34.10948586463928,2152160,10605,38.337157249450684,"[10, 50, 6, 4, 50]"
On,On,Off,On,On,On,Off,Off,On,On,On,Off,Off,Off,Off,On,Off,On,Off,On,0.1022803783416748,1.5413784980773926,521896,34.07091236114502,2152160,10605,38.3459370136261,"[10, 50, 6, 4, 50]"
On,On,Off,Off,On,On,Off,On,On,On,On,Off,Off,Off,On,Off,On,Off,Off,On,0.09292149543762207,1.5384104251861572,515192,34.20875573158264,2152160,10605,38.41966938972473,"[10, 50, 6, 4, 50]"
On,On,On,On,On,On,On,Off,On,Off,Off,On,On,Off,Off,Off,On,On,On,On,0.09858822822570801,1.5672736167907715,523192,34.16808724403381,2152160,10605,38.412434101104736,"[10, 50, 6, 4, 50]"
Off,Off,Off,Off,On,On,On,Off,On,Off,Off,On,Off,Off,On,Off,On,On,On,On,0.10014200210571289,1.5166668891906738,515000,34.140848875045776,2152160,10605,38.381547927856445,"[10, 50, 6, 4, 50]"
On,Off,Off,Off,On,On,Off,Off,On,On,On,Off,Off,On,On,On,Off,On,Off,On,0.08950924873352051,1.5044994354248047,513704,34.132776975631714,2152160,10605,38.29743194580078,"[10, 50, 6, 4, 50]"
Off,On,On,Off,On,On,On,Off,On,Off,Off,On,Off,On,On,On,Off,On,On,On,0.09330487251281738,1.5080316066741943,513704,34.123024702072144,2152160,10605,38.279993295669556,"[10, 50, 6, 4, 50]"
Off,On,Off,Off,On,On,Off,Off,On,On,On,Off,On,Off,On,On,Off,On,On,Off,0.09818387031555176,1.5112364292144775,513704,34.1051607131958,2152160,10605,38.26515483856201,"[10, 50, 6, 4, 50]"
On,On,On,Off,On,Off,Off,Off,On,On,Off,Off,Off,On,On,Off,Off,On,Off,On,0.08954739570617676,1.5003418922424316,513704,34.136449575424194,2152160,10605,38.35533547401428,"[10, 50, 6, 4, 50]"
On,On,On,On,Off,Off,On,On,Off,On,Off,Off,On,On,Off,Off,On,On,Off,On,0.0947108268737793,1.513570785522461,523384,34.050029039382935,2152160,10605,38.19591426849365,"[10, 50, 6, 4, 50]"
Off,Off,On,Off,Off,Off,On,Off,On,On,On,Off,Off,Off,On,Off,Off,Off,Off,Off,0.09350395202636719,1.5167765617370605,513704,34.08112907409668,2152160,10605,38.22140955924988,"[10, 50, 6, 4, 50]"
On,On,Off,On,On,On,On,On,On,On,On,Off,On,On,On,Off,Off,On,Off,On,0.0910804271697998,1.501831293106079,522088,34.04457378387451,2152160,10605,38.16258692741394,"[10, 50, 6, 4, 50]"
On,On,Off,On,On,On,Off,Off,On,On,On,Off,Off,Off,On,On,Off,On,Off,On,0.10039377212524414,1.5090339183807373,521896,34.13430452346802,2152160,10605,38.357269048690796,"[10, 50, 6, 4, 50]"
On,On,On,On,Off,On,On,On,On,Off,On,Off,Off,On,On,On,Off,On,On,On,0.09018540382385254,1.4944965839385986,522088,34.11833739280701,2152160,10605,38.21930146217346,"[10, 50, 6, 4, 50]"
On,On,On,On,On,On,Off,Off,On,Off,On,Off,Off,On,Off,On,Off,On,Off,On,0.09163856506347656,1.491680383682251,521896,34.11458349227905,2152160,10605,38.293691873550415,"[10, 50, 6, 4, 50]"
On,On,On,On,On,On,On,Off,On,Off,On,On,Off,Off,Off,Off,On,On,On,On,0.08393120765686035,1.5065486431121826,523192,34.048083782196045,2152160,10605,38.24225831031799,"[10, 50, 6, 4, 50]"
Off,On,On,On,On,On,On,On,On,On,Off,Off,On,Off,On,On,On,On,Off,On,0.10559606552124023,1.5567033290863037,523384,34.11555337905884,2152160,10605,38.30650520324707,"[10, 50, 6, 4, 50]"
Off,On,On,On,On,On,On,Off,Off,On,Off,On,Off,Off,On,Off,Off,On,On,Off,0.09345698356628418,1.521890640258789,521896,34.13639545440674,2152160,10605,38.33329486846924,"[10, 50, 6, 4, 50]"
Off,On,Off,On,Off,On,On,Off,Off,On,On,On,Off,Off,Off,On,Off,Off,On,Off,0.10831522941589355,1.513155221939087,521896,34.16413497924805,2152160,10605,38.405900716781616,"[10, 50, 6, 4, 50]"
On,On,Off,On,On,On,Off,Off,On,On,On,Off,Off,On,Off,On,Off,On,Off,On,0.08497381210327148,1.5019185543060303,521896,34.06406259536743,2152160,10605,38.241333961486816,"[10, 50, 6, 4, 50]"
On,On,Off,On,Off,Off,On,Off,On,Off,Off,On,Off,Off,Off,On,On,On,Off,Off,0.09677958488464355,1.5558984279632568,523192,34.11022067070007,2152160,10605,38.363197565078735,"[10, 50, 6, 4, 50]"
On,Off,Off,Off,On,On,Off,Off,On,On,Off,Off,On,Off,Off,On,Off,On,Off,On,0.08947491645812988,1.563373327255249,513704,34.126657485961914,2152160,10605,38.40533685684204,"[10, 50, 6, 4, 50]"
On,Off,Off,On,On,On,On,Off,On,Off,Off,Off,Off,On,Off,On,Off,On,Off,On,0.0897524356842041,1.512078046798706,521896,34.116727352142334,2152160,10605,38.3018913269043,"[10, 50, 6, 4, 50]"
On,On,Off,Off,On,Off,Off,Off,On,On,On,Off,On,Off,Off,On,Off,On,Off,On,0.09195923805236816,1.5404484272003174,513704,34.053733825683594,2152160,10605,38.306819915771484,"[10, 50, 6, 4, 50]"
On,On,Off,Off,On,On,On,On,Off,On,On,Off,On,On,On,Off,On,On,On,Off,0.10538578033447266,1.5378131866455078,515192,34.1915819644928,2152160,10605,38.43507671356201,"[10, 50, 6, 4, 50]"
Off,On,On,Off,On,On,Off,Off,On,Off,On,Off,Off,On,On,On,Off,On,Off,On,0.08995699882507324,1.4960074424743652,513704,34.07908296585083,2152160,10605,38.2636935710907,"[10, 50, 6, 4, 50]"
Off,On,On,On,On,On,On,Off,Off,Off,Off,On,Off,Off,Off,Off,On,On,On,Off,0.11010599136352539,1.5076878070831299,523192,34.084214210510254,2152160,10605,38.31604242324829,"[10, 50, 6, 4, 50]"
Off,Off,Off,On,On,On,Off,Off,On,On,On,Off,On,On,On,On,Off,On,Off,On,0.08640885353088379,1.507634162902832,521896,34.24844670295715,2152160,10605,38.433494329452515,"[10, 50, 6, 4, 50]"
Off,On,Off,On,On,On,On,Off,On,Off,Off,On,Off,Off,On,Off,On,On,On,On,0.09409475326538086,1.5375399589538574,523192,34.12611436843872,2152160,10605,38.32625150680542,"[10, 50, 6, 4, 50]"
On,Off,Off,Off,Off,Off,Off,Off,Off,On,Off,On,Off,Off,On,On,Off,On,On,On,0.08946466445922852,1.4598255157470703,513704,34.058926582336426,2152160,10605,38.30112314224243,"[10, 50, 6, 4, 50]"
Off,On,On,On,Off,Off,Off,Off,Off,Off,On,On,Off,Off,Off,On,Off,On,On,On,0.09268999099731445,1.546436071395874,521896,34.0429105758667,2152160,10605,38.36522459983826,"[10, 50, 6, 4, 50]"
Off,Off,Off,On,On,On,On,On,On,On,On,Off,On,Off,On,On,Off,On,Off,On,0.10260343551635742,1.5031335353851318,522088,34.193384408950806,2152160,10605,38.370606899261475,"[10, 50, 6, 4, 50]"
Off,Off,Off,On,On,Off,Off,Off,On,Off,On,Off,Off,Off,On,Off,Off,Off,On,On,0.0901179313659668,1.5482089519500732,521896,34.09781813621521,2152160,10605,38.3375301361084,"[10, 50, 6, 4, 50]"
On,On,Off,On,On,Off,On,Off,On,On,Off,Off,On,Off,On,On,Off,On,Off,On,0.09686970710754395,1.513838529586792,521896,34.448678493499756,2152160,10605,38.63354015350342,"[10, 50, 6, 4, 50]"
On,Off,On,On,Off,Off,Off,On,Off,On,Off,On,On,On,Off,On,On,On,Off,On,0.1020815372467041,1.4897005558013916,523384,34.07127785682678,2152160,10605,38.331005573272705,"[10, 50, 6, 4, 50]"
Off,Off,Off,On,Off,Off,Off,On,On,On,Off,Off,Off,Off,Off,Off,Off,On,Off,On,0.09162497520446777,1.466846227645874,522088,34.15345048904419,2152160,10605,38.35573363304138,"[10, 50, 6, 4, 50]"
Off,On,Off,Off,Off,Off,Off,Off,Off,On,Off,On,Off,On,On,On,Off,On,On,On,0.09885573387145996,1.5346565246582031,513704,34.03351545333862,2152160,10605,38.25116229057312,"[10, 50, 6, 4, 50]"
On,On,On,On,On,On,Off,Off,On,On,On,Off,Off,On,Off,Off,Off,On,Off,On,0.09669828414916992,1.5353357791900635,521896,34.143627405166626,2152160,10605,38.40625882148743,"[10, 50, 6, 4, 50]"
On,Off,Off,On,On,On,On,Off,Off,On,On,Off,On,Off,Off,On,Off,Off,Off,On,0.08121037483215332,1.504098653793335,521896,34.04916763305664,2152160,10605,38.26604080200195,"[10, 50, 6, 4, 50]"
Off,On,Off,On,Off,Off,Off,On,Off,Off,Off,On,Off,On,Off,Off,On,Off,On,Off,0.08315610885620117,1.4792778491973877,523384,34.08837938308716,2152160,10605,38.23962616920471,"[10, 50, 6, 4, 50]"
Off,On,Off,Off,On,On,Off,Off,On,On,Off,Off,Off,Off,On,Off,On,On,Off,On,0.08731532096862793,1.52042555809021,515000,34.126168966293335,2152160,10605,38.34799599647522,"[10, 50, 6, 4, 50]"
On,Off,Off,Off,Off,On,On,On,On,Off,Off,On,On,Off,On,On,Off,Off,On,On,0.10102629661560059,1.5002562999725342,513896,34.13218379020691,2152160,10605,38.31808805465698,"[10, 50, 6, 4, 50]"
Off,On,Off,On,Off,Off,On,On,On,On,Off,Off,On,On,Off,Off,Off,Off,Off,On,0.09938716888427734,1.5233380794525146,522088,34.04392719268799,2152160,10605,38.26024603843689,"[10, 50, 6, 4, 50]"
On,On,Off,Off,On,On,On,On,On,On,On,Off,Off,On,On,On,Off,On,Off,On,0.08431100845336914,1.5378358364105225,513896,34.08433723449707,2152160,10605,38.25782895088196,"[10, 50, 6, 4, 50]"
Off,On,Off,Off,Off,Off,On,On,On,Off,Off,Off,Off,On,Off,Off,Off,Off,On,Off,0.08686065673828125,1.4937989711761475,513896,34.12085556983948,2152160,10605,38.379762172698975,"[10, 50, 6, 4, 50]"
On,On,Off,Off,Off,Off,Off,Off,Off,Off,Off,On,Off,Off,On,On,On,On,On,Off,0.0950775146484375,1.5365324020385742,515000,34.03810143470764,2152160,10605,38.36173868179321,"[10, 50, 6, 4, 50]"
Off,Off,Off,Off,Off,On,Off,Off,Off,Off,Off,On,On,Off,Off,Off,On,On,On,Off,0.07956671714782715,1.4902703762054443,515000,34.14082670211792,2152160,10605,38.271604776382446,"[10, 50, 6, 4, 50]"
On,Off,On,Off,Off,On,On,Off,Off,Off,Off,On,Off,On,Off,On,On,On,On,Off,0.0963289737701416,1.5212018489837646,515000,34.08443546295166,2152160,10605,38.33342671394348,"[10, 50, 6, 4, 50]"
Off,On,On,Off,On,On,On,On,On,Off,Off,On,Off,Off,On,Off,On,On,On,On,0.08433079719543457,1.5139250755310059,515192,34.16624426841736,2152160,10605,38.273367404937744,"[10, 50, 6, 4, 50]"
On,On,Off,On,On,On,On,Off,On,On,On,Off,Off,On,On,On,Off,On,Off,On,0.1029047966003418,1.5679047107696533,521896,34.10197162628174,2152160,10605,38.31839466094971,"[10, 50, 6, 4, 50]"
On,On,On,On,On,On,Off,On,On,Off,On,Off,On,Off,On,On,Off,On,Off,On,0.09000825881958008,1.570500135421753,522088,34.03045439720154,2152160,10605,38.23707938194275,"[10, 50, 6, 4, 50]"
On,On,On,On,On,On,On,On,On,Off,On,On,Off,Off,Off,On,Off,On,On,On,0.08761119842529297,1.4748101234436035,522088,34.11282205581665,2152160,10605,38.25692415237427,"[10, 50, 6, 4, 50]"
On,Off,On,Off,On,On,On,Off,Off,Off,Off,Off,On,Off,On,Off,On,Off,Off,On,0.0892632007598877,1.4965600967407227,515000,34.08781909942627,2152160,10605,38.26548457145691,"[10, 50, 6, 4, 50]"
On,On,Off,Off,On,On,Off,On,On,Off,On,Off,Off,Off,Off,On,On,On,Off,On,0.10783743858337402,1.484910488128662,515192,34.078988552093506,2152160,10605,38.28199791908264,"[10, 50, 6, 4, 50]"
Off,On,Off,On,Off,On,Off,On,On,On,On,On,On,Off,Off,Off,Off,Off,Off,Off,0.09214258193969727,1.5047595500946045,522088,34.10066080093384,2152160,10605,38.274134397506714,"[10, 50, 6, 4, 50]"
Off,On,Off,Off,Off,On,Off,Off,Off,Off,Off,On,Off,Off,On,On,Off,On,On,On,0.09752655029296875,1.5004394054412842,513704,34.10315799713135,2152160,10605,38.2801468372345,"[10, 50, 6, 4, 50]"
Off,On,Off,Off,Off,On,Off,Off,Off,Off,On,On,On,On,On,On,Off,Off,Off,On,0.0930943489074707,1.523667573928833,513704,34.10711693763733,2152160,10605,38.30735206604004,"[10, 50, 6, 4, 50]"
On,On,Off,On,Off,Off,Off,On,On,Off,Off,Off,On,On,Off,Off,Off,On,Off,On,0.09002447128295898,1.561628818511963,522088,34.048325538635254,2152160,10605,38.3085196018219,"[10, 50, 6, 4, 50]"
On,Off,On,On,Off,On,On,Off,Off,Off,Off,On,On,On,Off,On,Off,Off,Off,Off,0.09087300300598145,1.5140891075134277,521896,34.120261669158936,2152160,10605,38.375202655792236,"[10, 50, 6, 4, 50]"
Off,On,On,On,On,Off,On,Off,Off,Off,On,Off,On,On,On,On,Off,Off,Off,On,0.09649300575256348,1.5709023475646973,521896,34.15081715583801,2152160,10605,38.53340983390808,"[10, 50, 6, 4, 50]"
Off,On,On,Off,On,On,Off,On,Off,Off,Off,Off,Off,On,On,On,Off,Off,On,On,0.09697651863098145,1.5231952667236328,513896,34.17860412597656,2152160,10605,38.41686415672302,"[10, 50, 6, 4, 50]"
Off,Off,Off,Off,Off,Off,On,On,Off,Off,Off,Off,Off,Off,On,On,On,On,On,Off,0.1006307601928711,1.5268611907958984,515192,34.08977270126343,2152160,10605,38.31451487541199,"[10, 50, 6, 4, 50]"
Off,On,Off,Off,On,On,Off,Off,On,On,Off,Off,On,Off,On,On,Off,On,On,On,0.09957456588745117,1.5287997722625732,513704,34.14097356796265,2152160,10605,38.41774296760559,"[10, 50, 6, 4, 50]"
On,On,Off,Off,On,On,Off,On,On,On,Off,Off,Off,Off,On,On,On,On,Off,On,0.10655689239501953,1.4685564041137695,515192,34.10867714881897,2152160,10605,38.316730976104736,"[10, 50, 6, 4, 50]"
On,On,Off,Off,Off,On,Off,Off,Off,Off,On,Off,Off,On,On,Off,On,Off,Off,On,0.09160232543945312,1.5460460186004639,515000,34.094303369522095,2152160,10605,38.31773567199707,"[10, 50, 6, 4, 50]"
On,Off,Off,On,On,On,On,On,Off,On,On,Off,On,Off,Off,On,Off,On,On,Off,0.07977414131164551,1.4782416820526123,522088,34.1632821559906,2152160,10605,38.22704863548279,"[10, 50, 6, 4, 50]"
On,Off,Off,On,On,On,Off,Off,Off,Off,Off,Off,Off,Off,On,On,Off,Off,On,On,0.09146475791931152,1.538567066192627,521896,34.1039514541626,2152160,10605,38.275866985321045,"[10, 50, 6, 4, 50]"
Off,On,Off,Off,Off,Off,Off,Off,Off,Off,On,On,On,Off,On,On,On,On,On,Off,0.08510422706604004,1.5128345489501953,515000,34.08693838119507,2152160,10605,38.2191379070282,"[10, 50, 6, 4, 50]"
Off,On,Off,Off,Off,Off,On,On,On,On,Off,Off,On,Off,On,On,Off,On,On,Off,0.09799814224243164,1.4962749481201172,513896,34.08846855163574,2152160,10605,38.261621713638306,"[10, 50, 6, 4, 50]"
On,Off,On,On,Off,On,On,Off,On,Off,Off,Off,On,Off,On,On,Off,On,Off,On,0.08399653434753418,1.4961943626403809,521896,34.11526870727539,2152160,10605,38.27004432678223,"[10, 50, 6, 4, 50]"
Off,Off,On,On,Off,On,On,Off,On,Off,On,On,Off,On,Off,Off,Off,Off,On,On,0.08307886123657227,1.5309593677520752,521896,34.044090270996094,2152160,10605,38.324578285217285,"[10, 50, 6, 4, 50]"
Off,On,On,Off,Off,Off,Off,Off,On,On,On,On,On,On,Off,On,Off,Off,Off,Off,0.09990262985229492,1.545823097229004,513704,34.121737480163574,2152160,10605,38.40354943275452,"[10, 50, 6, 4, 50]"
On,On,On,Off,On,On,Off,On,On,On,On,Off,Off,On,On,On,Off,On,Off,On,0.10178732872009277,1.5417795181274414,513896,34.09777235984802,2152160,10605,38.382482051849365,"[10, 50, 6, 4, 50]"
Off,Off,Off,On,Off,On,Off,On,On,Off,On,On,Off,Off,On,Off,On,Off,Off,On,0.08751058578491211,1.4967119693756104,523384,34.10570931434631,2152160,10605,38.31987428665161,"[10, 50, 6, 4, 50]"
Off,Off,On,Off,On,Off,Off,Off,Off,Off,On,Off,Off,Off,Off,On,Off,Off,On,Off,0.0948939323425293,1.5253076553344727,513704,34.14921808242798,2152160,10605,38.349934101104736,"[10, 50, 6, 4, 50]"
Off,Off,On,On,On,On,Off,On,On,On,On,Off,Off,Off,Off,Off,Off,On,Off,On,0.08536553382873535,1.544593095779419,522088,34.05350136756897,2152160,10605,38.30911064147949,"[10, 50, 6, 4, 50]"
On,On,On,Off,On,On,Off,Off,Off,Off,On,On,On,On,On,On,Off,Off,On,On,0.08694243431091309,1.4998807907104492,513704,34.105613470077515,2152160,10605,38.2696578502655,"[10, 50, 6, 4, 50]"
Off,On,On,On,Off,On,On,Off,On,Off,Off,On,Off,Off,On,Off,On,On,On,On,0.09369087219238281,1.4973320960998535,523192,34.068665981292725,2152160,10605,38.213502168655396,"[10, 50, 6, 4, 50]"
Off,On,Off,On,Off,Off,Off,Off,On,Off,Off,On,Off,On,On,On,On,Off,On,On,0.09691143035888672,1.566976547241211,523192,34.07573056221008,2152160,10605,38.31724667549133,"[10, 50, 6, 4, 50]"
On,On,Off,On,On,On,Off,On,On,Off,Off,Off,Off,Off,Off,On,Off,Off,On,On,0.08466506004333496,1.5477619171142578,522088,34.09488129615784,2152160,10605,38.352853775024414,"[10, 50, 6, 4, 50]"
On,Off,On,Off,On,On,Off,Off,On,On,On,Off,Off,On,On,On,Off,On,Off,On,0.09711217880249023,1.4949231147766113,513704,34.047043561935425,2152160,10605,38.20953321456909,"[10, 50, 6, 4, 50]"
Off,On,Off,Off,Off,Off,On,Off,On,On,Off,On,Off,On,On,On,Off,On,Off,Off,0.10432982444763184,1.5154228210449219,513704,34.122944355010986,2152160,10605,38.28230547904968,"[10, 50, 6, 4, 50]"
On,Off,Off,On,Off,Off,On,On,On,On,On,Off,On,Off,On,On,On,On,Off,On,0.08946418762207031,1.5367512702941895,523384,34.63324999809265,2152160,10605,38.780282735824585,"[10, 50, 6, 4, 50]"
On,On,On,Off,On,On,On,On,On,On,On,On,On,Off,On,Off,On,Off,On,Off,0.08922243118286133,1.5769424438476562,515192,34.09046673774719,2152160,10605,38.433584213256836,"[10, 50, 6, 4, 50]"
Off,Off,On,On,On,Off,On,On,On,Off,Off,On,Off,Off,Off,On,On,On,On,On,0.0954599380493164,1.5144705772399902,523384,34.063538551330566,2152160,10605,38.30111479759216,"[10, 50, 6, 4, 50]"
On,On,On,Off,Off,On,Off,Off,On,On,On,Off,Off,On,On,On,Off,On,Off,On,0.10609602928161621,1.481900930404663,513704,34.04860973358154,2152160,10605,38.14553666114807,"[10, 50, 6, 4, 50]"
On,On,Off,On,On,On,On,On,Off,On,Off,On,On,Off,On,On,Off,On,On,Off,0.08431077003479004,1.4707844257354736,522088,34.1575927734375,2152160,10605,38.32843565940857,"[10, 50, 6, 4, 50]"
On,On,Off,On,Off,On,Off,On,On,On,On,On,Off,Off,On,Off,Off,On,On,Off,0.1094980239868164,1.4378297328948975,522088,34.11856651306152,2152160,10605,38.20920968055725,"[10, 50, 6, 4, 50]"
Off,On,Off,Off,Off,On,Off,Off,On,On,Off,On,On,On,Off,Off,On,On,Off,On,0.09971737861633301,1.5119826793670654,515000,34.125213861465454,2152160,10605,38.33639931678772,"[10, 50, 6, 4, 50]"
On,On,Off,On,On,Off,Off,On,Off,On,Off,On,Off,On,Off,On,On,On,On,Off,0.10572338104248047,1.5102713108062744,523384,34.06651735305786,2152160,10605,38.28487229347229,"[10, 50, 6, 4, 50]"
On,On,Off,Off,On,On,Off,Off,On,On,On,Off,Off,On,On,On,Off,On,Off,On,0.09294915199279785,1.5217006206512451,513704,34.06917095184326,2152160,10605,38.343546628952026,"[10, 50, 6, 4, 50]"
Off,On,On,Off,Off,Off,On,Off,Off,Off,On,On,On,On,On,Off,On,On,On,On,0.08688783645629883,1.506981372833252,515000,34.11498999595642,2152160,10605,38.31866192817688,"[10, 50, 6, 4, 50]"
On,Off,Off,On,On,Off,On,Off,On,On,On,Off,On,On,On,On,Off,Off,Off,On,0.10912823677062988,1.5447993278503418,521896,34.09365510940552,2152160,10605,38.42579245567322,"[10, 50, 6, 4, 50]"
Off,On,On,Off,On,On,Off,On,Off,On,Off,On,Off,Off,On,On,On,Off,Off,On,0.0936427116394043,1.5371770858764648,515192,34.08209776878357,2152160,10605,38.319236040115356,"[10, 50, 6, 4, 50]"
On,Off,On,On,On,On,Off,Off,Off,On,On,Off,Off,On,On,On,On,On,Off,Off,0.08608007431030273,1.4978082180023193,523192,34.12552070617676,2152160,10605,38.340919971466064,"[10, 50, 6, 4, 50]"
On,Off,Off,On,On,On,On,On,On,On,On,Off,Off,Off,Off,On,Off,On,Off,On,0.09568357467651367,1.5509424209594727,522088,34.05725979804993,2152160,10605,38.23608422279358,"[10, 50, 6, 4, 50]"
On,On,Off,On,On,On,Off,Off,On,On,On,Off,On,On,On,On,Off,On,On,On,0.09494876861572266,1.534167766571045,521896,34.12415170669556,2152160,10605,38.32711911201477,"[10, 50, 6, 4, 50]"
On,On,On,On,Off,Off,On,On,On,On,On,On,Off,Off,Off,On,On,On,On,Off,0.10097551345825195,1.4921669960021973,523384,35.04754590988159,2152160,10605,39.318201541900635,"[10, 50, 6, 4, 50]"
On,On,On,Off,On,Off,Off,Off,On,On,On,Off,Off,On,On,On,Off,On,Off,On,0.09831523895263672,1.4948532581329346,513704,34.07989978790283,2152160,10605,38.26026272773743,"[10, 50, 6, 4, 50]"
On,On,Off,Off,On,On,Off,Off,On,On,On,Off,On,Off,On,On,On,Off,On,On,0.09725522994995117,1.483276605606079,515000,34.145405292510986,2152160,10605,38.29955720901489,"[10, 50, 6, 4, 50]"
Off,On,On,On,On,Off,On,On,On,Off,Off,On,On,Off,On,On,On,Off,Off,On,0.10489249229431152,1.5445165634155273,523384,34.065528869628906,2152160,10605,38.433818101882935,"[10, 50, 6, 4, 50]"
Off,On,On,On,Off,Off,Off,Off,On,Off,On,On,Off,On,Off,On,On,Off,Off,Off,0.10016942024230957,1.5327377319335938,523192,34.05840182304382,2152160,10605,38.26827263832092,"[10, 50, 6, 4, 50]"
On,Off,On,Off,On,Off,Off,On,Off,On,Off,On,On,Off,On,On,Off,Off,On,On,0.09363031387329102,1.4878430366516113,513896,34.12371563911438,2152160,10605,38.29461598396301,"[10, 50, 6, 4, 50]"
Off,On,On,Off,On,On,Off,On,Off,Off,Off,On,Off,Off,On,On,Off,On,Off,Off,0.0985569953918457,1.5869765281677246,513896,34.09785318374634,2152160,10605,38.41353106498718,"[10, 50, 6, 4, 50]"
On,On,Off,On,On,Off,On,On,On,On,On,Off,Off,Off,On,On,On,On,Off,On,0.08088159561157227,1.5095086097717285,523384,34.09890937805176,2152160,10605,38.28257775306702,"[10, 50, 6, 4, 50]"
On,On,Off,On,Off,Off,Off,On,Off,On,On,On,On,Off,On,On,On,Off,On,Off,0.10085320472717285,1.5193405151367188,523384,34.078815937042236,2152160,10605,38.27638030052185,"[10, 50, 6, 4, 50]"
Off,On,On,On,Off,Off,On,Off,Off,On,Off,Off,On,Off,Off,Off,On,Off,Off,On,0.0984640121459961,1.509124755859375,523192,34.08437180519104,2152160,10605,38.29838538169861,"[10, 50, 6, 4, 50]"
On,On,Off,Off,Off,Off,On,Off,Off,Off,Off,Off,Off,On,Off,Off,Off,Off,On,On,0.09926557540893555,1.515740156173706,513704,34.10255432128906,2152160,10605,38.29171276092529,"[10, 50, 6, 4, 50]"
Off,Off,Off,On,Off,On,On,On,Off,Off,On,On,On,On,Off,On,On,Off,On,On,0.0981740951538086,1.528374195098877,523384,34.04883027076721,2152160,10605,38.25246596336365,"[10, 50, 6, 4, 50]"
On,Off,Off,Off,On,On,Off,On,Off,Off,Off,Off,On,Off,Off,Off,Off,On,Off,Off,0.09625816345214844,1.552889108657837,513896,34.05608320236206,2152160,10605,38.247201919555664,"[10, 50, 6, 4, 50]"
Off,On,On,On,Off,Off,Off,On,On,Off,On,On,On,Off,Off,Off,On,On,Off,On,0.09894514083862305,1.50003981590271,523384,34.131312131881714,2152160,10605,38.348087549209595,"[10, 50, 6, 4, 50]"
Off,Off,On,On,On,Off,Off,On,On,Off,Off,Off,Off,On,On,On,On,On,On,On,0.09037017822265625,1.4893906116485596,523384,34.09931540489197,2152160,10605,38.340081214904785,"[10, 50, 6, 4, 50]"
On,Off,On,On,On,On,Off,On,Off,On,On,On,Off,Off,Off,Off,On,Off,Off,On,0.10051941871643066,1.5572421550750732,523384,34.06243586540222,2152160,10605,38.229424715042114,"[10, 50, 6, 4, 50]"
Off,Off,On,Off,On,On,Off,On,Off,Off,Off,On,On,On,Off,On,On,Off,Off,On,0.08975076675415039,1.583050012588501,515192,34.150015115737915,2152160,10605,38.417805671691895,"[10, 50, 6, 4, 50]"
Off,On,On,Off,On,On,Off,Off,On,On,Off,On,Off,Off,On,On,Off,On,Off,On,0.08968567848205566,1.566291332244873,513704,34.08838200569153,2152160,10605,38.31483793258667,"[10, 50, 6, 4, 50]"
Off,Off,On,On,Off,Off,On,On,Off,Off,Off,On,On,Off,On,Off,On,On,Off,Off,0.08525562286376953,1.5009329319000244,523384,34.12888813018799,2152160,10605,38.34645342826843,"[10, 50, 6, 4, 50]"
On,On,On,On,On,Off,On,On,Off,On,Off,On,On,Off,On,On,Off,On,Off,On,0.09481239318847656,1.553135871887207,522088,34.07995820045471,2152160,10605,38.33651304244995,"[10, 50, 6, 4, 50]"
On,On,On,On,Off,On,Off,On,On,Off,On,On,On,On,Off,On,On,On,On,Off,0.0868682861328125,1.5464577674865723,523384,34.010430574417114,2152160,10605,38.25119662284851,"[10, 50, 6, 4, 50]"
On,On,On,Off,Off,Off,On,On,On,Off,Off,Off,On,Off,Off,On,Off,On,Off,Off,0.08666586875915527,1.514190435409546,513896,34.10154581069946,2152160,10605,38.25950908660889,"[10, 50, 6, 4, 50]"
On,On,Off,On,On,On,Off,Off,On,On,On,Off,Off,On,On,On,Off,On,On,On,0.10312581062316895,1.5234260559082031,521896,34.13390493392944,2152160,10605,38.388429403305054,"[10, 50, 6, 4, 50]"
On,On,On,On,Off,On,On,Off,On,Off,On,On,Off,On,On,On,Off,Off,Off,Off,0.08878540992736816,1.5306003093719482,521896,34.079535722732544,2152160,10605,38.31393074989319,"[10, 50, 6, 4, 50]"
On,Off,Off,On,On,On,On,Off,On,On,On,Off,Off,On,On,On,On,On,Off,Off,0.09638404846191406,1.5126769542694092,523192,34.08766722679138,2152160,10605,38.34504175186157,"[10, 50, 6, 4, 50]"
On,On,Off,Off,Off,Off,Off,Off,Off,Off,Off,Off,On,On,On,Off,Off,On,Off,On,0.10384559631347656,1.536536455154419,513704,34.061497926712036,2152160,10605,38.1672728061676,"[10, 50, 6, 4, 50]"
On,Off,Off,Off,Off,On,Off,Off,Off,Off,Off,On,On,Off,Off,Off,On,On,On,Off,0.09828543663024902,1.5190694332122803,515000,34.04698944091797,2152160,10605,38.2655713558197,"[10, 50, 6, 4, 50]"
Off,Off,On,On,Off,On,Off,On,On,On,Off,On,On,Off,On,On,Off,Off,On,Off,0.09707260131835938,1.5742583274841309,522088,34.102142572402954,2152160,10605,38.43247699737549,"[10, 50, 6, 4, 50]"
On,Off,Off,Off,Off,Off,Off,Off,Off,Off,On,On,Off,Off,Off,On,On,On,Off,Off,0.10198140144348145,1.4988439083099365,515000,34.12161350250244,2152160,10605,38.34874415397644,"[10, 50, 6, 4, 50]"
Off,Off,On,Off,On,Off,Off,On,Off,Off,On,Off,Off,On,Off,Off,On,Off,Off,Off,0.08735108375549316,1.5200774669647217,515192,34.08149743080139,2152160,10605,38.28409481048584,"[10, 50, 6, 4, 50]"
Off,Off,On,On,Off,Off,On,Off,Off,On,Off,On,Off,On,Off,On,On,Off,Off,On,0.09287667274475098,1.5366966724395752,523192,34.10339856147766,2152160,10605,38.36182641983032,"[10, 50, 6, 4, 50]"
On,On,Off,Off,On,On,Off,On,On,On,On,Off,Off,Off,Off,Off,On,On,Off,On,0.09859633445739746,1.4929757118225098,515192,34.09666395187378,2152160,10605,38.29300141334534,"[10, 50, 6, 4, 50]"
On,Off,On,Off,On,On,Off,On,Off,Off,Off,On,Off,On,On,Off,On,Off,Off,On,0.09256243705749512,1.5331053733825684,515192,34.072633028030396,2152160,10605,38.26789402961731,"[10, 50, 6, 4, 50]"
On,On,On,On,On,On,Off,On,Off,On,On,Off,On,Off,On,On,On,Off,On,Off,0.09395456314086914,1.5323619842529297,523384,34.10812473297119,2152160,10605,38.41032791137695,"[10, 50, 6, 4, 50]"
On,Off,On,On,On,On,Off,On,Off,Off,On,Off,Off,On,Off,On,On,On,Off,Off,0.09072446823120117,1.5108234882354736,523384,34.116382122039795,2152160,10605,38.273412227630615,"[10, 50, 6, 4, 50]"
On,On,Off,On,On,On,Off,Off,Off,On,On,Off,Off,On,On,On,Off,On,Off,On,0.0751943588256836,1.520850658416748,521896,34.09561491012573,2152160,10605,38.26435470581055,"[10, 50, 6, 4, 50]"
Off,Off,On,On,On,On,On,On,On,Off,On,Off,On,On,On,Off,On,On,Off,Off,0.10211181640625,1.5039441585540771,523384,34.1329505443573,2152160,10605,38.368468046188354,"[10, 50, 6, 4, 50]"
Off,Off,On,On,Off,On,Off,On,On,On,On,On,On,On,Off,On,On,Off,Off,On,0.0934455394744873,1.5216364860534668,523384,34.08251976966858,2152160,10605,38.232850313186646,"[10, 50, 6, 4, 50]"
Off,On,Off,Off,Off,Off,Off,Off,On,Off,Off,On,Off,Off,Off,On,Off,On,On,On,0.07898163795471191,1.5222907066345215,513704,34.44715642929077,2152160,10605,38.62152624130249,"[10, 50, 6, 4, 50]"
On,Off,Off,On,Off,Off,Off,On,On,Off,Off,On,Off,On,On,Off,On,On,On,On,0.09254908561706543,1.5166337490081787,523384,34.108784198760986,2152160,10605,38.331951379776,"[10, 50, 6, 4, 50]"
On,On,Off,Off,On,Off,On,Off,On,Off,Off,Off,On,On,On,On,On,Off,Off,Off,0.1050105094909668,1.5232360363006592,515000,34.11923909187317,2152160,10605,38.375211238861084,"[10, 50, 6, 4, 50]"
Off,Off,On,Off,Off,Off,Off,Off,On,Off,Off,On,Off,Off,Off,Off,Off,On,On,Off,0.11063909530639648,1.4960331916809082,513704,34.12217712402344,2152160,10605,38.353172302246094,"[10, 50, 6, 4, 50]"
Off,On,On,On,Off,Off,On,On,Off,Off,Off,On,On,Off,On,Off,On,Off,Off,Off,0.08991789817810059,1.534986972808838,523384,34.2834198474884,2152160,10605,38.53239846229553,"[10, 50, 6, 4, 50]"
On,On,On,Off,On,Off,On,Off,Off,On,Off,Off,Off,On,Off,On,Off,Off,Off,Off,0.11070728302001953,1.501821756362915,513704,34.089489221572876,2152160,10605,38.27911424636841,"[10, 50, 6, 4, 50]"
On,On,Off,Off,On,Off,Off,Off,On,On,On,Off,Off,On,On,Off,On,Off,Off,On,0.1077737808227539,1.5422279834747314,515000,34.286587953567505,2152160,10605,38.60904240608215,"[10, 50, 6, 4, 50]"
On,Off,Off,On,On,On,Off,On,On,On,On,On,Off,Off,On,On,Off,Off,Off,Off,0.08779168128967285,1.5078792572021484,522088,34.364429235458374,2152160,10605,38.490660429000854,"[10, 50, 6, 4, 50]"
On,Off,On,Off,Off,Off,On,On,Off,Off,On,On,On,Off,Off,Off,Off,On,Off,Off,0.09780383110046387,1.542715072631836,513896,34.12426519393921,2152160,10605,38.50532293319702,"[10, 50, 6, 4, 50]"
On,On,Off,On,On,Off,On,Off,On,Off,Off,Off,On,Off,Off,On,Off,Off,Off,On,0.09762787818908691,1.5226962566375732,521896,34.17977261543274,2152160,10605,38.37802076339722,"[10, 50, 6, 4, 50]"
Off,Off,Off,Off,On,On,On,On,On,On,Off,On,On,On,Off,On,On,Off,Off,Off,0.09319233894348145,1.5260884761810303,515192,34.141334533691406,2152160,10605,38.34816122055054,"[10, 50, 6, 4, 50]"
On,Off,On,Off,On,On,On,Off,Off,Off,On,Off,Off,On,On,Off,On,On,Off,On,0.08982396125793457,1.5499756336212158,515000,34.045653104782104,2152160,10605,38.3244526386261,"[10, 50, 6, 4, 50]"
On,On,Off,Off,Off,Off,Off,Off,Off,Off,Off,On,Off,Off,Off,On,Off,On,On,Off,0.09298944473266602,1.5208735466003418,513704,34.38201546669006,2152160,10605,38.5999116897583,"[10, 50, 6, 4, 50]"
On,On,Off,On,Off,On,On,On,On,Off,Off,Off,Off,Off,Off,On,On,On,Off,On,0.07961869239807129,1.5272789001464844,523384,34.18115830421448,2152160,10605,38.48490071296692,"[10, 50, 6, 4, 50]"
On,On,Off,On,Off,On,On,On,Off,Off,On,Off,Off,Off,Off,On,On,Off,Off,On,0.08043694496154785,1.5329010486602783,523384,34.0796172618866,2152160,10605,38.33073902130127,"[10, 50, 6, 4, 50]"
Off,Off,Off,Off,On,On,Off,On,On,Off,Off,On,On,On,On,Off,Off,On,Off,On,0.09273266792297363,1.5434415340423584,513896,34.07850790023804,2152160,10605,38.28963804244995,"[10, 50, 6, 4, 50]"
On,On,Off,On,On,On,Off,Off,On,On,On,Off,On,On,On,On,Off,On,Off,On,0.08640933036804199,1.5164761543273926,521896,34.047685861587524,2152160,10605,38.18025803565979,"[10, 50, 6, 4, 50]"
Off,On,Off,Off,Off,On,On,On,On,Off,Off,Off,On,Off,Off,On,On,On,Off,On,0.09959983825683594,1.5039966106414795,515192,34.0802161693573,2152160,10605,38.341838359832764,"[10, 50, 6, 4, 50]"
Off,On,Off,Off,Off,On,Off,Off,Off,Off,Off,On,On,Off,On,Off,On,On,On,Off,0.10580301284790039,1.490424633026123,515000,34.109015464782715,2152160,10605,38.28395986557007,"[10, 50, 6, 4, 50]"
On,On,On,Off,Off,Off,On,Off,Off,On,On,Off,On,Off,Off,Off,On,Off,On,Off,0.10680842399597168,1.5360474586486816,515000,34.03334307670593,2152160,10605,38.26246452331543,"[10, 50, 6, 4, 50]"
On,On,On,On,On,On,On,On,On,Off,On,Off,Off,Off,On,Off,On,On,On,Off,0.08678412437438965,1.5461499691009521,523384,34.05480217933655,2152160,10605,38.36714148521423,"[10, 50, 6, 4, 50]"
Off,On,Off,On,Off,On,On,Off,On,Off,On,On,Off,Off,Off,Off,On,On,On,Off,0.09167599678039551,1.554835319519043,523192,34.13969397544861,2152160,10605,38.359355211257935,"[10, 50, 6, 4, 50]"
Off,Off,Off,On,Off,On,On,On,On,On,On,Off,On,Off,Off,On,On,On,On,Off,0.09492087364196777,1.5338904857635498,523384,34.03767967224121,2152160,10605,38.30103278160095,"[10, 50, 6, 4, 50]"
On,On,Off,Off,On,On,Off,On,On,On,On,Off,Off,Off,On,Off,On,On,Off,Off,0.1107182502746582,1.5049257278442383,515192,34.06101083755493,2152160,10605,38.30911374092102,"[10, 50, 6, 4, 50]"
Off,On,On,On,On,On,On,Off,Off,Off,On,On,Off,Off,On,On,Off,On,On,On,0.1082911491394043,1.501739263534546,521896,34.088029861450195,2152160,10605,38.296167612075806,"[10, 50, 6, 4, 50]"
On,Off,Off,Off,Off,Off,Off,Off,On,On,On,Off,On,On,On,Off,Off,Off,Off,Off,0.09804868698120117,1.4974548816680908,513704,34.11519765853882,2152160,10605,38.31500744819641,"[10, 50, 6, 4, 50]"
On,On,Off,On,Off,Off,On,On,Off,On,Off,On,Off,Off,Off,On,Off,Off,On,On,0.08890628814697266,1.48213529586792,522088,34.055405139923096,2152160,10605,38.17977452278137,"[10, 50, 6, 4, 50]"
Off,Off,On,Off,On,Off,On,Off,Off,Off,Off,Off,Off,On,Off,On,On,Off,Off,On,0.08424973487854004,1.5453550815582275,515000,34.06813383102417,2152160,10605,38.290576457977295,"[10, 50, 6, 4, 50]"
Off,On,Off,On,On,Off,On,Off,Off,Off,On,On,On,On,Off,Off,On,Off,On,On,0.0810689926147461,1.5252575874328613,523192,34.090078830718994,2152160,10605,38.33212947845459,"[10, 50, 6, 4, 50]"
On,On,On,Off,On,Off,Off,On,On,On,On,On,On,On,Off,On,On,On,On,Off,0.08155131340026855,1.473522663116455,515192,34.13025951385498,2152160,10605,38.267404556274414,"[10, 50, 6, 4, 50]"
Off,On,On,On,On,Off,On,On,Off,Off,Off,Off,Off,Off,On,On,On,Off,Off,Off,0.09190988540649414,1.5079371929168701,523384,34.08113193511963,2152160,10605,38.31711506843567,"[10, 50, 6, 4, 50]"
Off,On,Off,On,On,Off,On,Off,Off,Off,On,On,On,On,Off,Off,Off,On,On,On,0.09102797508239746,1.5128686428070068,521896,34.1305570602417,2152160,10605,38.32148456573486,"[10, 50, 6, 4, 50]"
On,Off,Off,On,On,On,On,On,Off,On,On,Off,On,Off,Off,On,Off,Off,On,Off,0.09712719917297363,1.5245349407196045,522088,34.83386707305908,2152160,10605,39.049291372299194,"[10, 50, 6, 4, 50]"
On,On,Off,Off,On,On,Off,On,Off,On,On,Off,Off,Off,Off,On,On,On,Off,On,0.0697319507598877,1.5658071041107178,515192,34.04813194274902,2152160,10605,38.34114217758179,"[10, 50, 6, 4, 50]"
On,Off,Off,On,On,On,On,On,Off,Off,Off,Off,Off,On,Off,Off,Off,On,Off,Off,0.08525490760803223,1.529609203338623,522088,34.14166569709778,2152160,10605,38.29560947418213,"[10, 50, 6, 4, 50]"
Off,On,On,On,On,On,On,Off,Off,On,On,On,Off,Off,On,Off,On,On,Off,Off,0.0937657356262207,1.4919281005859375,523192,34.10463738441467,2152160,10605,38.312225580215454,"[10, 50, 6, 4, 50]"
On,On,On,Off,On,On,Off,Off,Off,On,On,Off,Off,On,Off,On,Off,On,Off,On,0.08982229232788086,1.470691442489624,513704,34.041284799575806,2152160,10605,38.30784869194031,"[10, 50, 6, 4, 50]"
On,Off,Off,Off,Off,Off,On,On,Off,Off,Off,On,Off,On,Off,Off,On,On,On,On,0.09216570854187012,1.504159688949585,515192,34.14744257926941,2152160,10605,38.23549842834473,"[10, 50, 6, 4, 50]"
On,On,Off,Off,On,On,Off,On,On,On,On,Off,Off,Off,Off,On,On,On,Off,On,0.10543298721313477,1.5238711833953857,515192,34.11632037162781,2152160,10605,38.40018677711487,"[10, 50, 6, 4, 50]"
Off,Off,On,On,Off,On,On,On,On,On,Off,Off,Off,Off,Off,On,Off,On,Off,Off,0.0950005054473877,1.5186123847961426,522088,34.06726956367493,2152160,10605,38.30675292015076,"[10, 50, 6, 4, 50]"
Off,Off,On,On,On,Off,Off,On,Off,On,Off,On,Off,Off,Off,Off,Off,On,On,Off,0.08958625793457031,1.4903080463409424,522088,34.12739610671997,2152160,10605,38.39001488685608,"[10, 50, 6, 4, 50]"
On,Off,On,On,Off,Off,Off,On,On,Off,On,On,Off,On,Off,Off,Off,On,Off,On,0.09791946411132812,1.5147602558135986,522088,34.05841660499573,2152160,10605,38.25723147392273,"[10, 50, 6, 4, 50]"
On,On,Off,Off,On,On,Off,On,Off,On,On,Off,Off,Off,Off,Off,Off,On,Off,On,0.09841084480285645,1.5206637382507324,513896,34.05810070037842,2152160,10605,38.22471261024475,"[10, 50, 6, 4, 50]"
Off,Off,On,Off,On,Off,On,Off,On,Off,On,On,Off,On,Off,On,On,On,Off,Off,0.08803844451904297,1.535459280014038,515000,34.10765242576599,2152160,10605,38.3944730758667,"[10, 50, 6, 4, 50]"
On,On,On,On,Off,Off,Off,Off,On,On,On,Off,On,On,Off,On,On,Off,Off,Off,0.09558653831481934,1.5502004623413086,523192,34.159074544906616,2152160,10605,38.38739061355591,"[10, 50, 6, 4, 50]"
Off,Off,Off,Off,Off,Off,Off,On,On,Off,Off,On,On,On,On,Off,Off,Off,Off,Off,0.09526300430297852,1.4807250499725342,513896,34.12541222572327,2152160,10605,38.316264390945435,"[10, 50, 6, 4, 50]"
Off,Off,Off,On,Off,Off,On,Off,On,Off,On,On,On,Off,Off,Off,On,Off,Off,On,0.09680509567260742,1.5326364040374756,523192,34.12159013748169,2152160,10605,38.314733028411865,"[10, 50, 6, 4, 50]"
On,Off,Off,Off,On,Off,On,Off,On,Off,Off,On,On,On,Off,On,Off,On,Off,Off,0.09507966041564941,1.6014790534973145,513704,34.049349546432495,2152160,10605,38.344327211380005,"[10, 50, 6, 4, 50]"
On,Off,On,On,Off,Off,Off,Off,On,Off,On,Off,Off,On,On,Off,Off,On,Off,Off,0.07535076141357422,1.4969122409820557,521896,34.29238724708557,2152160,10605,38.463324546813965,"[10, 50, 6, 4, 50]"
Off,Off,On,Off,Off,On,On,On,Off,Off,Off,Off,Off,Off,Off,Off,On,Off,Off,On,0.08006572723388672,1.5464072227478027,515192,34.174344062805176,2152160,10605,38.39451622962952,"[10, 50, 6, 4, 50]"
On,On,On,On,On,Off,Off,Off,On,On,Off,Off,Off,Off,Off,Off,Off,Off,On,Off,0.09746980667114258,1.5417850017547607,521896,34.07208609580994,2152160,10605,38.338478326797485,"[10, 50, 6, 4, 50]"
On,Off,On,On,Off,On,Off,On,On,On,On,Off,Off,Off,Off,Off,Off,Off,On,On,0.1072993278503418,1.5233180522918701,522088,34.058223724365234,2152160,10605,38.29953122138977,"[10, 50, 6, 4, 50]"
On,On,On,Off,Off,Off,On,Off,Off,On,On,Off,On,On,Off,On,On,On,Off,Off,0.07554936408996582,1.4969754219055176,515000,34.08607792854309,2152160,10605,38.30370855331421,"[10, 50, 6, 4, 50]"
On,On,Off,On,On,Off,On,On,Off,On,On,Off,Off,Off,On,On,On,On,Off,On,0.09354782104492188,1.5438692569732666,523384,34.050421953201294,2152160,10605,38.30930852890015,"[10, 50, 6, 4, 50]"
On,On,Off,Off,On,On,Off,On,On,Off,On,Off,Off,Off,On,On,On,On,Off,On,0.09396576881408691,1.578094482421875,515192,34.100836515426636,2152160,10605,38.342272996902466,"[10, 50, 6, 4, 50]"
On,Off,On,On,On,Off,Off,On,Off,Off,Off,On,On,On,On,On,On,On,Off,On,0.10913872718811035,1.4997761249542236,523384,34.10654044151306,2152160,10605,38.331705808639526,"[10, 50, 6, 4, 50]"
On,Off,Off,Off,On,Off,Off,Off,Off,Off,Off,Off,Off,On,Off,On,On,On,On,Off,0.10283493995666504,1.5241329669952393,515000,34.09135293960571,2152160,10605,38.291210889816284,"[10, 50, 6, 4, 50]"
Off,Off,Off,On,On,On,Off,On,On,Off,On,On,Off,On,Off,Off,On,On,Off,Off,0.08734130859375,1.5295193195343018,523384,34.05264949798584,2152160,10605,38.312456369400024,"[10, 50, 6, 4, 50]"
On,Off,Off,Off,On,On,Off,On,Off,On,On,Off,Off,Off,Off,On,On,On,On,Off,0.09227514266967773,1.5393154621124268,515192,34.11229610443115,2152160,10605,38.364691495895386,"[10, 50, 6, 4, 50]"
Off,On,Off,Off,Off,Off,On,Off,Off,Off,Off,Off,On,Off,Off,On,Off,Off,Off,Off,0.09490418434143066,1.5067493915557861,513704,34.12452149391174,2152160,10605,38.335577726364136,"[10, 50, 6, 4, 50]"
On,On,On,Off,Off,On,Off,On,Off,On,On,On,On,On,On,On,On,Off,Off,On,0.09758353233337402,1.4817004203796387,515192,34.07185626029968,2152160,10605,38.267998695373535,"[10, 50, 6, 4, 50]"
Off,Off,Off,On,On,On,Off,Off,Off,On,On,Off,Off,Off,Off,On,Off,Off,Off,Off,0.08989453315734863,1.5285260677337646,521896,34.20020270347595,2152160,10605,38.47497844696045,"[10, 50, 6, 4, 50]"
Off,On,On,On,Off,Off,Off,Off,Off,Off,Off,Off,Off,Off,Off,Off,Off,On,On,Off,0.08909440040588379,1.5712871551513672,521896,34.10444474220276,2152160,10605,38.46346116065979,"[10, 50, 6, 4, 50]"
On,On,Off,On,On,Off,Off,Off,Off,Off,On,On,Off,Off,Off,On,On,Off,On,Off,0.09394621849060059,1.521998405456543,523192,34.089123487472534,2152160,10605,38.296295166015625,"[10, 50, 6, 4, 50]"
Off,On,On,On,Off,On,Off,Off,Off,Off,On,On,On,Off,Off,On,On,On,On,On,0.08475685119628906,1.491664171218872,523192,34.12580323219299,2152160,10605,38.335604429244995,"[10, 50, 6, 4, 50]"
