TimeOut,KeepAlive,KeepAliveTimeout,MaxKeepAliveRequests,EnableSendfile,EnableMMAP,HostnameLookups,LimitRequestBody,LimitRequestFields,LimitRequestFieldSize,LimitRequestLine,ReadBufferSize,FlushMaxPipelined,FlushMaxThreshold,RLimitCPU,RLimitMEM,RLimitNPROC,MaxRanges,MaxRangeOverlaps,MaxRangeReversals,RPS,cost,fidelity
388,Off,21,6960,On,Off,On,49450602,7913,6214,8042,51680,965,762191,43684,931978640,114,200,default,unlimited,670.56,180.1353394985199,"[8, 50, 180, True]"
109,Off,33,3728,On,On,On,789263197,7196,5999,3356,43526,932,36749,66438,951618475,908,500,default,500,678.3,180.1821517944336,"[8, 50, 180, True]"
504,On,7,8449,On,On,Off,1583203862,7009,4739,4766,63516,770,668845,59393,961229111,757,1000,none,unlimited,2616.49,180.11175990104675,"[8, 50, 180, True]"
256,On,21,8671,On,Off,Off,2017270815,6373,408,6325,61861,531,577640,60254,278775988,246,unlimited,1000,100,2734.22,180.11439418792725,"[8, 50, 180, True]"
329,Off,52,5065,Off,On,On,1338520486,9438,3782,5079,10305,939,122624,84184,1039400009,913,1000,300,default,438.16,180.13744378089905,"[8, 50, 180, True]"
511,Off,37,8192,Off,On,On,633503778,509,4863,7698,27083,568,1030237,99003,723349205,74,100,none,500,447.82,180.13122820854187,"[8, 50, 180, True]"
27,Off,4,8617,On,Off,Double,1712977446,5648,6463,4489,27603,595,728070,46470,957946085,550,default,1000,500,458.37,180.10320210456848,"[8, 50, 180, True]"
520,On,10,8850,On,On,Off,537617188,2470,4480,8109,39749,171,686855,84244,917328552,101,100,300,500,2575.25,180.09835267066956,"[8, 50, 180, True]"
71,Off,13,7175,On,On,Off,822519106,1582,2580,8075,57382,105,537622,99343,73559995,190,default,200,1000,1449.3,180.1150426864624,"[8, 50, 180, True]"
250,Off,53,6544,Off,On,Off,1685353527,47,5431,1854,22997,157,1014342,67445,344791775,798,300,none,100,641.26,180.12749338150024,"[8, 50, 180, True]"
244,On,22,8326,Off,On,On,839762931,8684,6639,4410,19318,757,276477,56723,639939638,188,unlimited,1000,100,912.86,180.11152482032776,"[8, 50, 180, True]"
572,On,38,5563,Off,Off,Off,993584232,5529,1274,455,55597,469,667834,15738,304539048,212,none,200,1000,664.33,180.1144802570343,"[8, 50, 180, True]"
51,On,53,4917,On,On,Double,1878895332,234,2318,1577,25425,468,244205,79718,799946790,735,1000,none,unlimited,2685.71,180.06027936935425,"[8, 50, 180, True]"
345,Off,25,8618,Off,Off,Off,832978176,7389,2018,1938,35090,274,195159,99501,259596469,750,unlimited,500,300,614.03,180.12268829345703,"[8, 50, 180, True]"
379,On,55,2420,Off,On,On,1967439267,865,6673,627,37456,215,217240,35481,803784464,461,none,1000,100,1018.61,361.25918531417847,"[8, 50, 180, True]"
236,On,46,4958,Off,On,On,164267250,8053,89,8096,42814,907,50769,44321,743987128,824,unlimited,default,none,850.55,180.1020028591156,"[8, 50, 180, True]"
174,On,24,6502,On,On,Off,2022127806,6258,739,1333,22995,688,833720,760,870704395,807,1000,100,none,2713.18,180.11012148857117,"[8, 50, 180, True]"
76,On,35,6214,Off,On,On,2074786064,5724,115,918,35913,220,799746,14727,825690459,174,default,none,300,872.41,180.12378334999084,"[8, 50, 180, True]"
508,On,2,2293,On,On,Off,1636452239,2270,1810,2456,45227,379,362508,75872,1064981632,132,unlimited,200,100,2709.88,361.18814849853516,"[8, 50, 180, True]"
497,Off,41,3784,On,Off,On,1021786706,40,7842,7693,57224,543,543086,49480,744752591,7,none,1000,100,672.47,180.16447138786316,"[8, 50, 180, True]"
520,On,10,8326,Off,Off,On,537617188,8684,4480,4410,19318,171,686855,84244,639939638,101,unlimited,1000,500,627.24,180.12119030952454,"[8, 50, 180, True]"
244,On,22,8850,On,On,Off,839762931,2470,6974,8109,39749,757,276477,56723,346283873,188,100,default,100,2693.83,180.06664085388184,"[8, 50, 180, True]"
520,On,10,8850,On,On,Off,537617188,2470,408,6325,39749,531,686855,57455,917328552,246,100,300,100,2671.84,180.11496901512146,"[8, 50, 180, True]"
256,On,21,8671,On,Off,Off,2017270815,6373,4480,8109,61861,171,577640,60254,278775988,101,unlimited,1000,500,2740.25,361.225305557251,"[8, 50, 180, True]"
256,On,21,8671,On,Off,Off,2017270815,6373,408,6325,61861,634,577640,60254,1064981632,132,unlimited,1000,100,2713.09,361.24939250946045,"[8, 50, 180, True]"
508,On,2,2293,On,On,Off,1641518531,2270,1810,2456,45227,379,362508,75872,278775988,246,unlimited,200,100,2670.82,180.08667397499084,"[8, 50, 180, True]"
71,Off,46,4958,Off,On,On,164267250,9278,2580,8075,42814,105,537622,44321,743987128,190,default,default,1000,439.61,180.13480973243713,"[8, 50, 180, True]"
236,On,13,7175,On,On,Off,822519106,1582,4315,8096,57382,907,50769,99343,73559995,824,unlimited,200,default,2701.9,180.08074402809143,"[8, 50, 180, True]"
174,On,24,4958,Off,On,On,40922547,8053,739,1333,42814,688,50769,44321,743987128,807,unlimited,100,none,850.46,180.0723147392273,"[8, 50, 180, True]"
236,On,46,4275,On,On,Off,2022127806,6258,89,8096,22995,907,889306,760,870704395,824,1000,default,none,2671.44,180.1169810295105,"[8, 50, 180, True]"
520,On,21,8671,On,On,Off,2017270815,2470,408,8109,39749,171,686855,60254,917328552,101,100,300,500,2675.32,180.12529802322388,"[8, 50, 180, True]"
256,On,10,8850,On,Off,Off,537617188,6373,4480,6325,61861,531,577640,84244,278775988,364,unlimited,1000,100,2703.63,180.12401509284973,"[8, 50, 180, True]"
250,Off,53,2293,Off,On,Off,1685353527,2270,1810,2456,45227,379,1014342,75872,1064981632,798,unlimited,200,100,611.86,180.15390920639038,"[8, 50, 180, True]"
508,On,2,6544,On,On,Off,1636452239,6991,5431,1854,22997,157,362508,67445,344791775,132,300,none,100,2631.02,180.0959827899933,"[8, 50, 180, True]"
51,On,59,4917,On,On,On,1878895332,234,5999,1577,43526,468,244205,79718,951618475,735,1000,default,unlimited,2666.7,180.10250115394592,"[8, 50, 180, True]"
109,On,53,3728,Off,On,Double,789263197,7196,2318,3356,25425,932,36749,66438,799946790,908,500,none,500,1039.97,361.2204279899597,"[8, 50, 180, True]"
379,On,55,2420,Off,On,On,699680959,2270,1810,2456,45227,215,362508,35481,1064981632,461,none,default,100,973.11,180.11414074897766,"[8, 50, 180, True]"
508,On,2,2293,On,On,Off,1636452239,865,6673,627,37456,379,217240,75872,803784464,132,unlimited,200,100,2703.55,361.22764706611633,"[8, 50, 180, True]"
250,Off,53,6544,On,On,Off,1685353527,47,5431,1854,16372,157,1014342,67445,344791775,798,300,200,100,1305.16,180.07668685913086,"[8, 50, 180, True]"
379,On,7,8449,Off,On,On,1967439267,7009,6673,627,63516,215,217240,59393,803784464,461,1000,none,unlimited,869.96,180.084125995636,"[8, 50, 180, True]"
508,On,2,2293,On,On,Off,822519106,865,6673,627,37456,907,50769,75872,73559995,824,unlimited,200,100,2707.95,180.10350346565247,"[8, 50, 180, True]"
236,On,13,7175,On,On,Off,1636452239,1582,4315,8096,57382,379,217240,99343,36549882,132,unlimited,200,default,2671.5,361.2031948566437,"[8, 50, 180, True]"
236,On,19,4917,On,On,Off,2022127806,6258,89,1577,25425,907,368496,79718,799946790,735,1000,none,none,2725.92,361.2320611476898,"[8, 50, 180, True]"
51,On,46,4275,On,On,Double,1878895332,234,2318,8096,22995,468,244205,49889,870704395,824,1000,default,unlimited,2702.29,361.23913383483887,"[8, 50, 180, True]"
244,On,22,8671,On,On,Off,839762931,6373,6974,6325,39749,634,276477,58673,346283873,188,unlimited,1000,100,2689.72,180.07404732704163,"[8, 50, 180, True]"
256,On,21,8850,On,Off,Off,2017270815,2470,408,8109,61861,757,577640,60254,1064981632,132,100,default,100,2665.72,180.1206796169281,"[8, 50, 180, True]"
508,On,2,6502,On,Off,Off,2022127806,865,739,627,22995,688,833720,760,803784464,807,unlimited,200,none,2761.78,180.0695583820343,"[8, 50, 180, True]"
174,On,24,2293,On,On,Off,1636452239,6258,6673,1333,37456,379,217240,75872,870704395,625,1000,100,100,2709.1,361.22191524505615,"[8, 50, 180, True]"
174,On,24,6502,On,On,Off,2022127806,7009,4739,4766,22995,770,668845,59393,870704395,807,1000,none,none,2738.88,180.12011623382568,"[8, 50, 180, True]"
504,On,7,8449,On,On,Off,1583203862,6258,739,1333,63516,688,833720,760,934080503,757,1000,100,unlimited,2698.79,180.11829495429993,"[8, 50, 180, True]"
520,Off,10,8850,On,On,Off,537617188,2470,408,6325,39749,531,686855,57455,917328552,246,100,300,100,1126.41,180.12243151664734,"[8, 50, 180, True]"
508,On,2,2293,On,On,Off,1636452239,6991,1810,1854,22997,379,362508,75872,1064981632,132,300,none,100,2688.97,180.10909748077393,"[8, 50, 180, True]"
508,On,2,6544,On,On,Off,1636452239,2270,5431,2456,45227,157,362508,67445,344791775,132,unlimited,200,100,2694.44,180.10788297653198,"[8, 50, 180, True]"
409,On,10,7175,On,On,Off,822519106,1582,4079,8075,39749,105,537622,99343,73559995,246,100,200,1000,2703.06,180.11579394340515,"[8, 50, 180, True]"
71,Off,13,8850,On,On,Off,537617188,2470,408,6325,57382,531,686855,57455,917328552,190,default,300,500,1367.06,180.1179678440094,"[8, 50, 180, True]"
256,On,21,8671,On,On,Double,2017270815,6373,408,1577,25425,531,577640,79718,278775988,735,1000,1000,unlimited,2624.09,180.12455701828003,"[8, 50, 180, True]"
51,On,53,4917,On,Off,Double,1878895332,234,2318,2717,61861,468,244205,52021,799946790,246,unlimited,none,100,2756.25,361.22167110443115,"[8, 50, 180, True]"
508,On,2,8850,On,On,Off,1636452239,6373,4480,6325,54827,379,577640,75872,278775988,364,unlimited,200,100,2698.52,180.11883163452148,"[8, 50, 180, True]"
256,On,10,2293,On,Off,Off,537617188,2270,1810,2456,45227,531,362508,84244,1064981632,132,unlimited,1000,100,2710.65,361.2405164241791,"[8, 50, 180, True]"
588,On,2,2293,On,On,Off,1641518531,2270,1810,2456,45227,379,362508,75872,1064981632,132,unlimited,200,100,2665.74,180.10720705986023,"[8, 50, 180, True]"
51,On,46,4275,On,On,Double,1878895332,1927,2318,8096,22995,468,244205,49889,870704395,824,1000,default,unlimited,2674.49,180.1042754650116,"[8, 50, 180, True]"
508,On,30,2293,On,On,Off,1245247668,1582,4079,8075,37456,907,537622,99343,73559995,824,100,200,1000,2698.25,180.11929321289062,"[8, 50, 180, True]"
409,On,2,7175,On,On,Off,822519106,865,6673,627,39749,105,790996,75872,73559995,246,unlimited,200,100,2668.0,180.12362027168274,"[8, 50, 180, True]"
420,On,24,2293,On,On,Off,1636452239,7009,7468,627,37456,770,217240,59393,803784464,132,unlimited,200,100,2679.83,180.12262344360352,"[8, 50, 180, True]"
508,On,2,6502,On,On,Off,2022127806,865,4739,391,22995,379,668845,75872,870704395,807,1000,1000,none,2702.21,180.12280297279358,"[8, 50, 180, True]"
236,On,21,4917,On,Off,Off,2017270815,6258,5938,1577,61861,907,368496,60254,799946790,246,1000,1000,100,2675.96,180.111989736557,"[8, 50, 180, True]"
256,On,19,8671,On,On,Off,2022127806,6373,408,6325,25425,531,577640,79718,695316598,735,unlimited,none,none,2685.31,180.10563111305237,"[8, 50, 180, True]"
51,On,53,4917,On,Off,Off,2017270815,6373,2318,6325,61861,634,244205,52021,799946790,246,unlimited,1000,100,2672.09,180.11704277992249,"[8, 50, 180, True]"
256,On,21,8671,On,Off,Double,1878895332,234,408,2717,61861,468,577640,60254,1064981632,132,unlimited,none,100,2668.71,180.12512516975403,"[8, 50, 180, True]"
508,On,2,2293,On,On,Off,822519106,865,6673,627,37456,379,362508,75872,786154774,824,unlimited,200,100,2711.28,180.12207531929016,"[8, 50, 180, True]"
508,On,28,4502,Off,On,Off,1636452239,2270,1810,2456,45227,907,50769,75872,1064981632,132,unlimited,200,100,1094.08,361.16327476501465,"[8, 50, 180, True]"
51,On,10,4917,On,Off,Double,537617188,2270,1810,2456,45227,531,362508,52021,1064981632,246,unlimited,1000,100,2708.03,180.11876940727234,"[8, 50, 180, True]"
256,On,53,2293,On,Off,Off,1878895332,234,2318,2717,61861,468,244205,84244,799946790,132,unlimited,none,100,2677.08,180.1123650074005,"[8, 50, 180, True]"
256,On,24,2293,On,On,Off,1636452239,6258,408,6325,37456,379,577640,75872,278775988,246,1000,1000,100,2651.24,180.11263465881348,"[8, 50, 180, True]"
174,On,21,8671,On,Off,On,2017270815,6373,6673,1333,61861,531,217240,60254,870704395,625,unlimited,100,100,2639.96,180.117990732193,"[8, 50, 180, True]"
508,On,2,2293,On,Off,Off,1636452239,2270,1810,627,45227,531,362508,75872,1064981632,132,unlimited,200,100,2700.92,180.09977293014526,"[8, 50, 180, True]"
256,On,10,2293,On,On,Off,537617188,865,6673,2456,37456,379,217240,84244,803784464,132,unlimited,1000,100,2716.67,180.11626601219177,"[8, 50, 180, True]"
256,On,24,6502,On,On,Off,537617188,6258,4480,1333,61861,688,577640,760,870704395,807,1000,100,none,2710.17,180.11962151527405,"[8, 50, 180, True]"
174,On,10,8850,On,Off,Off,2022127806,6373,739,6325,22995,531,833720,84244,278775988,364,unlimited,1000,100,2658.73,180.10013842582703,"[8, 50, 180, True]"
535,On,2,6502,On,Off,Off,2022127806,865,739,627,22995,281,833720,760,803784464,807,unlimited,200,none,2665.03,180.10422134399414,"[8, 50, 180, True]"
256,On,24,6502,On,On,Off,537617188,2270,1810,1333,61861,531,577640,84244,870704395,132,1000,1000,none,2616.78,180.10278630256653,"[8, 50, 180, True]"
256,On,10,2293,On,Off,Off,537617188,6258,4480,2456,45227,688,362508,760,1064981632,807,unlimited,100,100,2691.12,180.12527585029602,"[8, 50, 180, True]"
508,On,10,2293,Off,On,Off,537617188,2270,6673,2456,45227,379,217240,75872,1064981632,132,unlimited,200,100,928.21,180.10418367385864,"[8, 50, 180, True]"
256,On,14,8206,On,On,Off,1636452239,865,1810,2456,37456,379,362508,84244,803784464,132,default,1000,100,2760.08,180.09113311767578,"[8, 50, 180, True]"
51,On,53,4917,On,Off,Double,1878895332,234,2318,2717,23803,468,244205,52021,799946790,246,unlimited,none,100,2721.19,180.11998867988586,"[8, 50, 180, True]"
51,On,19,4917,On,Off,Double,1878895332,234,2318,2717,61861,468,244205,52021,799946790,246,unlimited,none,100,2687.65,180.12274837493896,"[8, 50, 180, True]"
236,On,2,2293,Off,On,Off,2022127806,9420,6673,1849,37456,379,368496,75872,799946790,824,unlimited,1000,none,1067.91,361.2544832229614,"[8, 50, 180, True]"
508,On,19,4917,On,On,Off,822519106,865,89,627,25425,907,362508,79718,786154774,735,1000,none,none,2679.19,180.11591601371765,"[8, 50, 180, True]"
236,On,19,4917,On,On,Off,2022127806,6258,89,7345,25425,907,368496,79718,799946790,735,1000,none,none,2665.43,180.11824440956116,"[8, 50, 180, True]"
51,On,10,4917,On,On,Double,2022127806,2270,89,2456,45227,907,362508,52021,799946790,246,1000,none,none,2731.97,180.1115186214447,"[8, 50, 180, True]"
236,On,19,4917,On,Off,Off,537617188,6258,1810,1577,25425,531,368496,79718,1064981632,735,unlimited,1000,100,2697.77,180.09885215759277,"[8, 50, 180, True]"
256,On,10,2293,On,Off,Off,2111192547,865,6673,2456,45227,379,217240,84244,1064981632,132,unlimited,1000,100,2715.59,180.12404108047485,"[8, 50, 180, True]"
256,On,10,2293,On,On,Off,537617188,2270,1810,2456,37456,531,362508,84244,803784464,132,unlimited,1000,100,2615.72,361.2236213684082,"[8, 50, 180, True]"
256,On,24,6502,Off,Off,Off,2022127806,2270,739,2456,22995,531,833720,84244,1064981632,132,unlimited,100,100,637.46,180.11036372184753,"[8, 50, 180, True]"
174,On,10,2293,On,On,Off,537617188,6258,8187,1333,45227,688,362508,760,870704395,807,1000,1000,none,2658.59,180.11814618110657,"[8, 50, 180, True]"
122,On,48,6502,On,Off,Off,2022127806,865,3630,627,22995,688,833720,760,870704395,807,unlimited,200,none,2745.34,180.10192131996155,"[8, 50, 180, True]"
508,On,5,6502,On,Off,Off,2022127806,7009,4739,4766,22995,770,668845,59393,803784464,807,1000,none,none,2732.63,361.2328510284424,"[8, 50, 180, True]"
256,On,21,8671,On,Off,Off,2017270815,6258,4480,8109,61861,903,577640,60254,870704395,101,1000,100,500,2731.37,361.2449128627777,"[8, 50, 180, True]"
256,On,24,6502,On,On,Off,537617188,6373,4480,1333,61861,688,577640,760,278775988,807,unlimited,1000,none,2645.22,180.11407208442688,"[8, 50, 180, True]"
174,On,21,8671,On,Off,Off,2017270815,7009,5756,4766,22995,770,668845,59393,870704395,391,unlimited,1000,500,2760.76,361.23764634132385,"[8, 50, 180, True]"
256,On,10,2293,On,On,Off,2022127806,2270,6673,2456,45227,972,217240,52021,803784464,132,1000,1000,none,2783.58,542.3278350830078,"[8, 50, 180, True]"
51,On,10,4917,On,On,On,537617188,865,8084,2456,37456,907,362508,84244,799946790,246,unlimited,none,100,2694.11,361.183176279068,"[8, 50, 180, True]"
508,On,5,6502,On,Off,Off,2022127806,865,739,4766,22995,770,668845,59393,803784464,807,unlimited,none,none,2638.49,180.11744832992554,"[8, 50, 180, True]"
508,On,2,6502,On,Off,Off,2022127806,7009,4739,627,22995,688,833720,760,803784464,807,1000,200,none,2670.23,180.1078646183014,"[8, 50, 180, True]"
122,On,48,6502,On,Off,Off,2022127806,865,3630,627,22995,322,833720,760,870704395,807,unlimited,200,unlimited,2672.33,180.12142252922058,"[8, 50, 180, True]"
174,On,21,8671,On,Off,Off,2017270815,6373,408,6325,22995,531,668845,59393,278775988,246,unlimited,1000,100,2705.63,361.24639201164246,"[8, 50, 180, True]"
256,Off,21,8671,Off,Off,Off,1366768325,7009,5756,416,61861,770,577640,60254,870704395,391,unlimited,1000,500,510.61,180.10104990005493,"[8, 50, 180, True]"
122,On,48,6502,On,Off,Off,2022127806,7617,3630,627,22995,688,833720,760,870704395,807,unlimited,200,none,2690.58,180.09994864463806,"[8, 50, 180, True]"
174,On,21,6502,On,On,Off,2022127806,6373,4739,4766,61861,770,577640,19022,870704395,807,1000,none,none,2665.14,180.11566925048828,"[8, 50, 180, True]"
256,On,24,8671,On,Off,Off,2017270815,7009,408,6325,22995,531,668845,60254,278775988,246,unlimited,1000,100,2696.47,361.23110723495483,"[8, 50, 180, True]"
174,On,1,6502,On,On,Off,2022127806,865,739,1333,22995,688,833720,760,803784464,807,1000,200,none,2680.24,180.09311151504517,"[8, 50, 180, True]"
508,On,2,6502,On,Off,Off,948782058,6258,739,627,22995,787,833720,760,870704395,807,unlimited,100,none,2644.78,180.12527441978455,"[8, 50, 180, True]"
236,On,19,6069,On,Off,Off,2017270815,6258,5756,1577,22995,907,368496,59393,799946790,735,unlimited,1000,500,2702.43,180.11871027946472,"[8, 50, 180, True]"
174,On,21,8671,On,On,Off,2022127806,7009,89,4766,25425,770,668845,79718,870704395,391,1000,none,none,2662.43,180.09822177886963,"[8, 50, 180, True]"
508,On,10,6502,On,On,Off,2022127806,865,6673,4766,37456,379,668845,84244,803784464,132,unlimited,1000,100,2697.55,180.11885285377502,"[8, 50, 180, True]"
256,On,59,2293,On,Off,Off,537617188,6661,4739,2456,22995,770,217240,59393,803784464,807,1000,none,none,2740.27,361.24351978302,"[8, 50, 180, True]"
51,On,10,7389,On,On,Double,2022127806,2270,89,2456,45227,907,362508,52021,799946790,246,1000,none,none,2685.78,180.09918856620789,"[8, 50, 180, True]"
51,On,10,4917,On,On,Double,2022127806,2270,89,2456,45227,907,362508,52021,799946790,469,1000,none,none,2644.01,180.115375995636,"[8, 50, 180, True]"
174,On,21,8671,On,Off,On,2017270815,7009,5756,8109,61861,903,577640,59393,870704395,101,1000,100,500,2738.53,180.1052737236023,"[8, 50, 180, True]"
256,On,21,8671,On,Off,Off,2017270815,6258,5572,4766,22995,770,476743,60254,870704395,391,unlimited,1000,500,2824.71,180.10632967948914,"[8, 50, 180, True]"
256,On,59,2293,On,Off,Off,537617188,6661,4739,2456,61861,171,577640,59393,278775988,101,1000,1000,500,2716.34,180.11761903762817,"[8, 50, 180, True]"
256,On,21,8671,On,Off,Off,2017270815,6373,4480,8109,22995,770,217240,60254,803784464,807,unlimited,none,none,2695.47,180.11471033096313,"[8, 50, 180, True]"
256,On,48,6502,On,Off,Off,2022127806,6258,3630,627,22995,770,833720,60254,870704395,807,unlimited,200,500,2694.4,180.11694240570068,"[8, 50, 180, True]"
122,On,21,8671,On,Off,Off,2017270815,865,5572,4766,22995,688,476743,760,870704395,391,unlimited,1000,none,2635.0,180.05355834960938,"[8, 50, 180, True]"
51,On,21,8671,On,Off,Off,2017270815,234,2318,2717,61861,770,244205,52021,799946790,391,unlimited,none,100,2663.2,180.10759592056274,"[8, 50, 180, True]"
256,On,53,4917,On,Off,Double,1878895332,6258,5572,4766,22995,468,476743,60254,870704395,246,unlimited,1000,500,2715.25,180.10520315170288,"[8, 50, 180, True]"
51,On,10,4917,On,Off,Off,1878895332,2270,6673,2717,61861,468,107599,52021,803784464,246,unlimited,1000,100,2710.61,180.1074116230011,"[8, 50, 180, True]"
256,On,53,2293,On,On,Double,2022127806,234,2318,2456,45227,972,217240,52021,799946790,132,1000,none,none,2723.55,180.08486366271973,"[8, 50, 180, True]"
256,On,59,4917,On,Off,Off,1878895332,234,4739,1773,61861,770,217240,59393,799946790,246,unlimited,none,100,2633.48,180.12441205978394,"[8, 50, 180, True]"
51,On,53,2293,On,Off,Double,1015788853,6661,2318,2456,22995,468,244205,52021,803784464,807,1000,none,none,2840.24,361.19821190834045,"[8, 50, 180, True]"
256,On,21,8671,On,On,Off,2017270815,865,5572,2456,22995,379,476743,84244,870704395,391,unlimited,1000,500,2674.82,180.10946893692017,"[8, 50, 180, True]"
256,On,14,8514,On,Off,Off,1636452239,6258,1810,4766,37456,770,362508,60254,803784464,132,default,1000,100,2664.5,180.11297369003296,"[8, 50, 180, True]"
174,On,24,6502,On,On,On,2017270815,7009,5756,8109,32849,770,577640,59393,870704395,807,1000,none,none,2660.69,180.12133264541626,"[8, 50, 180, True]"
174,On,32,8671,On,Off,Off,2022127806,7009,4739,4766,47829,903,668845,59393,870704395,101,1000,100,500,2691.79,180.11845207214355,"[8, 50, 180, True]"
256,On,21,8671,On,On,Off,2022127806,6373,408,2456,61861,531,217240,52021,803784464,346,unlimited,1000,none,2676.41,180.12109875679016,"[8, 50, 180, True]"
256,On,10,2293,On,On,Off,2017270815,2270,6673,6325,45227,972,577640,60254,278775988,132,1000,1000,100,2645.43,180.09497451782227,"[8, 50, 180, True]"
51,On,48,6502,On,Off,Double,1878895332,234,2318,2717,22995,468,833720,52021,870704395,807,unlimited,unlimited,100,2704.29,180.12370896339417,"[8, 50, 180, True]"
122,On,53,4917,On,Off,Off,2022127806,865,3630,627,61861,688,244205,760,799946790,246,unlimited,200,1000,2712.36,361.25125908851624,"[8, 50, 180, True]"
174,On,24,6502,On,Off,On,2017270815,6373,4739,4766,22995,770,577640,59393,870704395,807,unlimited,1000,none,2677.66,180.11168265342712,"[8, 50, 180, True]"
256,On,21,8671,On,On,Off,2022127806,7009,4480,8109,61861,171,668845,60254,278775988,101,1000,none,500,2670.43,180.0990333557129,"[8, 50, 180, True]"
256,On,10,2293,On,Off,Off,537617188,2270,6673,2456,45227,972,217240,59393,803784464,807,1000,none,none,2691.28,180.10749292373657,"[8, 50, 180, True]"
256,On,59,2293,On,On,Off,2022127806,6661,4739,2456,22995,770,217240,52021,803784464,132,1000,1000,none,2661.2,180.10253143310547,"[8, 50, 180, True]"
174,On,53,8671,On,Off,Off,1015788853,7009,2318,4766,22995,468,668845,59393,870704395,391,unlimited,none,300,2652.8,180.1163809299469,"[8, 50, 180, True]"
51,On,21,2293,On,Off,Double,2017270815,6661,5756,6470,22995,770,244205,52021,803784464,807,1000,1000,500,2693.47,180.1039752960205,"[8, 50, 180, True]"
51,On,2,6502,On,Off,Double,2022127806,865,739,627,22995,468,244205,52021,803784464,807,1000,none,none,2690.07,180.12110233306885,"[8, 50, 180, True]"
508,Off,53,2293,On,Off,Off,1015788853,6661,2318,2456,22995,688,833720,760,803784464,807,unlimited,200,none,1364.0,180.124675989151,"[8, 50, 180, True]"
51,On,21,2293,On,Off,On,1015788853,6661,5756,2456,61861,903,244205,52021,803784464,807,1000,none,none,2656.03,180.1156210899353,"[8, 50, 180, True]"
402,On,53,8671,On,Off,Off,252567057,7009,2318,8109,22995,468,577640,59393,870704395,101,1000,100,500,2621.42,180.09375643730164,"[8, 50, 180, True]"
51,On,21,8671,On,Off,Off,1015788853,6661,5572,2456,22995,770,244205,78963,870704395,803,1000,none,none,2773.0,361.2397072315216,"[8, 50, 180, True]"
256,On,53,2293,On,Off,Double,2017270815,6258,2318,4766,22995,468,476743,60254,803784464,807,unlimited,1000,500,2684.9,180.1089630126953,"[8, 50, 180, True]"
256,On,21,4917,On,Off,Off,1878895332,6373,4480,8109,61861,468,577640,60254,414713327,101,200,1000,100,2752.35,180.1092278957367,"[8, 50, 180, True]"
51,On,4,8671,On,Off,Double,2017270815,234,2318,2717,61861,171,244205,52021,278775988,246,unlimited,none,500,2656.5,180.10349678993225,"[8, 50, 180, True]"
256,On,21,8671,On,Off,Off,537617188,6258,5572,4766,22995,770,217240,59393,803784464,391,unlimited,none,none,2674.08,361.234468460083,"[8, 50, 180, True]"
256,On,59,2293,On,Off,Off,2017270815,6661,4739,2456,22995,770,476743,60254,870704395,807,1000,1000,500,2691.5,180.1161925792694,"[8, 50, 180, True]"
236,On,19,4917,On,On,Off,2022127806,865,739,627,25425,688,368496,79718,799946790,807,1000,200,none,2669.05,180.12144231796265,"[8, 50, 180, True]"
508,On,2,6502,On,Off,Off,2022127806,4494,89,1577,58753,907,833720,760,803784464,735,unlimited,none,none,2722.22,180.10470533370972,"[8, 50, 180, True]"
51,On,53,4917,On,Off,Double,1878895332,234,2318,2717,61861,859,244205,52021,799946790,246,unlimited,none,100,2663.22,180.1041030883789,"[8, 50, 180, True]"
122,On,48,2400,On,Off,Off,2022127806,7886,3630,627,15409,688,833720,760,870704395,807,unlimited,200,none,2712.84,180.1221568584442,"[8, 50, 180, True]"
51,On,53,2293,On,Off,Double,1015788853,6661,2318,2456,22995,468,19774,52021,803784464,807,1000,none,none,2721.31,180.10583448410034,"[8, 50, 180, True]"
51,On,53,2293,On,Off,Double,1015788853,7575,4760,2456,22995,468,244205,52021,803784464,807,1000,none,none,2677.1,180.11909365653992,"[8, 50, 180, True]"
256,On,21,8671,On,Off,Off,2017270815,7009,5572,4766,61861,770,476743,59393,870704395,391,1000,1000,500,2693.98,180.1167061328888,"[8, 50, 180, True]"
174,On,21,8671,On,Off,On,2017270815,6258,5756,8109,22995,984,577640,60254,870704395,101,unlimited,100,500,2675.72,180.11491012573242,"[8, 50, 180, True]"
174,On,21,7438,On,Off,Off,2017270815,6258,5572,4766,22995,770,29647,60254,202509382,391,unlimited,1000,500,2621.21,180.1088206768036,"[8, 50, 180, True]"
256,On,21,8671,On,Off,Off,2017270815,7009,5756,4766,22995,770,668845,59393,870704395,391,unlimited,1000,500,2706.4,180.0707643032074,"[8, 50, 180, True]"
256,On,53,8671,On,Off,Off,1878895332,234,5572,4766,61861,770,244205,60254,870704395,391,unlimited,100,100,2702.89,361.24136185646057,"[8, 50, 180, True]"
51,On,21,4917,On,Off,Double,2017270815,6258,2318,2717,22995,468,476743,52021,799946790,246,unlimited,1000,500,2694.25,180.12387204170227,"[8, 50, 180, True]"
210,On,2,2293,On,Off,Double,1015788853,865,739,627,22995,468,833720,52021,803784464,807,1000,200,none,2704.28,180.11105132102966,"[8, 50, 180, True]"
508,On,53,6502,On,Off,Off,2022127806,6661,3377,2456,22995,688,244205,760,803784464,807,unlimited,none,none,2730.49,361.23641753196716,"[8, 50, 180, True]"
219,On,21,8671,On,Off,Off,2017270815,6258,5572,4766,22995,770,476743,60254,870704395,391,unlimited,1000,500,2677.33,180.11367774009705,"[8, 50, 180, True]"
256,On,21,8671,On,Off,Off,2017270815,6258,5572,4766,22995,770,476743,60254,212044947,391,unlimited,1000,500,2681.38,180.11720490455627,"[8, 50, 180, True]"
256,On,21,4917,On,Off,Off,1878895332,6373,4480,8109,61861,468,545346,60254,414713327,101,200,200,100,2654.85,180.11389756202698,"[8, 50, 180, True]"
256,On,59,2293,On,Off,Off,1636452239,6661,1810,2456,22995,770,362508,84244,803784464,807,1000,1000,100,2692.81,361.22855019569397,"[8, 50, 180, True]"
256,On,14,8206,On,On,Off,537617188,865,4739,2456,37456,379,217240,59393,803784464,132,default,none,none,2668.07,180.09063410758972,"[8, 50, 180, True]"
174,On,21,8671,On,Off,Off,2017270815,7009,5756,4766,22995,770,668845,59393,870704395,442,1000,none,500,2663.65,180.10798859596252,"[8, 50, 180, True]"
174,On,24,6502,On,On,Off,1892789641,7009,4739,4766,22995,770,15701,59393,870704395,391,unlimited,none,none,2703.38,180.12261080741882,"[8, 50, 180, True]"
174,On,21,3102,On,Off,Off,2017270815,6258,5756,4766,22995,770,476743,59393,870704395,391,unlimited,1000,500,2653.41,180.06123566627502,"[8, 50, 180, True]"
256,On,21,8671,Off,Off,Off,2017270815,7009,5572,4766,22995,770,668845,60254,870704395,391,unlimited,1000,500,652.28,180.09772396087646,"[8, 50, 180, True]"
256,On,14,6502,On,On,Off,1636452239,865,1810,2456,37456,379,833720,84244,803784464,132,unlimited,1000,100,2714.93,361.24401807785034,"[8, 50, 180, True]"
508,On,2,8206,On,Off,Off,2022127806,3814,739,627,22995,688,362508,760,803784464,807,default,200,none,2640.64,180.10850477218628,"[8, 50, 180, True]"
174,On,21,4917,On,On,Off,2017270815,7009,4480,4766,61861,794,668845,96302,870704395,391,200,1000,100,2682.15,180.1134011745453,"[8, 50, 180, True]"
256,Off,21,8671,On,Off,Off,2017270815,6258,408,8109,61861,531,577640,79208,278775988,246,1000,100,100,1262.46,180.10745859146118,"[8, 50, 180, True]"
256,On,21,8671,On,Off,Off,2017270815,6373,4480,6325,61861,903,577640,60254,1031307238,101,unlimited,1000,500,2731.11,361.23603773117065,"[8, 50, 180, True]"
256,On,21,8671,On,Off,Off,1636452239,6373,4480,2456,37456,171,577640,60254,803784464,101,unlimited,1000,100,2670.85,180.10380721092224,"[8, 50, 180, True]"
256,On,14,8206,On,On,Off,2017270815,865,1810,8109,61861,379,362508,84244,278775988,132,default,1000,500,2655.58,180.10823488235474,"[8, 50, 180, True]"
256,On,14,8671,On,On,Off,2017270815,6373,1810,8109,37456,171,577640,60254,278775988,101,unlimited,1000,500,2692.71,180.10006976127625,"[8, 50, 180, True]"
256,On,21,8206,On,Off,Off,1636452239,865,4480,2456,61861,379,362508,84244,803784464,132,default,1000,100,2668.68,180.11804485321045,"[8, 50, 180, True]"
51,On,48,6502,On,Off,Off,2022127806,6661,5572,2456,22995,688,244205,78963,870704395,803,1000,200,none,2677.63,180.11507105827332,"[8, 50, 180, True]"
363,On,21,8671,On,Off,Off,1015788853,865,3630,627,22995,770,833720,760,870704395,807,unlimited,none,none,2676.17,180.11176538467407,"[8, 50, 180, True]"
51,On,21,8671,On,Off,Off,2017270815,234,5756,4766,22995,468,668845,52021,870704395,391,unlimited,1000,500,2694.07,180.12223601341248,"[8, 50, 180, True]"
174,On,53,4917,On,Off,Double,1878895332,7009,2318,2717,61861,770,244205,59393,799946790,246,unlimited,none,100,2667.66,180.09878873825073,"[8, 50, 180, True]"
122,On,48,1866,On,Off,Off,2022127806,865,3630,627,22995,688,833720,760,870704395,807,unlimited,200,none,2677.01,180.1232030391693,"[8, 50, 180, True]"
122,On,48,6502,On,Off,Off,1897244874,865,3630,5870,22995,688,246837,760,870704395,807,unlimited,200,none,2660.94,180.1092619895935,"[8, 50, 180, True]"
51,Off,21,8671,On,Off,Double,2017270815,6661,2318,4766,22995,468,476743,60254,870704395,807,1000,1000,500,450.59,180.12139296531677,"[8, 50, 180, True]"
256,On,53,2293,On,On,Off,1015788853,6258,5572,2456,22995,770,244205,52021,803784464,391,unlimited,none,none,2676.34,180.10173273086548,"[8, 50, 180, True]"
508,On,2,4917,On,Off,Off,1878895332,865,4480,8109,22995,688,577640,60254,803784464,721,200,1000,100,2653.1,180.12134790420532,"[8, 50, 180, True]"
256,On,21,6502,On,Off,Off,2022127806,6373,739,627,61861,468,833720,760,414713327,101,unlimited,200,none,2719.07,180.11544346809387,"[8, 50, 180, True]"
51,On,21,2293,On,Off,Off,1015788853,6373,629,2456,22995,468,244205,60254,803784464,101,1000,500,100,2696.94,180.0892848968506,"[8, 50, 180, True]"
256,On,53,4917,On,Off,Double,1878895332,6661,4480,8109,44956,468,577640,52021,414713327,807,200,1000,none,2787.33,180.1163945198059,"[8, 50, 180, True]"
256,On,53,2293,On,Off,Off,1015788853,6661,2318,2456,22995,468,577640,52021,414713327,807,1000,none,none,2701.84,180.1089551448822,"[8, 50, 180, True]"
51,On,21,4917,On,Off,Double,1878895332,6373,4480,8109,61861,468,244205,60254,803784464,101,200,1000,100,2706.18,180.1137752532959,"[8, 50, 180, True]"
51,On,53,6502,On,Off,Off,2022127806,6661,2318,2456,22995,468,244205,760,803784464,807,unlimited,200,none,2685.56,180.1204981803894,"[8, 50, 180, True]"
122,On,48,2293,On,Off,Double,1015788853,865,3630,627,22995,688,833720,52021,870704395,807,1000,none,none,2706.41,180.11012411117554,"[8, 50, 180, True]"
256,On,53,8206,On,Off,Double,1015788853,865,2318,2456,37456,379,362508,84244,803784464,807,default,1000,100,2670.63,180.1195831298828,"[8, 50, 180, True]"
51,On,14,2293,On,On,Off,1636452239,6661,1810,2456,22995,468,244205,52021,803784464,132,1000,none,none,2689.79,180.11165380477905,"[8, 50, 180, True]"
51,On,53,4917,On,Off,Double,1980673213,234,4480,2717,61861,468,577640,52021,414713327,807,200,none,none,2651.28,180.1211543083191,"[8, 50, 180, True]"
544,On,53,4917,On,Off,Double,1878895332,6661,2318,8109,44956,468,244205,1516,799946790,246,unlimited,1000,100,2689.42,180.12170100212097,"[8, 50, 180, True]"
256,On,21,8671,On,Off,Off,2017270815,6258,4480,8109,22995,770,476743,60254,414713327,391,unlimited,1000,100,2641.75,180.10532212257385,"[8, 50, 180, True]"
