innodb_thread_concurrency,max_allowed_packet,innodb_io_capacity_max,tmp_table_size,query_prealloc_size,max_heap_table_size,transaction_alloc_block_size,join_buffer_size,innodb_flush_log_at_trx_commit,innodb_max_dirty_pages_pct_lwm,innodb_buffer_pool_size,key_cache_age_threshold,binlog_cache_size,innodb_purge_rseg_truncate_frequency,query_cache_limit,binlog_row_image,innodb_lru_scan_depth,sort_buffer_size,innodb_stats_transient_sample_pages,innodb_adaptive_max_sleep_delay,throughput,cost,fidelity,prepare_time,run_time,clean_time
649,904621484,26817,693642247,120409308,5717895,117917,433958303,2,5,12397044055,26048,2562133117,57,76897462,full,6271,59062864,80,131110,254.38,254.28946185112,"[180, 50, 100000, 4, 0.5]",69.31825613975525,180.09515857696533,1.3945152759552002
894,431450084,8147,1041008030,22916288,157850559,78540,533468510,2,61,15155976483,591,3491399072,127,34344656,full,6283,71093598,1,732920,268.15,245.57429838180542,"[180, 50, 100000, 4, 0.5]",61.02300405502319,180.18703174591064,1.2579669952392578
986,204870207,15717,689197432,44325422,158262211,13093,787776177,2,8,13118149971,11014,2773317011,20,31282563,full,8590,117399782,92,346121,254.66,250.23311972618103,"[180, 50, 100000, 4, 0.5]",65.78802371025085,180.08127522468567,1.2648882865905762
857,739461393,14318,177813346,29061320,220793054,13150,644808928,2,87,15193090574,25689,4010124735,13,60851210,minimal,9076,131670401,91,943152,255.67,243.50748348236084,"[180, 50, 100000, 4, 0.5]",59.21925377845764,180.10371255874634,1.0924320220947266
520,483149384,24680,949935228,20047341,383205829,92440,561546037,1,59,11407914122,20859,3937134511,99,124321069,minimal,4003,114787123,17,318902,229.32,251.0430829524994,"[180, 50, 100000, 4, 0.5]",65.82144570350647,180.0994942188263,2.022547721862793
917,525035219,5571,516859836,95955061,881442236,102401,208122487,0,21,14180216281,23439,685869816,3,20536136,full,2022,80181715,79,418747,280.39,243.82765698432922,"[180, 50, 100000, 4, 0.5]",59.221813917160034,180.08535242080688,1.4269700050354004
948,646735984,4287,666908175,52408228,528354111,57653,494552554,2,4,12414684485,17035,112246118,19,49014606,full,1247,91703313,67,563105,281.55,242.66984033584595,"[180, 50, 100000, 4, 0.5]",58.243202447891235,180.1722273826599,1.1540138721466064
165,922430341,6687,757979438,87445644,843703831,51310,127766217,1,4,12154098952,8276,335737181,92,98847787,full,2712,61754283,3,235106,246.71,256.6940197944641,"[180, 50, 100000, 4, 0.5]",70.19049549102783,180.10529899597168,3.299701452255249
906,1014947980,7007,772857360,33902485,519349398,117004,893871514,0,24,10344506469,9562,3889822682,27,133429366,noblob,5513,110915627,63,35158,266.18,242.77431654930115,"[180, 50, 100000, 4, 0.5]",57.97987508773804,180.16405487060547,1.5310211181640625
790,639092897,36351,646964125,23164398,17035799,1432,1069601093,0,40,11568834718,27012,3229364748,27,104615647,noblob,4977,100639513,44,711156,249.03,254.57501006126404,"[180, 50, 100000, 4, 0.5]",70.27691793441772,180.1981909275055,0.9936816692352295
78,158756234,5592,670951999,86861200,385061871,90888,158251787,0,12,11154173683,25669,3874975909,24,9025550,noblob,720,78536005,61,713328,282.08,253.8288493156433,"[180, 50, 100000, 4, 0.5]",69.42233419418335,180.11831831932068,1.1863243579864502
889,709618646,1796,184530989,93918408,981940618,50403,627276421,2,50,11349510364,19430,1423078150,39,35950156,minimal,839,85170479,90,150357,300.45,242.74939727783203,"[180, 50, 100000, 4, 0.5]",58.42057514190674,180.13426446914673,1.0996863842010498
418,913984373,1640,944488902,24597162,1025278093,36948,238010493,1,6,10667058727,3255,1021293906,74,60936618,minimal,1634,35922277,42,714477,276.65,250.52942895889282,"[180, 50, 100000, 4, 0.5]",65.65100955963135,180.22567439079285,1.5658726692199707
288,680955850,10309,100507747,55296851,1057993874,90231,856431868,1,53,11149369244,22267,2409125468,112,10412027,full,410,88379223,31,45390,231.77,249.24451804161072,"[180, 50, 100000, 4, 0.5]",62.49714231491089,180.2509355545044,3.393939256668091
376,447859269,2853,1051016512,9383152,948611115,24672,433992865,1,77,11957716269,21808,2070508443,92,106182274,minimal,523,110097152,60,590314,254.15,244.44982290267944,"[180, 50, 100000, 4, 0.5]",59.351364612579346,180.19061183929443,1.8196227550506592
396,925233742,564,484278,10340438,179940465,40188,231563171,0,32,10565968157,2267,2288891510,40,4512952,full,3617,53956254,93,892848,361.75,248.46034383773804,"[180, 50, 100000, 4, 0.5]",64.05388069152832,180.13437604904175,1.1492834091186523
812,108768292,596,121186614,119885607,350354214,11258,603885690,2,19,14645230048,1067,3921678264,71,84723718,noblob,8556,1840442,26,456071,363.17,260.2421462535858,"[180, 50, 100000, 4, 0.5]",76.15314841270447,180.0930416584015,0.9095721244812012
871,682592563,37465,40695709,50344183,353478986,22616,217935849,2,40,10548226572,10198,3215250104,6,74474554,noblob,3822,4209023,69,306395,262.95,250.65003299713135,"[180, 50, 100000, 4, 0.5]",66.39564538002014,180.16066980361938,1.0078458786010742
600,344519934,4758,477658072,82176426,564869644,8558,714175991,2,26,12943119264,866,4114261158,108,60236728,minimal,7792,1684888,22,623904,284.15,243.94338941574097,"[180, 50, 100000, 4, 0.5]",59.57533049583435,180.10967373847961,1.166736364364624
324,1046187624,315,351220878,77686393,273458962,1132,530618883,0,89,13574345807,1617,2843251963,72,31360162,full,3056,16168080,96,715524,380.74,250.59361457824707,"[180, 50, 100000, 4, 0.5]",66.38111305236816,180.08628177642822,1.0116446018218994
337,281039814,1128,933220152,48820507,316910892,38252,1047035162,1,82,12918905382,8749,125661512,71,48703667,full,8464,94498902,36,74038,267.77,247.24001932144165,"[180, 50, 100000, 4, 0.5]",62.098172664642334,180.14558243751526,1.8929774761199951
125,290686493,385,829603401,9066318,287728877,27887,171652791,0,84,12687386074,15020,3926871001,19,71186136,minimal,125,122482103,79,312786,356.86,243.95773243904114,"[180, 50, 100000, 4, 0.5]",59.66888093948364,180.18401265144348,1.0121541023254395
978,370038279,1480,397734043,89251342,111326173,4121,825764512,1,64,13892774470,10689,1697334984,87,25685041,noblob,10233,64774964,97,847121,282.91,253.56122159957886,"[180, 50, 100000, 4, 0.5]",67.25253987312317,180.33114576339722,2.894192934036255
468,61920120,689,483168684,112221760,79628363,73481,801632904,1,79,13846190549,27208,39378388,122,21038549,minimal,2651,47314149,28,541942,316.75,248.27354502677917,"[180, 50, 100000, 4, 0.5]",63.0417799949646,180.10985469818115,2.0182223320007324
265,1003292734,3145,328645053,8921963,994318933,50902,3903828,1,14,11898663639,22377,2154856309,98,128673320,full,6750,59864919,18,247677,272.52,251.6477987766266,"[180, 50, 100000, 4, 0.5]",66.79764318466187,180.10388445854187,1.660966396331787
844,291058083,136,284774235,122569905,444072693,96545,435523682,1,53,11236180789,12048,2602396353,91,123924823,noblob,1823,81036090,25,318058,337.98,250.48992347717285,"[180, 50, 100000, 4, 0.5]",65.42117500305176,180.1362602710724,1.8407108783721924
624,310974949,937,424734904,84666300,523178917,99768,596992608,0,76,14374307102,3988,1731632023,86,118478687,full,6608,115803243,1,958231,326.81,251.38481092453003,"[180, 50, 100000, 4, 0.5]",67.00369024276733,180.18495917320251,1.0923893451690674
327,468332621,4785,506674257,98655063,419942577,119691,844882115,1,77,10677588737,2869,3413605718,43,115898752,full,518,119839712,3,290947,254.25,243.4646511077881,"[180, 50, 100000, 4, 0.5]",58.25054144859314,180.15122532844543,1.974905252456665
366,349979276,1040,972602354,66761815,565169463,103469,424908691,0,88,13099044498,3034,986194957,3,73702468,full,3158,49296928,22,495024,318.75,253.51944255828857,"[180, 50, 100000, 4, 0.5]",69.07028722763062,180.14128518104553,1.1978251934051514
297,413429589,15301,121520171,96825366,524379816,88526,157489611,2,43,12243911531,20180,148989698,112,27938237,minimal,7423,76058275,48,262060,261.49,245.50649070739746,"[180, 50, 100000, 4, 0.5]",60.86592936515808,180.08930325508118,1.4495716094970703
175,918494498,18719,196811801,84275252,599935866,50686,20091179,0,79,11531934585,24728,1090739488,76,11914266,full,2497,47156844,26,447745,262.74,252.54763889312744,"[180, 50, 100000, 4, 0.5]",67.71613597869873,180.14635133743286,1.5784258842468262
584,485228051,3796,10717240,4842398,330136965,69565,1067560762,0,72,14617621704,24688,1898329571,53,92468846,minimal,2505,72947112,86,607878,282.16,251.4154987335205,"[180, 50, 100000, 4, 0.5]",66.97574305534363,180.14964294433594,1.2003166675567627
471,232491057,412,538130046,41864325,995334283,56119,1012214730,2,91,12064494185,25641,263590956,81,105403900,full,5888,122756821,58,135267,359.4,252.81697392463684,"[180, 50, 100000, 4, 0.5]",68.55502820014954,180.1698501110077,0.9983048439025879
905,104605546,6251,68281468,7474317,710360331,13085,928302500,1,26,14727979734,29098,242770221,102,31236499,full,3889,19016265,55,863782,251.94,251.44950246810913,"[180, 50, 100000, 4, 0.5]",64.31599569320679,180.21850681304932,3.8198466300964355
232,723676603,5376,146318271,80180952,185736546,33218,333528860,0,27,10472518933,2363,3952264027,114,88801484,minimal,129,61099230,86,139869,288.32,248.7377998828888,"[180, 50, 100000, 4, 0.5]",64.08595085144043,180.10824584960938,1.4495434761047363
920,890026031,4621,62370269,118447384,1012876370,46055,726348878,1,47,11342167340,8510,3238769589,75,10200148,full,1451,125556462,92,858215,248.09,244.15448188781738,"[180, 50, 100000, 4, 0.5]",58.80964732170105,180.20738911628723,2.034590005874634
163,1000664139,4862,784594354,61179059,280259127,96855,586307588,0,89,10753528814,26184,1241485051,41,16664526,minimal,3873,26037205,63,189808,285.76,241.3574607372284,"[180, 50, 100000, 4, 0.5]",57.05411958694458,180.13711643218994,1.0313751697540283
51,949727173,5567,121621871,95899247,658253661,16282,471908652,2,15,14819604333,14068,3660641890,108,83948624,full,3535,86191709,21,12202,283.95,246.63326263427734,"[180, 50, 100000, 4, 0.5]",62.08211946487427,180.17966604232788,1.273465633392334
352,301655096,5119,251129027,77300648,806373584,115920,1060890421,1,38,10852428803,14276,4067197254,97,70743917,noblob,3638,87431166,42,664769,252.6,253.13061714172363,"[180, 50, 100000, 4, 0.5]",67.93425941467285,180.10077595710754,2.002065658569336
794,1059036816,5429,822727980,109314670,410571863,25429,449618069,1,29,10391955825,25886,3298633255,114,95585006,minimal,1152,89451130,64,562703,255.57,252.63598203659058,"[180, 50, 100000, 4, 0.5]",66.38964509963989,180.11467361450195,3.0298821926116943
550,5763235,4635,49940667,495069,555711482,124981,689666862,2,94,11854429106,15145,3634676015,55,125081555,minimal,2418,59097988,29,708973,285.53,245.62892723083496,"[180, 50, 100000, 4, 0.5]",61.360759258270264,180.14971160888672,1.0159962177276611
828,688503834,4117,140471439,115795703,971642800,64078,1042741506,2,17,11286895246,11465,4219314052,123,93265323,full,3288,88308759,44,10098,290.0,250.2867786884308,"[180, 50, 100000, 4, 0.5]",65.66394543647766,180.16001176834106,1.3714580535888672
238,194313444,5705,794884763,43111602,688149753,50002,980485866,2,38,13370018793,28306,1758346907,33,105627914,full,9828,59015766,94,473126,280.16,252.06345129013062,"[180, 50, 100000, 4, 0.5]",67.69308924674988,180.1148920059204,1.1540627479553223
525,35501542,605,108458483,113567233,731050624,40729,19460022,1,40,14853973725,18153,203373650,85,28596601,minimal,8905,128187405,62,133649,327.07,260.46177530288696,"[180, 50, 100000, 4, 0.5]",75.35990977287292,180.09226655960083,1.9114289283752441
829,641895146,4819,881636176,27371521,1062592605,124428,815029483,2,50,14753096732,9974,3245768925,109,7068021,minimal,5221,90243755,64,784538,278.01,244.7542712688446,"[180, 50, 100000, 4, 0.5]",60.42711687088013,180.12117624282837,1.111220359802246
422,63804141,4906,35767819,107916062,1058752683,11756,822724857,0,65,13264174434,4363,1332720334,60,82411002,minimal,3610,45704329,42,43143,290.64,247.79797673225403,"[180, 50, 100000, 4, 0.5]",63.16667914390564,180.15228915214539,1.3856220245361328
931,9908369,4410,649049382,94951299,483853852,87921,300403107,1,20,12275655440,1528,2148541026,57,60137018,minimal,625,88582762,14,178484,235.75,249.51909685134888,"[180, 50, 100000, 4, 0.5]",64.40608859062195,180.10753965377808,1.8988137245178223
635,711637261,2734,71406229,126064973,548009036,41992,452105794,0,95,11982939676,17558,216816021,35,40180281,full,9762,8194537,15,834196,308.31,244.67550921440125,"[180, 50, 100000, 4, 0.5]",59.85112285614014,180.14622569084167,1.5002470016479492
135,444121426,2532,263929504,96169797,892814151,117745,530221623,2,61,12927367057,1473,471376688,83,48712199,noblob,4756,99915820,8,577890,294.7,248.00746822357178,"[180, 50, 100000, 4, 0.5]",63.65013933181763,180.19305777549744,1.0624721050262451
290,141940770,2534,290440270,69763671,993093620,127357,427032101,0,69,13157205124,15080,2931618690,126,39920020,noblob,399,133834071,59,331096,302.61,253.04411005973816,"[180, 50, 100000, 4, 0.5]",68.53751730918884,180.13596963882446,1.2583537101745605
355,769226033,2632,285410305,47471968,651474178,78148,423609844,0,10,15114125666,15814,3973406840,108,107076242,noblob,3856,123926368,34,537302,287.63,251.88719701766968,"[180, 50, 100000, 4, 0.5]",67.53822731971741,180.13792419433594,1.0510177612304688
766,3928035,1685,70376915,74588709,315729558,8676,354764808,0,48,10499980161,26027,3822467668,48,87912306,minimal,10101,101828454,63,409682,303.7,243.67722940444946,"[180, 50, 100000, 4, 0.5]",59.20865082740784,180.18889260292053,1.189333200454712
314,813231247,3035,345513550,71875426,920969796,99728,341329559,1,45,12094467847,19936,2950538244,6,10647810,noblob,272,66738750,28,153663,243.78,249.83582162857056,"[180, 50, 100000, 4, 0.5]",63.59782934188843,180.27829360961914,2.874246835708618
319,228370813,2885,732060036,119871225,495670971,68654,584346329,0,21,11428242453,23930,3643343171,15,60349608,minimal,2503,118212336,32,172279,297.16,243.28884530067444,"[180, 50, 100000, 4, 0.5]",59.03207731246948,180.10167503356934,1.0724165439605713
846,238672535,3446,112859908,108604958,569666062,120732,185056560,0,61,11249413975,7986,3005563637,66,33625895,noblob,9517,120027899,7,709501,299.91,250.32184386253357,"[180, 50, 100000, 4, 0.5]",65.65441489219666,180.129558801651,1.4343461990356445
470,428966822,3143,623699517,128011459,816821379,118723,543116634,0,23,10495959531,18509,4049925017,10,22194681,full,130,117070747,91,160840,289.18,244.57560515403748,"[180, 50, 100000, 4, 0.5]",60.25761842727661,180.10006833076477,1.130180835723877
820,242080536,3473,46922359,120259601,688823723,68528,151741599,1,49,13383433835,12185,1606128732,27,85124401,noblob,4410,66774885,16,48365,248.75,241.56271171569824,"[180, 50, 100000, 4, 0.5]",56.65679359436035,180.10069632530212,1.7109229564666748
967,369671309,2696,1003874251,126223616,1004031724,90912,326110650,0,71,13737870222,29166,891104073,104,31287522,minimal,1004,4140816,17,61674,308.4,243.53392910957336,"[180, 50, 100000, 4, 0.5]",59.22587442398071,180.08253121376038,1.1249337196350098
110,1052208340,2289,410511070,127056541,909731953,83159,134262181,2,86,14812427635,3535,2610980118,23,17743497,minimal,470,2599622,16,744409,302.3,258.71699237823486,"[180, 50, 100000, 4, 0.5]",74.35785865783691,180.08524990081787,1.1768603324890137
714,916246746,3112,968557299,118941279,215981902,85063,849613060,0,23,14131326605,8474,717175503,38,64930475,full,4465,29437816,14,32761,297.73,242.70918011665344,"[180, 50, 100000, 4, 0.5]",58.247456312179565,180.11080074310303,1.2556180953979492
68,1021097945,4178,73716570,128380528,522220999,44472,485566092,0,89,11478662121,24188,1936183856,109,36089027,noblob,166,132989457,7,352523,278.49,242.7576174736023,"[180, 50, 100000, 4, 0.5]",58.311461210250854,180.17621660232544,1.183548927307129
838,104631839,2864,610891071,74487259,940021772,121431,407989137,1,94,12585447553,16413,372588330,12,88253267,full,534,82753491,34,190199,247.44,247.4892725944519,"[180, 50, 100000, 4, 0.5]",62.32880401611328,180.07970905303955,1.899388074874878
660,956378357,2679,953854146,132120623,164020777,81797,390506924,1,24,14663577513,2657,4069829908,55,68942630,full,1009,97271917,48,617004,260.07,249.90512824058533,"[180, 50, 100000, 4, 0.5]",64.8136899471283,180.12335205078125,1.8809421062469482
943,605745634,2778,75527844,61716147,535076251,100859,184449760,1,90,10632096580,7416,3241745919,104,76748355,minimal,5555,18952230,46,839077,249.15,242.89398789405823,"[180, 50, 100000, 4, 0.5]",57.629302978515625,180.08816647529602,2.071794271469116
232,839447669,144,236474031,75144827,44686603,55314,861352871,2,16,12967678484,22254,1754111735,9,7722154,full,5243,25456465,72,519728,369.5,245.9045000076294,"[180, 50, 100000, 4, 0.5]",61.79068350791931,180.10844683647156,0.9132475852966309
272,619063425,2701,937815584,76007742,438578821,45949,66913139,1,96,13906811158,14676,2482286683,90,6534583,noblob,283,37927742,31,114117,270.88,246.14325547218323,"[180, 50, 100000, 4, 0.5]",60.899651288986206,180.0902280807495,2.0519094467163086
561,889754534,2655,376508789,120430287,933808549,79702,1071541025,1,80,12226381729,21774,1967074595,26,47297641,full,739,66813689,92,341130,259.05,252.82923531532288,"[180, 50, 100000, 4, 0.5]",65.56853604316711,180.08496618270874,4.093313217163086
701,884054150,2923,761669111,19819212,196312943,126047,332850991,0,76,14057636859,15614,403180466,69,67000571,full,3412,112891792,53,291378,298.71,245.17943406105042,"[180, 50, 100000, 4, 0.5]",60.853310346603394,180.1531012058258,1.0759546756744385
93,41947648,2253,271374913,110521582,765944159,27390,234866854,1,19,13344788417,26210,49686881,72,74232317,minimal,1893,107352114,25,342693,275.22,253.520854473114,"[180, 50, 100000, 4, 0.5]",68.28027653694153,180.11326837539673,2.003659725189209
986,905751984,1333,128652436,7814876,103910751,46221,5210701,1,93,15593272417,19879,2611703839,76,11743608,noblob,4844,21354392,64,986235,272.42,246.70581555366516,"[180, 50, 100000, 4, 0.5]",61.710219621658325,180.1237668991089,1.781064748764038
754,820614806,3020,930051254,132877515,732350495,93858,331414338,2,17,11544601584,19577,3125929931,28,73239435,noblob,9869,120206084,37,773956,292.47,243.42052483558655,"[180, 50, 100000, 4, 0.5]",59.01249289512634,180.1692066192627,1.1504414081573486
956,436142503,2709,583757926,72607157,735565955,61113,10784824,0,71,12435081267,21091,3879004128,55,93679259,full,559,70828747,11,364718,292.84,251.38384175300598,"[180, 50, 100000, 4, 0.5]",67.02677965164185,180.13653182983398,1.1311089992523193
311,356862138,6166,408734106,60979503,955709673,107863,409467382,0,14,12171509741,3355,2046071861,88,122301561,minimal,7648,90296061,15,123745,277.19,243.2420883178711,"[180, 50, 100000, 4, 0.5]",58.80719804763794,180.1124358177185,1.2368290424346924
560,723470341,2178,642398191,67083402,19991612,35161,769680820,0,78,11110279870,4489,2654380456,47,114186514,minimal,3254,11372369,92,819084,312.15,250.0464358329773,"[180, 50, 100000, 4, 0.5]",65.74668622016907,180.0917842388153,1.1031219959259033
356,961416810,2849,303367033,130898853,408487325,99471,597830913,2,20,10822025893,19791,3320559155,75,27650260,full,9832,54043027,16,562247,289.71,242.8337118625641,"[180, 50, 100000, 4, 0.5]",58.521016359329224,180.15183329582214,1.0595612525939941
28,181295445,880,351813660,24720468,1047342946,27570,992638604,2,26,12051398390,14210,1049218853,77,77785629,minimal,3304,78166733,19,754638,328.1,250.6339271068573,"[180, 50, 100000, 4, 0.5]",66.38341999053955,180.10626435279846,1.0445599555969238
851,602716894,1234,296818033,54306935,414619959,93321,626499410,2,64,14861171707,21774,4212877126,112,41152198,minimal,5588,125426996,96,10422,316.62,258.01911902427673,"[180, 50, 100000, 4, 0.5]",73.58591151237488,180.21002435684204,1.1039583683013916
778,531586612,2139,992333463,64603994,47308589,32421,620600667,2,96,14813688636,26352,4187974281,85,126269954,full,3789,5390970,50,807107,307.14,244.47151017189026,"[180, 50, 100000, 4, 0.5]",60.118823766708374,180.06072235107422,1.190082311630249
935,723444339,1332,268205688,115825349,512725809,99453,922455758,1,98,12411873597,7859,62732850,39,123031680,full,2064,13527769,20,357811,291.73,251.78650307655334,"[180, 50, 100000, 4, 0.5]",66.65475821495056,180.110942363739,1.9193668365478516
635,132872349,2300,735629825,76828943,138035889,19483,441231817,2,86,11977853813,7185,772202301,125,118677208,minimal,449,3336059,52,945647,312.71,244.1696093082428,"[180, 50, 100000, 4, 0.5]",59.65788269042969,180.15350818634033,1.270519495010376
920,692540522,2116,345606866,24806862,49955619,78323,757523227,2,61,11585483745,1888,1209767591,39,122224839,full,5064,98751757,48,858426,295.86,247.81185245513916,"[180, 50, 100000, 4, 0.5]",63.53422713279724,180.08215832710266,1.103010654449463
500,95383388,2470,419443489,70991395,907445322,103250,321565944,1,53,11802271137,26553,611084370,69,118502923,minimal,2189,3913413,81,909411,270.15,255.50143694877625,"[180, 50, 100000, 4, 0.5]",70.33323550224304,180.09153938293457,1.9632463455200195
965,568074900,1205,280004930,46088487,734322301,13135,804573459,2,77,13303919447,15876,4233003896,52,114599804,minimal,2340,80854103,9,573113,303.14,243.82621383666992,"[180, 50, 100000, 4, 0.5]",59.58813762664795,180.09587693214417,1.05269455909729
461,550073475,2101,751091321,123129102,390490619,123268,156419651,2,92,14898355850,9160,1964371685,128,108305553,noblob,8336,101977943,5,982,304.96,252.68819975852966,"[180, 50, 100000, 4, 0.5]",68.10702705383301,180.08756589889526,1.4068663120269775
765,1062968095,1427,800172316,67652092,63992261,109456,672969772,1,85,11075241592,6357,3741676888,109,31954640,full,433,26119414,50,247660,262.56,246.66077756881714,"[180, 50, 100000, 4, 0.5]",61.60886764526367,180.07753705978394,1.881030559539795
969,225999199,1223,984346311,96470537,171530499,37444,778828257,2,62,11654859684,27575,170348812,29,48098835,minimal,6276,43976449,50,498851,324.58,244.01093244552612,"[180, 50, 100000, 4, 0.5]",59.72677135467529,180.10658264160156,1.0894510746002197
798,822665322,1093,981293660,1291608,770480992,104371,847031108,1,91,11768830853,19050,3985056015,108,110364659,full,3578,108722885,96,709295,261.08,248.68992400169373,"[180, 50, 100000, 4, 0.5]",63.43280601501465,180.07621836662292,1.955186128616333
424,1019745658,1114,442205288,3804421,894311969,94232,124076582,2,67,15422924444,29801,3407834820,24,47535346,full,1185,60011847,28,559737,314.47,244.4191699028015,"[180, 50, 100000, 4, 0.5]",60.200974464416504,180.0761616230011,1.0574815273284912
757,176537046,2127,823264450,126404538,421366964,122855,1047941695,2,89,13088235863,25021,437967016,2,20794094,full,8931,89489353,90,812578,283.65,246.03775000572205,"[180, 50, 100000, 4, 0.5]",60.560954093933105,180.16044783592224,2.1466128826141357
16,297801071,1052,964089815,44355971,109188116,78286,749432411,1,12,14488966108,26573,489910530,86,91862403,minimal,3809,37295759,49,627512,265.18,247.3046224117279,"[180, 50, 100000, 4, 0.5]",62.33613896369934,180.09218096733093,1.785698413848877
959,620679418,1377,843075494,15237780,293281344,83916,643338059,2,35,13470521466,29565,2319718984,103,51994191,full,2464,19941765,56,843223,315.06,247.38237857818604,"[180, 50, 100000, 4, 0.5]",63.054555892944336,180.12600231170654,1.0503580570220947
996,5739059,1407,383515457,33977399,1022585613,30898,726015743,2,62,12216183708,21201,1571314279,11,33166464,minimal,138,23849126,45,122025,314.45,246.30821204185486,"[180, 50, 100000, 4, 0.5]",62.03854846954346,180.07217288017273,1.1071794033050537
972,96928204,1166,481068493,112766072,1045955078,111479,313771517,2,2,15163793123,25073,2814728640,121,21789085,noblob,6720,42297300,57,539467,323.12,249.7263605594635,"[180, 50, 100000, 4, 0.5]",65.34870958328247,180.08308577537537,1.158766508102417
75,812267006,375,524461095,87370476,121177911,115727,115110210,1,30,14555209487,29584,3502064298,90,115479001,full,3868,29873643,87,320312,328.46,247.4760479927063,"[180, 50, 100000, 4, 0.5]",62.399099588394165,180.09242367744446,1.8972811698913574
437,94144227,1098,262022799,40550068,712768275,122025,1019814111,0,11,10454339169,20178,1207010078,12,5660016,noblob,9061,44690705,73,858861,309.59,245.73991441726685,"[180, 50, 100000, 4, 0.5]",61.36472845077515,180.1495931148529,1.1358647346496582
269,683509360,1058,842033244,125393934,884375635,99309,152286449,1,81,10451848997,7024,2548415693,102,102303701,noblob,9954,87717062,16,454819,285.87,250.4592900276184,"[180, 50, 100000, 4, 0.5]",65.28728413581848,180.1502320766449,1.9103734493255615
484,5770327,1051,1024920037,405630,959713956,75677,153680154,1,26,12826346275,27250,1028351167,30,62355955,noblob,4781,71208386,82,740969,283.06,246.7564640045166,"[180, 50, 100000, 4, 0.5]",61.51458263397217,180.08819818496704,1.9839184284210205
423,155971988,1319,475883680,74851972,351646099,109134,294685608,1,77,13596574634,15222,3888764196,17,109340674,noblob,8374,6207518,57,964374,280.91,246.4208643436432,"[180, 50, 100000, 4, 0.5]",61.39258575439453,180.16969323158264,1.7772657871246338
694,681881453,2108,818323272,84511198,231902391,115948,206156,2,13,11807374510,24953,2163745164,87,95706624,minimal,6498,28827351,66,991007,308.74,247.3853554725647,"[180, 50, 100000, 4, 0.5]",63.06000018119812,180.16165041923523,1.0741465091705322
929,565007038,119,359039651,76015703,663977419,26694,149409729,2,53,15585653317,3448,2263777313,28,105799660,minimal,1078,3648510,71,899722,359.99,246.67595314979553,"[180, 50, 100000, 4, 0.5]",62.3072247505188,180.15372967720032,1.1241271495819092
52,844623247,1049,290545736,68379758,389718851,72837,339060552,0,75,13505426363,23055,797129676,74,25489150,full,590,132851389,52,893250,316.92,244.8328082561493,"[180, 50, 100000, 4, 0.5]",60.34976768493652,180.11564707756042,1.251725196838379
643,187525775,1095,554899113,56033211,546632982,128703,160123296,1,71,15400322894,17604,4055762759,94,92398490,full,3265,20064770,54,32868,277.1,249.55599308013916,"[180, 50, 100000, 4, 0.5]",62.00888276100159,180.18142700195312,4.2662270069122314
599,208663053,1230,459084967,120831396,92827878,44993,674149615,1,4,12653850764,293,1692666104,1,93321575,full,1532,14531642,3,327003,287.61,261.0388469696045,"[180, 50, 100000, 4, 0.5]",76.03984832763672,180.09655785560608,1.8119235038757324
640,839232302,1053,860543903,100567356,1019989176,1261,958831096,1,32,13883270980,27673,3111245332,88,26965030,full,3124,38720814,1,582105,294.64,246.71622705459595,"[180, 50, 100000, 4, 0.5]",61.664090156555176,180.06809186935425,1.8876619338989258
471,980782362,1431,932564605,120317315,799740131,96018,934077730,0,44,11450632497,15175,1392149492,23,21555795,full,713,4475128,80,312424,322.81,244.49798774719238,"[180, 50, 100000, 4, 0.5]",59.760056257247925,180.12558221817017,1.4787030220031738
576,1023885317,1456,647712349,94011997,19770736,72133,234071762,0,85,10665583507,4461,407637060,116,118104733,full,3867,9356233,38,341065,323.62,244.33050394058228,"[180, 50, 100000, 4, 0.5]",60.10057830810547,180.12605667114258,0.9865286350250244
654,1027020806,2741,759929876,87120755,414103320,86555,552613572,1,50,12432894034,11596,2344672990,126,83567946,minimal,7097,18815944,17,143116,245.11,243.78829622268677,"[180, 50, 100000, 4, 0.5]",58.68336749076843,180.10824942588806,1.8909375667572021
660,142750210,1046,792370596,43854950,272539121,41757,882489977,1,77,15425805497,15392,2382019577,99,18832521,minimal,6047,21005588,23,583500,291.72,266.19333696365356,"[180, 50, 100000, 4, 0.5]",81.12957620620728,180.10955595970154,1.8233561515808105
438,356583151,1000,186904728,18029081,667645870,118258,586940139,1,41,13727591303,16643,3216226567,120,69934626,full,8622,57696714,21,343725,294.98,252.20364952087402,"[180, 50, 100000, 4, 0.5]",67.17082214355469,180.07664155960083,1.8412723541259766
983,528977952,982,960337980,61513626,339076361,7580,585274151,1,96,13534324200,11343,3427560005,5,105520317,noblob,6597,7562448,44,860276,288.53,254.56751942634583,"[180, 50, 100000, 4, 0.5]",69.50947999954224,180.13483142852783,1.8242886066436768
342,45470151,1060,819415856,69245984,304981988,77681,288011126,0,93,12146026743,19457,50651919,1,107083907,minimal,8091,6944800,81,854105,316.5,258.32820200920105,"[180, 50, 100000, 4, 0.5]",73.92297506332397,180.10589933395386,1.2045297622680664
736,601022143,940,766574208,2045835,75305995,94672,1031090943,1,10,13624724314,6400,2307770170,77,7160568,minimal,149,47600159,70,752313,299.35,248.70173168182373,"[180, 50, 100000, 4, 0.5]",63.192978620529175,180.1431155204773,2.2746529579162598
210,853990725,954,636345888,25314899,885638773,71424,974316024,2,93,12121403621,19235,3546434521,43,113777970,noblob,4902,65559381,11,854,327.05,260.6747405529022,"[180, 50, 100000, 4, 0.5]",76.31208515167236,180.1074116230011,1.1238820552825928
67,342435798,1026,811327476,112271082,393051040,40633,680170467,2,18,14320480687,29954,3845784948,60,112596638,full,9703,69915286,20,175917,318.43,247.24148297309875,"[180, 50, 100000, 4, 0.5]",62.82783365249634,180.1602382659912,1.1655817031860352
653,154852873,984,497073936,123927243,823361525,74673,943575311,0,30,14536439836,21648,2715080685,79,83262995,noblob,2688,17737098,84,621682,338.87,243.28937768936157,"[180, 50, 100000, 4, 0.5]",58.70632362365723,180.10393857955933,1.2304270267486572
140,126688104,976,1007291873,128707091,220617546,114925,408200576,0,19,11057354459,23302,408156560,102,72071233,minimal,7239,82937594,95,808964,322.99,247.58464550971985,"[180, 50, 100000, 4, 0.5]",63.20665979385376,180.1468687057495,1.065467357635498
974,711162983,965,823063367,9635947,93856429,17637,378443478,1,99,13489206705,27290,2251495322,38,47876895,minimal,2864,2737925,64,550074,273.61,261.4350063800812,"[180, 50, 100000, 4, 0.5]",76.51185989379883,180.15276980400085,1.668212652206421
21,189984717,991,205401102,96098547,263640085,39773,972536167,1,53,12942671493,22527,1043790354,30,52067802,minimal,2283,14875889,42,451807,297.43,250.16282749176025,"[180, 50, 100000, 4, 0.5]",65.24230623245239,180.10736656188965,1.7232704162597656
993,377010324,966,70834780,81552380,714307787,37852,1025219031,1,85,13169717727,20130,3208716430,89,131338181,full,7851,108768403,7,52909,290.72,245.4656810760498,"[180, 50, 100000, 4, 0.5]",60.36859321594238,180.09036946296692,1.901461124420166
729,748857010,1233,901839210,129607094,475279491,102488,222023516,0,24,14686927827,1317,4192102397,43,2900175,minimal,654,72855440,91,609697,314.29,257.4943175315857,"[180, 50, 100000, 4, 0.5]",73.22027111053467,180.1295576095581,1.0164928436279297
632,443177512,959,383994912,99658090,707796502,99693,82622209,1,94,14210175261,17951,2398449353,38,116266145,minimal,633,12759022,24,324919,298.59,248.18018555641174,"[180, 50, 100000, 4, 0.5]",63.08822011947632,180.1471848487854,1.8488035202026367
105,598560468,1003,545801643,4068358,922035988,107044,793487488,0,99,12028407466,756,2941866876,6,25215711,minimal,5260,29494018,43,79984,323.45,251.10663437843323,"[180, 50, 100000, 4, 0.5]",66.75673770904541,180.07964897155762,1.177027702331543
554,358625358,948,473475218,67353434,708471186,23413,891210099,0,52,15227775060,8108,3595925404,99,102255689,full,4266,86912,61,298425,339.83,257.2178707122803,"[180, 50, 100000, 4, 0.5]",72.95357275009155,180.097172498703,1.0600063800811768
671,51458578,978,616781388,31730386,789141623,73350,873217248,0,7,14460210601,25214,1273445681,93,56499191,noblob,6394,98115509,45,78906,327.69,247.01284766197205,"[180, 50, 100000, 4, 0.5]",62.699294328689575,180.11031913757324,1.0781593322753906
247,535955938,471,70155860,80893173,76095477,71144,441820074,2,50,14575900728,18293,2667934782,64,15823726,minimal,2194,127505715,71,323358,373.87,248.3347613811493,"[180, 50, 100000, 4, 0.5]",63.8741352558136,180.1330544948578,1.2286384105682373
641,58528994,973,1025165875,21783651,481685986,79156,666924675,1,66,12472323699,2748,1450340922,98,90704391,noblob,6461,19456328,49,444423,297.38,249.7291157245636,"[180, 50, 100000, 4, 0.5]",64.94658493995667,180.09092736244202,1.5834202766418457
797,1002907454,2148,1006200313,11491603,902010689,85661,328486448,0,98,14563397642,11173,2332870352,10,48200016,noblob,4329,73161742,24,178493,307.23,256.6963384151459,"[180, 50, 100000, 4, 0.5]",72.2762668132782,180.1226954460144,1.1963236331939697
538,576108387,955,124209880,23933040,302942296,91803,807173632,2,12,13535701149,6913,1319760844,28,133541766,noblob,9223,4095233,26,457386,329.93,248.2807114124298,"[180, 50, 100000, 4, 0.5]",63.9329571723938,180.1549882888794,1.0782470703125
787,184512948,939,759862613,73614470,570142217,97359,905440100,2,80,10779103316,20796,3722307442,79,6941510,noblob,7698,79112541,39,328643,320.76,247.5822811126709,"[180, 50, 100000, 4, 0.5]",63.30506253242493,180.07748413085938,1.1062257289886475
854,995720688,979,977941693,132772424,310582476,40934,687923085,1,71,10656533314,23105,1494222706,62,62806400,full,4603,90253867,83,127953,295.32,260.5745017528534,"[180, 50, 100000, 4, 0.5]",75.41468548774719,180.17505431175232,1.8998000621795654
357,40425661,954,257184469,98264509,1005702027,2932,417346261,0,99,11808191716,25244,520508386,58,127125755,full,5369,86376563,56,186598,333.76,248.09650659561157,"[180, 50, 100000, 4, 0.5]",63.64440965652466,180.14936137199402,1.2068321704864502
999,358446128,999,282823911,511772,132130449,112928,481928450,0,85,12458748834,24896,511714871,87,24206376,minimal,7136,131718168,77,672522,330.99,247.45723056793213,"[180, 50, 100000, 4, 0.5]",63.124218463897705,180.1299180984497,1.1009876728057861
623,694883762,1541,146611092,20169355,805952859,43529,1057571030,0,29,15006481985,17238,4206462096,13,29629191,minimal,8563,33476846,72,627614,305.13,256.7290954589844,"[180, 50, 100000, 4, 0.5]",72.56258201599121,180.13382649421692,0.9464302062988281
10,645070956,951,581853730,65310447,139704663,5293,83536265,2,78,14542470717,29032,3624350127,48,54519984,minimal,8480,79515113,59,962864,327.41,245.68393874168396,"[180, 50, 100000, 4, 0.5]",61.307637453079224,180.0908079147339,1.1782307624816895
952,649327953,939,1053201086,79480276,191681732,104469,24925399,0,0,15465468494,29493,3721719302,15,65519849,minimal,198,115027638,92,608456,340.68,247.1739113330841,"[180, 50, 100000, 4, 0.5]",62.6273627281189,180.20365929603577,1.2495994567871094
448,625674883,910,32516187,52473183,699280530,56499,828977599,1,6,14854065648,22020,3737415242,126,6110379,noblob,4973,23608777,58,208597,303.54,259.05161714553833,"[180, 50, 100000, 4, 0.5]",73.94038963317871,180.09754586219788,1.9138908386230469
969,1041794135,1306,957079413,52039722,417073413,129143,592606149,0,64,15499966520,11471,1973098878,44,125052649,noblob,7001,65402677,53,354056,308.98,247.25505995750427,"[180, 50, 100000, 4, 0.5]",62.93653345108032,180.10393381118774,1.1216659545898438
327,470331132,1530,930858811,55098905,363462245,53209,1046147290,0,97,12899631900,26897,1961790118,85,128199287,full,3696,107099765,95,118791,313.67,248.69872903823853,"[180, 50, 100000, 4, 0.5]",64.33943128585815,180.16349458694458,1.0682053565979004
757,591051917,919,53863464,120620871,1045484317,41215,445666506,2,96,11830943093,19476,869675116,23,20618212,noblob,743,1636151,46,422944,347.58,257.86604261398315,"[180, 50, 100000, 4, 0.5]",73.52517199516296,180.23150825500488,1.0173940658569336
232,825754977,950,200209589,116791398,297517647,75949,748602540,1,88,13549601792,9207,2219495471,28,15714133,full,6470,111528207,15,957056,293.28,245.63784289360046,"[180, 50, 100000, 4, 0.5]",60.615304708480835,180.08209347724915,1.8539605140686035
912,878162462,1374,1066885977,128518270,658297762,103466,361196863,0,98,10535334548,2482,3565746003,60,132241578,noblob,1565,121164800,28,281967,318.21,246.86654329299927,"[180, 50, 100000, 4, 0.5]",62.43596029281616,180.1506428718567,1.1903009414672852
284,11831766,1085,500621558,24397160,612704097,31842,1071687789,2,72,13647864248,9746,1300763486,70,40418885,minimal,1099,15715458,95,16519,319.38,253.37404584884644,"[180, 50, 100000, 4, 0.5]",69.06323862075806,180.10072660446167,1.1181211471557617
348,456360564,930,664468402,5835234,1071966996,15939,496407509,1,51,13317207886,7202,700849539,2,112957764,full,1117,98802555,88,773179,291.59,245.37536430358887,"[180, 50, 100000, 4, 0.5]",60.49724268913269,180.09947037696838,1.684586763381958
279,732613718,817,61450037,42318684,416773524,47112,306393052,1,89,14163480850,19857,1013883546,38,67391261,noblob,7063,30733137,67,529336,304.48,248.6119089126587,"[180, 50, 100000, 4, 0.5]",63.60057234764099,180.0815875530243,1.8184373378753662
317,636001360,231,617041556,60005914,202931150,57545,826715382,1,51,11015879039,2858,3526652597,116,18905997,minimal,9997,105349074,97,721116,338.18,257.3781168460846,"[180, 50, 100000, 4, 0.5]",72.12451386451721,180.126136302948,2.039428949356079
955,828873449,923,519779577,74567817,672732991,2694,112551911,1,90,13166605475,13697,4288789456,62,26801695,noblob,9433,94612776,66,644991,301.84,247.48293089866638,"[180, 50, 100000, 4, 0.5]",62.5093355178833,180.0834081172943,1.8050243854522705
48,960193985,901,99555965,113449930,732267326,79943,782610097,2,69,13039720891,1584,2713225704,76,92384185,full,973,37648691,83,816832,338.51,249.45560097694397,"[180, 50, 100000, 4, 0.5]",65.1284031867981,180.18784308433533,1.0430972576141357
45,648418302,934,919803360,15870261,884317277,46829,82191606,1,90,11551200514,9999,2181988372,34,70486505,minimal,1771,79018374,71,830425,296.51,252.73149275779724,"[180, 50, 100000, 4, 0.5]",67.73983955383301,180.11294269561768,1.7843348979949951
253,115228278,806,902965366,65311997,48341049,28920,19410695,2,76,14901939704,7571,214156801,23,58950647,full,7362,59833622,5,687890,342.01,251.3474247455597,"[180, 50, 100000, 4, 0.5]",66.89087080955505,180.0867953300476,1.2722539901733398
667,538946473,920,398618245,39718775,443538352,2182,936863591,1,79,13420498777,6414,1811223882,9,20690673,full,9781,57713880,100,574031,295.32,257.47645473480225,"[180, 50, 100000, 4, 0.5]",72.38669872283936,180.08344388008118,1.903818130493164
827,166015340,826,837351616,89449353,746353356,48440,297544369,1,20,14693239201,19095,168103791,10,22283125,full,7098,579294,67,108580,310.55,246.29289269447327,"[180, 50, 100000, 4, 0.5]",61.2635293006897,180.0973072052002,1.837252140045166
766,856754639,853,415108257,49821132,72054956,75181,393546293,2,48,15262679430,16970,454046489,57,14932508,full,2564,60666721,15,897302,335.35,253.2578797340393,"[180, 50, 100000, 4, 0.5]",69.05524611473083,180.1022708415985,1.005948781967163
740,1063605260,969,509210309,26073443,31341834,124753,290716064,2,64,11647756575,13614,839343903,58,21562515,full,865,88237965,79,470143,321.87,247.74301481246948,"[180, 50, 100000, 4, 0.5]",63.463364601135254,180.19073510169983,0.9904799461364746
334,229612419,896,390830447,1317797,888912747,48153,381381440,2,88,10344398629,9175,3435280046,1,3728822,noblob,1222,72263594,79,524249,308.04,251.17950248718262,"[180, 50, 100000, 4, 0.5]",66.92214274406433,180.0978376865387,1.0709376335144043
971,984799154,866,458432428,80467244,265379988,2962,886184005,2,51,14288761184,778,4235027238,58,16301371,minimal,1549,13022249,68,87940,342.07,256.09294033050537,"[180, 50, 100000, 4, 0.5]",71.70579481124878,180.08573484420776,1.1760342121124268
218,551135314,881,989273495,68995841,729618076,25294,726208476,1,3,15026677786,29242,3860990862,107,117504186,noblob,1119,13542375,22,391405,305.15,247.7696979045868,"[180, 50, 100000, 4, 0.5]",62.81717252731323,180.0788345336914,1.7875926494598389
336,872033480,906,389973180,26818974,650370135,7451,133915315,2,93,10840445339,23587,1995099147,76,14845237,noblob,1893,2911189,83,420775,337.77,250.3849699497223,"[180, 50, 100000, 4, 0.5]",66.04332733154297,180.1299045085907,1.12599515914917
499,772834564,911,156538066,82645097,285121880,10411,583808985,2,1,10583920820,2383,3421488265,77,110753593,full,1414,62438848,3,625870,332.14,251.1059181690216,"[180, 50, 100000, 4, 0.5]",66.87303972244263,180.19046711921692,0.9630894660949707
159,224471535,818,96100330,9276968,163665871,46122,704542389,1,45,13115527332,29697,928373000,51,9964977,minimal,694,129292433,29,75075,308.0,246.07108068466187,"[180, 50, 100000, 4, 0.5]",61.04004645347595,180.13671469688416,1.8045191764831543
119,20268790,773,812878382,24422900,512615283,121799,997163050,1,42,13103554392,19631,1529278674,34,35446502,noblob,1998,26612618,96,781635,306.92,257.78625988960266,"[180, 50, 100000, 4, 0.5]",72.78799796104431,180.09564399719238,1.8066093921661377
1000,127436650,847,178717913,17680070,63163196,29949,951232093,2,61,12249220585,17828,2247062732,72,125082827,full,7983,45266337,78,661960,324.27,250.49732518196106,"[180, 50, 100000, 4, 0.5]",66.32611298561096,180.0997598171234,0.9875533580780029
178,755941545,804,274315499,88275943,614911271,25474,813356868,1,29,13207684837,21256,3877289041,62,83052125,noblob,2630,53729165,21,686068,309.32,249.17769861221313,"[180, 50, 100000, 4, 0.5]",64.26666045188904,180.1254894733429,1.6817798614501953
453,434208878,878,981190625,2884567,510454649,84135,1072899090,2,95,13426281130,1915,3962297140,40,131249941,full,2909,54896321,6,895021,330.24,250.57731175422668,"[180, 50, 100000, 4, 0.5]",66.21938610076904,180.14338493347168,1.1173491477966309
548,482112031,652,1005548021,114974702,712357946,94901,693357214,1,93,13408740170,5919,1228196560,51,45115463,full,3703,125014120,69,9280,322.5,249.79409074783325,"[180, 50, 100000, 4, 0.5]",64.60687208175659,180.11033177375793,1.9917774200439453
414,814630702,1124,948000626,5968882,146658027,103406,858002546,2,81,11940582657,20800,79788364,53,117949258,full,6576,33549786,86,424607,322.53,256.0413522720337,"[180, 50, 100000, 4, 0.5]",71.90299582481384,180.1151282787323,0.901576042175293
907,773047132,740,124786982,124022164,284805975,92950,746015292,2,39,13110479517,28136,171541631,17,47179946,full,754,24832790,21,275164,360.4,260.6910607814789,"[180, 50, 100000, 4, 0.5]",76.28753185272217,180.07924127578735,1.2288126945495605
443,656153482,922,730395437,127712454,887786015,26021,677869873,2,79,13393160291,23143,3916292743,2,14905348,minimal,600,72879479,76,722078,322.19,250.4199674129486,"[180, 50, 100000, 4, 0.5]",66.05453443527222,180.11697697639465,1.1401872634887695
580,471180930,735,199695524,23770078,925114458,75215,751612520,1,99,13128155105,18869,1887631733,39,50934190,minimal,4123,79054626,70,706383,309.05,251.84224915504456,"[180, 50, 100000, 4, 0.5]",66.68703365325928,180.08010149002075,1.9826738834381104
300,263475113,1040,848099968,123710305,1020597389,76989,413262446,2,95,14923452140,1787,3975161732,23,90821136,noblob,4041,2173033,39,772586,322.76,247.93729305267334,"[180, 50, 100000, 4, 0.5]",63.50459003448486,180.16523814201355,1.1784844398498535
651,542376177,759,69930506,42058306,812311645,19409,541654422,2,54,13464156516,24346,682313189,86,64982766,full,818,74345861,78,162459,335.07,252.78129601478577,"[180, 50, 100000, 4, 0.5]",68.52348828315735,180.1009063720703,1.061032772064209
767,581681771,921,917956755,102423186,440360414,120458,86013876,2,0,12676563699,28752,506786530,8,134213476,minimal,4025,108964489,18,329137,327.94,263.88797307014465,"[180, 50, 100000, 4, 0.5]",79.65823864936829,180.14356327056885,1.0024888515472412
142,701072380,928,56544580,37256380,341688015,5937,574129752,2,32,12393210431,10793,344069575,27,39848150,noblob,703,9166412,36,833469,334.73,246.80659461021423,"[180, 50, 100000, 4, 0.5]",62.509108543395996,180.12820410728455,1.0664074420928955
89,859653697,1008,692158621,42058436,111080087,47501,377348207,2,78,12179120528,11415,43304968,45,36232114,noblob,8674,103552237,23,504215,311.31,249.77087426185608,"[180, 50, 100000, 4, 0.5]",65.28103232383728,180.2065646648407,1.178687572479248
167,796298243,962,122318220,116927649,181161745,114840,345354574,2,20,12962367463,10546,3105313701,27,57369707,full,609,63870172,71,948989,327.61,243.66315150260925,"[180, 50, 100000, 4, 0.5]",59.332935094833374,180.139582157135,1.0993452072143555
272,638822373,1004,390918959,2771257,389032528,49295,835361538,0,96,15067580327,27143,3355197955,85,116188743,noblob,9346,1420398,43,67628,341.95,244.65929508209229,"[180, 50, 100000, 4, 0.5]",60.16965675354004,180.12252831459045,1.2800650596618652
439,840217816,1097,133773931,35703866,324148585,115144,389112016,2,77,12155772287,15732,2336958026,110,6679272,minimal,6838,962118,42,874059,324.39,247.9863338470459,"[180, 50, 100000, 4, 0.5]",63.68243932723999,180.19879031181335,1.0206072330474854
147,817219444,701,435721833,106445878,517962365,101229,934937442,1,5,12884011777,7992,2791272860,50,89678136,minimal,3363,125718913,74,984167,319.06,251.29379749298096,"[180, 50, 100000, 4, 0.5]",66.20254063606262,180.09370517730713,1.8999354839324951
158,130470002,929,998175144,114430728,576432915,12984,847812868,1,57,15251826630,20046,2736798462,57,27016737,minimal,6225,32254882,98,96732,305.75,246.98916745185852,"[180, 50, 100000, 4, 0.5]",62.11340045928955,180.09137558937073,1.6989030838012695
411,872750139,741,1029742792,94865951,760926897,59432,396919335,1,86,13593509307,2486,292249198,49,42237302,full,7877,23085362,1,662863,323.71,250.99949765205383,"[180, 50, 100000, 4, 0.5]",66.03194546699524,180.2165105342865,1.6553294658660889
341,877567902,979,549332578,18975071,184874182,25033,959652278,0,82,14880690331,15769,4265967213,76,109087068,noblob,5487,122192127,84,179425,318.24,248.60880589485168,"[180, 50, 100000, 4, 0.5]",64.5325665473938,180.1332085132599,0.8429388999938965
111,133374524,943,840032394,67373876,634292552,111341,325328622,2,77,11361235280,24334,1417701381,11,69536753,noblob,3909,51107273,9,341948,316.74,252.32624411582947,"[180, 50, 100000, 4, 0.5]",67.97059392929077,180.2143349647522,1.0502147674560547
290,283833225,748,1031739105,87433273,184320778,121018,507180418,1,49,10578078296,2058,3255587979,3,133712217,minimal,7067,61021076,59,757318,316.97,260.9904420375824,"[180, 50, 100000, 4, 0.5]",76.0133547782898,180.0878930091858,1.7858901023864746
300,844845485,740,436942536,15723570,40570290,77844,137423337,1,27,11478281426,19149,865666689,36,69871429,noblob,4945,42564146,16,328024,308.74,249.68950295448303,"[180, 50, 100000, 4, 0.5]",64.12758684158325,180.24836826324463,1.9965932369232178
961,302507774,1057,466077743,2092186,631064402,90447,55649300,0,0,15192579947,18004,910937185,91,106917385,noblob,116,68726051,1,962547,319.1,247.14725422859192,"[180, 50, 100000, 4, 0.5]",62.97424125671387,180.10189747810364,0.9744079113006592
898,815194933,815,293795037,133567039,1062563269,72999,548015668,2,92,12503529455,22883,2214093828,110,81294514,noblob,2544,15733693,1,68011,349.09,251.201247215271,"[180, 50, 100000, 4, 0.5]",66.97663807868958,180.1422438621521,0.9833230972290039
137,1072135902,1357,183336712,7361773,127773064,71345,41746042,2,76,11781337074,16354,1277586509,83,40244792,minimal,5545,6684187,16,899301,318.2,248.54714941978455,"[180, 50, 100000, 4, 0.5]",64.0020182132721,180.1592082977295,1.2788174152374268
871,518606489,937,56587732,126250327,890541662,72118,849792083,2,91,11552585412,8000,2782015035,63,83658456,noblob,9046,59597546,41,229263,318.74,249.5358955860138,"[180, 50, 100000, 4, 0.5]",65.10340857505798,180.07735967636108,1.2633988857269287
864,78057856,932,393019744,105021383,767058465,8917,962264506,2,47,10484319310,24025,14022262,7,79164270,minimal,1093,10689556,48,80850,333.3,251.4059603214264,"[180, 50, 100000, 4, 0.5]",67.03891730308533,180.252454996109,1.0229313373565674
967,687090909,1085,960540615,69168802,506596891,10216,717862444,2,80,11729317883,26123,4063956260,93,108981905,full,7616,122358672,20,499546,310.63,247.42979955673218,"[180, 50, 100000, 4, 0.5]",63.10920691490173,180.09319829940796,1.130460500717163
937,56055649,727,258090356,10731174,223387144,72986,722903529,1,28,14346369094,28378,3123553003,44,104754707,noblob,2454,5045020,49,824357,323.42,257.40403866767883,"[180, 50, 100000, 4, 0.5]",72.38675093650818,180.08133721351624,1.851527452468872
947,301032423,942,1005268494,128642694,668212624,117173,1012466768,2,58,10385956111,27573,1060599012,102,96111016,full,554,37125943,14,586322,333.16,250.11423444747925,"[180, 50, 100000, 4, 0.5]",65.47414898872375,180.1366264820099,1.4166512489318848
973,9174717,1014,845039137,11087557,331449623,118271,1069306543,2,13,12749020202,24921,742200834,66,5685953,full,2212,132562059,95,506020,319.76,250.40621876716614,"[180, 50, 100000, 4, 0.5]",66.07056474685669,180.13995790481567,1.105236291885376
651,75492629,739,510152910,56107460,818140028,22798,711324993,2,38,11804551723,4082,1528311836,65,25084487,noblob,3902,49620418,54,680878,346.71,248.12300276756287,"[180, 50, 100000, 4, 0.5]",63.81483507156372,180.07304120063782,1.149404525756836
952,1001895317,989,946187141,64600988,83075206,17673,539427336,0,21,13812040532,2691,4228864750,117,30842392,minimal,2589,31426101,74,698764,341.5,254.62406659126282,"[180, 50, 100000, 4, 0.5]",70.20803666114807,180.20026111602783,1.1352357864379883
43,946900101,910,855414509,623070,943747015,87439,288845437,2,12,15208665835,4825,408615719,121,90162726,noblob,953,98341480,12,654923,335.54,248.72031831741333,"[180, 50, 100000, 4, 0.5]",64.52141857147217,180.08824825286865,1.0266408920288086
272,372490382,2467,205195127,114451574,33285017,1713,829570256,2,2,11982564883,29553,4118519002,124,33091653,minimal,8147,98840027,40,992729,298.62,248.1291310787201,"[180, 50, 100000, 4, 0.5]",63.63445568084717,180.19469785690308,1.2127447128295898
786,837538567,932,9410547,19553797,419638748,46993,827742042,0,57,12752820629,20915,3470094395,77,97297820,full,110,102695288,59,354738,324.1,247.93477129936218,"[180, 50, 100000, 4, 0.5]",63.76322674751282,180.10546231269836,0.965057373046875
238,76683913,1070,939698994,25737105,409225629,106801,640875765,0,41,14280626061,29993,101032345,109,125892176,full,9948,32380797,88,307733,318.11,246.00005793571472,"[180, 50, 100000, 4, 0.5]",61.63361072540283,180.10225296020508,1.1701312065124512
13,5825060,1254,1045348448,1456952,526664096,44275,319940768,2,29,10756697927,28463,2738799167,59,133364586,full,6473,83092810,95,667267,307.43,249.60111570358276,"[180, 50, 100000, 4, 0.5]",65.32529425621033,180.06952238082886,1.1112473011016846
240,949663561,1080,889811919,1107378,781023313,18943,1056299357,2,42,11220503958,24740,1601280974,79,97293953,noblob,8192,47134205,16,632090,320.41,252.92521119117737,"[180, 50, 100000, 4, 0.5]",68.47990226745605,180.10387229919434,1.2239165306091309
629,977116720,1577,658881343,79644098,825389637,112766,1060423210,2,0,10854498910,1121,563730956,74,36186644,minimal,552,11549011,83,456699,317.98,250.74802136421204,"[180, 50, 100000, 4, 0.5]",66.27149033546448,180.20975708961487,1.1737806797027588
800,249132819,962,905432364,33509531,51465985,33076,319274031,2,10,14737115260,25148,163697895,53,47447730,noblob,821,111589494,63,78397,320.16,245.03339076042175,"[180, 50, 100000, 4, 0.5]",60.6935498714447,180.197035074234,1.0541291236877441
540,332118279,927,48989970,122543153,880418712,61852,115149867,2,75,14665539196,27416,108223264,9,528062,full,4692,106789873,71,861837,328.26,247.48658275604248,"[180, 50, 100000, 4, 0.5]",63.2623987197876,180.13103413581848,0.9946577548980713
95,792081188,1610,994105444,108878200,408134424,113933,91950592,2,10,11156274316,537,919402033,100,50651659,full,6176,2937199,65,625305,317.24,248.48447132110596,"[180, 50, 100000, 4, 0.5]",64.12601256370544,180.2151620388031,1.0480985641479492
896,865670905,877,390538697,123861324,613447254,127950,283894170,1,18,11688062990,15830,1455053117,90,113215404,noblob,9540,29236249,19,231783,311.1,251.17210841178894,"[180, 50, 100000, 4, 0.5]",66.11538362503052,180.14227151870728,1.8189971446990967
152,628119356,1341,863742404,85532873,116195458,103181,1034760174,0,90,14028262481,5272,2393417708,90,2565550,minimal,506,30570434,12,30648,325.66,248.25257658958435,"[180, 50, 100000, 4, 0.5]",63.79086995124817,180.09844970703125,1.2776567935943604
12,464890580,1089,1017445404,132442718,422383052,28975,1011180961,2,37,10712505753,28549,745404093,4,124944067,full,6002,31322059,63,627575,312.78,249.4386157989502,"[180, 50, 100000, 4, 0.5]",65.19173336029053,180.11737418174744,1.0435128211975098
939,54700738,2480,119631938,41257989,322322020,112353,733067562,2,87,10868690167,21214,2010574297,78,130788565,minimal,9739,1115497,80,61629,305.91,247.05297660827637,"[180, 50, 100000, 4, 0.5]",62.57244873046875,180.11196279525757,1.2811477184295654
986,405827173,837,244038478,21791541,212110791,60458,334400747,2,92,15551990946,4150,395744759,30,38188855,full,2606,86314145,87,715223,330.18,245.3858036994934,"[180, 50, 100000, 4, 0.5]",61.119099378585815,180.16028714179993,1.0248780250549316
429,43407644,817,26860728,68784312,643013725,103953,292423391,2,57,14656657576,18662,2632467541,102,53541417,noblob,10170,56507199,5,11238,338.06,245.83567023277283,"[180, 50, 100000, 4, 0.5]",61.61299014091492,180.11817479133606,1.0157387256622314
538,799109068,1958,945503050,53303250,83662584,110935,408129207,0,6,12567245487,25891,9490199,90,9063423,minimal,3594,76354571,52,142445,298.61,249.7213258743286,"[180, 50, 100000, 4, 0.5]",65.17113161087036,180.1523633003235,1.2982211112976074
390,921967286,1440,441967662,52454946,63419032,3261,970673257,2,45,15600055855,27058,1138184,104,35915834,noblob,6612,120303288,96,722081,300.49,245.8585226535797,"[180, 50, 100000, 4, 0.5]",61.4866886138916,180.0975158214569,1.192563533782959
31,585989731,1049,326729988,9011373,19249480,51982,200572060,2,13,15165464343,29727,1641809277,12,9961736,full,1946,10168691,78,402291,328.28,245.25274658203125,"[180, 50, 100000, 4, 0.5]",60.947426557540894,180.12743091583252,1.0942821502685547
328,126870219,882,636048007,121441240,276575857,1079,1016518105,0,93,10891777617,22933,3595078575,15,89230490,noblob,1171,23735642,11,778016,333.01,252.07215118408203,"[180, 50, 100000, 4, 0.5]",67.55287504196167,180.13832783699036,1.301140308380127
941,875768011,1475,68424917,1526549,106836926,130965,682896872,2,91,11546874767,25928,3489849081,103,37693194,minimal,9813,46213435,26,513917,314.14,245.89056539535522,"[180, 50, 100000, 4, 0.5]",61.54052138328552,180.14617943763733,1.1095294952392578
546,959359260,1052,7367595,124123219,331723900,4356,830377131,2,72,13380778628,213,1226241279,8,98758578,noblob,4111,54615691,66,695525,308.98,246.2297534942627,"[180, 50, 100000, 4, 0.5]",61.61560010910034,180.16859364509583,1.300671100616455
142,218473973,1010,903194787,75839796,211003610,41385,498758978,0,72,15295939300,7625,4289476452,128,7398250,full,5271,131809911,7,543210,320.36,246.61400818824768,"[180, 50, 100000, 4, 0.5]",62.27316093444824,180.15409231185913,1.0981988906860352
12,354329553,1095,522039489,106588287,33208141,54438,782675826,0,44,10721041035,3010,820948249,109,94283601,noblob,4515,71954930,16,978783,315.35,262.2264037132263,"[180, 50, 100000, 4, 0.5]",77.82789874076843,180.10975694656372,1.2047879695892334
178,255557696,915,894113535,29922552,31307712,58247,788363914,2,48,10455744807,21380,2596071463,2,90162410,noblob,6437,1679316,89,475752,324.4,249.48295283317566,"[180, 50, 100000, 4, 0.5]",65.1430561542511,180.1676483154297,1.0761256217956543
341,1070172315,1102,1003887916,98235447,141498237,85079,192905596,2,84,11635622955,28475,3495901514,10,9879975,full,2224,418167,27,770341,317.0,245.64785170555115,"[180, 50, 100000, 4, 0.5]",61.463388204574585,180.0936405658722,0.9973921775817871
568,249174593,898,597885071,97940447,408449047,96767,811630740,2,2,10590196195,28593,4126796092,14,8065463,minimal,3160,29266768,100,224774,330.66,248.30435490608215,"[180, 50, 100000, 4, 0.5]",63.833152294158936,180.14779257774353,1.1986393928527832
65,1057083397,411,924445193,116273638,947413291,51711,758274925,1,70,11720975082,20479,1810385953,10,14826833,noblob,9493,63045274,100,773509,334.28,250.25388956069946,"[180, 50, 100000, 4, 0.5]",65.02074146270752,180.07825660705566,2.061634063720703
977,751927526,963,160636403,92800875,106928693,123767,583235069,0,99,10619008167,18734,2989240534,8,27934125,full,4217,933258,96,735405,335.06,250.0195550918579,"[180, 50, 100000, 4, 0.5]",65.65732836723328,180.1750452518463,1.0828707218170166
422,1072343194,1430,712411987,129444825,894142752,2852,276184449,0,13,12811448546,17773,1682209511,124,134137335,full,5286,92687074,40,788517,312.36,251.51808857917786,"[180, 50, 100000, 4, 0.5]",67.10903143882751,180.12353324890137,1.1997132301330566
696,508474668,928,1055374102,121101030,368238663,98310,804719180,1,82,15528929931,10581,1784089342,96,10572843,full,229,7184648,4,110212,306.9,249.07358598709106,"[180, 50, 100000, 4, 0.5]",63.930033445358276,180.12821793556213,1.9328889846801758
465,749225992,612,435034121,74964725,440697355,10223,665323375,1,7,13206580744,14316,4263041871,46,54693471,full,948,40788091,55,283474,327.14,252.7197458744049,"[180, 50, 100000, 4, 0.5]",67.59459280967712,180.10350942611694,1.9333019256591797
375,884217297,811,591557755,8309784,1070368762,27143,894829041,2,44,14426769997,9969,3820895202,120,70951713,noblob,1010,118827677,75,428501,335.57,246.97964882850647,"[180, 50, 100000, 4, 0.5]",62.690582513809204,180.08682894706726,1.1023948192596436
458,921475901,660,292985442,123289425,442072189,117994,646695693,1,42,13648359941,26353,640265300,107,81205384,full,8232,1771161,88,937170,320.34,251.66797375679016,"[180, 50, 100000, 4, 0.5]",66.390620470047,180.16303873062134,2.0121171474456787
274,337231542,741,243992332,33289489,880120548,12347,855048925,2,72,14868330389,14769,3283475576,57,16927160,minimal,7168,74986468,78,715186,334.7,245.9219193458557,"[180, 50, 100000, 4, 0.5]",61.79650163650513,180.12295866012573,0.9190990924835205
300,9029679,911,340481232,124619534,567278168,30605,528009733,2,98,15135643603,18081,1941403102,5,56252310,noblob,740,52301859,26,651493,318.9,254.90892457962036,"[180, 50, 100000, 4, 0.5]",70.55202412605286,180.1421353816986,1.1097710132598877
198,95097858,2531,1015678854,77237517,93201018,47597,1062077089,2,54,12162203774,20498,3170386956,117,113062506,minimal,6344,56269374,15,998524,301.61,246.74222707748413,"[180, 50, 100000, 4, 0.5]",62.12536931037903,180.09966325759888,1.4188685417175293
407,998275115,2378,653503906,45358404,284297569,110697,127634027,2,98,12179758287,2315,1780584386,67,97447137,full,2872,48580952,23,709366,288.81,248.1979522705078,"[180, 50, 100000, 4, 0.5]",63.841288566589355,180.07411861419678,1.1691298484802246
214,685104751,2316,896876784,130417580,125985130,33837,5531887,0,12,11898300459,21308,203283378,63,81542261,noblob,396,12221216,50,82358,310.63,246.53385186195374,"[180, 50, 100000, 4, 0.5]",62.001237630844116,180.15272974967957,1.2329702377319336
301,687781322,613,870625961,115527916,207760852,75421,545981942,1,25,11907086875,10525,126022585,62,40201953,full,6808,65156771,32,159821,316.72,249.79137754440308,"[180, 50, 100000, 4, 0.5]",64.63900232315063,180.08922505378723,1.9590699672698975
51,114106621,653,827440805,121203886,117190697,79366,264853862,2,67,11918960537,25351,529483052,128,108368057,full,7367,83279824,69,355075,345.61,253.17070770263672,"[180, 50, 100000, 4, 0.5]",68.8033447265625,180.0816662311554,1.1807293891906738
556,886401131,1377,479707209,19876800,662378615,115666,664017906,1,33,14648758784,21107,359607842,87,112485383,full,102,4088235,78,171450,291.77,246.9348018169403,"[180, 50, 100000, 4, 0.5]",61.89301776885986,180.08789658546448,1.8664777278900146
617,1073377025,798,1026554251,126518216,1064302168,27610,268565327,0,25,14306402532,24506,1232261885,96,35723221,full,2091,100230875,44,26989,339.0,246.84497332572937,"[180, 50, 100000, 4, 0.5]",62.51339292526245,180.13458013534546,1.0338523387908936
942,32495900,744,97103105,113628020,499557055,60264,909900444,2,0,12164645475,17141,2752370980,50,34399508,noblob,8775,8906090,84,459168,347.42,252.4097776412964,"[180, 50, 100000, 4, 0.5]",68.16115999221802,180.14666414260864,1.0052006244659424
742,933234119,805,542560682,16544015,90973222,8481,125688732,1,48,11867488841,215,2918587436,59,24514117,noblob,7740,83572684,34,527691,301.85,251.00645470619202,"[180, 50, 100000, 4, 0.5]",65.96892833709717,180.1510627269745,1.7873268127441406
503,99168337,1509,859212997,55917297,880836228,82278,606279962,1,16,13547859825,16764,1623801453,115,7150944,full,10141,17985719,86,310248,282.26,248.97774696350098,"[180, 50, 100000, 4, 0.5]",63.892935037612915,180.09797644615173,1.9040381908416748
997,995702101,936,248804507,66768189,149970864,109485,46470996,1,58,14319028721,23746,3450758429,110,115199066,noblob,9026,9602385,43,180736,306.38,250.56418442726135,"[180, 50, 100000, 4, 0.5]",65.38673996925354,180.0802686214447,2.015184164047241
470,1091593,2447,651184045,133920128,651153553,119164,915625498,2,86,15474373021,11507,1718443884,124,9274774,minimal,1945,32619449,61,666575,308.03,244.8931999206543,"[180, 50, 100000, 4, 0.5]",59.74874806404114,180.20254755020142,1.8618154525756836
100,1032164090,741,341824806,111448678,158300860,9218,488383779,1,24,12832300316,1396,2854161857,108,22092198,noblob,3966,109121171,86,711995,317.58,253.20253157615662,"[180, 50, 100000, 4, 0.5]",68.10263013839722,180.10332942008972,1.910168170928955
176,55606539,601,44538523,30718819,747831150,29063,156749743,0,34,12099509470,3280,4033442171,117,85747692,noblob,1516,103201917,21,546297,358.4,251.17799401283264,"[180, 50, 100000, 4, 0.5]",66.86693453788757,180.14369130134583,1.0540294647216797
279,665778292,605,693062632,39906705,455839925,32590,88968948,0,57,13431257433,17850,2251826032,44,34947061,noblob,457,39055986,28,990565,345.77,246.00081276893616,"[180, 50, 100000, 4, 0.5]",61.819472789764404,180.12504291534424,0.9685111045837402
96,956464994,1429,295327275,58802712,904864140,107533,1056954514,2,26,10606619563,5379,242468823,115,130457772,noblob,7131,24927931,65,659923,321.58,252.1823661327362,"[180, 50, 100000, 4, 0.5]",67.62528562545776,180.17420625686646,1.2989208698272705
164,896145595,918,905363408,28814070,1062443574,56919,785598489,2,87,12014970526,1872,3283940576,19,122863505,minimal,538,10232109,84,127224,331.25,249.1853859424591,"[180, 50, 100000, 4, 0.5]",64.74011969566345,180.1611726284027,1.1617472171783447
620,1063557546,1229,749792394,60692125,51603826,128860,897228945,2,56,14884069104,17688,3725452632,124,55873346,full,2402,20175742,76,561226,317.94,246.44212698936462,"[180, 50, 100000, 4, 0.5]",62.085296869277954,180.10133838653564,1.099074363708496
561,483569223,3056,126232339,15970127,967710466,87276,803289728,0,36,15172591844,10602,2522022612,76,118460230,minimal,4983,16665648,1,973808,294.59,242.30028796195984,"[180, 50, 100000, 4, 0.5]",57.988982915878296,180.08895874023438,1.124481201171875
6,1036341029,750,856755621,44566337,120940779,62279,953764220,0,48,10443101782,25286,1074407506,93,26649822,full,2976,105610068,42,607322,339.97,249.33116102218628,"[180, 50, 100000, 4, 0.5]",65.02391695976257,180.10316610336304,1.1138372421264648
30,603139384,614,3927960,50213251,1006594850,18538,543397662,1,87,12600525039,21912,2099880887,58,22873744,full,8422,122005458,33,106504,320.7,247.783296585083,"[180, 50, 100000, 4, 0.5]",62.674723625183105,180.08980298042297,1.932509183883667
598,504125691,1836,482671014,65849409,1051850544,123419,619233437,2,11,10364423929,8186,938870697,128,84285953,full,5069,40948208,58,826216,320.73,249.34090614318848,"[180, 50, 100000, 4, 0.5]",65.10519409179688,180.08215022087097,1.0458958148956299
5,1038484719,1244,393292951,10728000,949121107,66706,1018527414,2,57,13802354212,24895,45164282,91,111176012,full,9780,22522728,29,156184,320.46,248.80693793296814,"[180, 50, 100000, 4, 0.5]",64.59198760986328,180.15117812156677,0.9811320304870605
207,759967697,696,949019048,38071269,21870898,46278,950248827,0,68,12201097367,2766,3525641988,13,105474302,noblob,4793,87998474,92,677941,351.84,249.84143543243408,"[180, 50, 100000, 4, 0.5]",65.39044523239136,180.1978256702423,1.1378498077392578
914,700993746,922,8974251,97098274,969998334,77374,102335778,2,54,11210114363,21697,4152218076,2,5243179,minimal,1547,93579893,15,251910,313.69,253.5635290145874,"[180, 50, 100000, 4, 0.5]",69.24170184135437,180.1529712677002,1.0715534687042236
746,1070139242,922,1054802401,1868294,858987561,66782,797448000,0,72,11458390915,17719,668468851,119,76270418,minimal,4811,113651365,54,269142,330.26,249.5400869846344,"[180, 50, 100000, 4, 0.5]",65.00875329971313,180.15351176261902,1.276937484741211
352,528801266,791,829507778,120726657,863732108,17744,765653323,2,72,12979117103,28496,1838599507,77,17233029,noblob,2941,5857014,25,933063,356.96,245.2925317287445,"[180, 50, 100000, 4, 0.5]",61.057220697402954,180.11045908927917,1.0393586158752441
22,445659102,2567,342775478,86822773,488166973,109700,166535382,0,58,15095724278,20773,2133792392,46,128418489,noblob,8898,9455691,97,4195,319.06,242.46602034568787,"[180, 50, 100000, 4, 0.5]",58.11212682723999,180.09007787704468,1.1789326667785645
117,223456208,851,14495858,123056950,658196729,106439,287191945,2,50,14550719431,13357,608932181,36,34590699,full,4268,84702897,55,825927,331.23,250.00615906715393,"[180, 50, 100000, 4, 0.5]",65.75961804389954,180.09261465072632,1.023435115814209
90,499093090,628,902834258,19606851,667587938,5549,391888012,0,64,14166833908,11440,2678872427,5,123615559,minimal,8226,58724718,86,108206,355.3,251.68069314956665,"[180, 50, 100000, 4, 0.5]",67.4064621925354,180.12192249298096,1.063478946685791
679,1058709300,778,196624996,92272655,790925964,49151,73976334,1,19,12552663573,8878,242813390,4,101469528,minimal,6276,10200428,38,901264,310.85,250.24890780448914,"[180, 50, 100000, 4, 0.5]",65.08129525184631,180.0766909122467,1.966238260269165
769,707491209,793,820077634,59448322,1046092033,36261,1034523192,2,25,11844306733,10987,1712817680,20,7568399,noblob,4917,29654117,38,287716,356.29,250.16130113601685,"[180, 50, 100000, 4, 0.5]",65.83561563491821,180.1088547706604,1.0749099254608154
321,28965264,1053,722506481,36289802,371137396,103491,593107750,2,41,12764558452,27094,3978129532,46,60702429,full,778,39768675,31,188849,307.04,246.66435885429382,"[180, 50, 100000, 4, 0.5]",62.247172594070435,180.12504482269287,1.191955804824829
282,504306146,2584,4710501,117222042,880748059,43040,737883639,1,95,11510170654,7784,3122546400,54,68137903,minimal,7725,7784311,21,19614,270.23,246.7734673023224,"[180, 50, 100000, 4, 0.5]",61.605077266693115,180.14081811904907,1.9347524642944336
14,238344498,912,26411935,57267186,76430159,50389,478367947,2,90,13056818726,25052,3506641461,77,97720195,full,8435,1699010,11,615326,326.85,247.02948570251465,"[180, 50, 100000, 4, 0.5]",62.7559072971344,180.0840723514557,1.0939362049102783
423,353267716,782,658664913,18524869,918654697,24551,412849038,1,87,15141171840,13042,3859947250,20,127926612,minimal,9386,22051458,3,10719,314.48,246.97257900238037,"[180, 50, 100000, 4, 0.5]",61.93253707885742,180.09404635429382,1.8557963371276855
566,157414100,817,290953936,11353035,427717295,6628,795913431,2,59,10441676930,10102,1404407336,113,15340309,full,4254,22655555,8,101770,339.25,254.8618938922882,"[180, 50, 100000, 4, 0.5]",70.67596507072449,180.1371521949768,0.9526782035827637
891,1065485891,896,275002789,44200082,436694046,3835,294999891,2,62,11065202462,26607,770886789,49,457034,noblob,956,125370866,24,284632,324.37,249.22357964515686,"[180, 50, 100000, 4, 0.5]",64.84153985977173,180.13894701004028,1.1345341205596924
946,965178678,919,207860910,120017962,1033970627,19279,507315447,2,29,10905926235,3545,851426203,55,51753193,minimal,4865,22784180,70,998403,339.35,251.94363236427307,"[180, 50, 100000, 4, 0.5]",67.58814430236816,180.08759832382202,1.1779730319976807
549,39691691,818,932296700,52373353,992106843,45928,339638848,2,30,11030339629,2871,2829313704,12,16721473,full,173,61089721,52,723990,319.44,251.77531051635742,"[180, 50, 100000, 4, 0.5]",67.50617933273315,180.10536074638367,1.0772039890289307
25,320290986,796,566042208,85379298,455538243,70311,693251483,2,29,11904937094,17776,1327420067,9,123412267,full,3745,53402001,74,556883,334.17,246.82283926010132,"[180, 50, 100000, 4, 0.5]",62.371755838394165,180.1100082397461,1.2450850009918213
162,674975256,772,375984736,102131191,165891922,43780,521521060,2,86,12658888395,17359,690844673,127,40413383,minimal,9783,100137331,32,828155,335.12,249.4667947292328,"[180, 50, 100000, 4, 0.5]",65.24457931518555,180.1515064239502,0.9216134548187256
293,66873177,773,1030476789,112509544,376563490,5273,509155240,1,94,12881433950,2484,1612407180,68,22053136,minimal,4694,25439784,81,500236,316.7,250.7940535545349,"[180, 50, 100000, 4, 0.5]",65.49890732765198,180.0926809310913,2.1016345024108887
841,859580118,1110,838732986,921955,738929866,128655,271333314,2,93,15049771262,19266,566234641,8,21996142,full,458,93600550,65,642942,323.87,247.30338764190674,"[180, 50, 100000, 4, 0.5]",62.95806097984314,180.1360411643982,1.0785553455352783
339,592158044,1231,813832094,117862074,708208709,126014,246030576,2,94,10734422405,8297,1254859477,96,126214457,minimal,329,109578720,84,772750,309.48,249.5944561958313,"[180, 50, 100000, 4, 0.5]",65.21986746788025,180.12590050697327,1.151707410812378
692,340911748,768,131692134,93310407,377259576,108876,319650154,2,83,14858235940,8942,2008024656,2,35554245,noblob,2855,13743349,31,976551,341.66,249.00892996788025,"[180, 50, 100000, 4, 0.5]",64.63739824295044,180.20110821723938,1.0801293849945068
884,454699157,814,857662053,41741800,322477448,119975,913906381,2,22,13098018991,15524,1696750253,97,15314567,full,5812,81480032,80,70674,325.05,245.44531416893005,"[180, 50, 100000, 4, 0.5]",61.12721562385559,180.21061062812805,0.9970471858978271
947,334884902,1833,367866641,102702516,887790254,80482,461787572,2,70,13271160968,21551,460318593,57,54960797,minimal,1092,34310433,30,24048,312.81,246.53790140151978,"[180, 50, 100000, 4, 0.5]",62.165101766586304,180.22225427627563,1.0426883697509766
728,991132518,940,578631953,2894514,546870915,49792,498853831,2,67,12504764578,18133,4168593419,13,11480707,minimal,949,8155692,31,608880,331.96,250.65462040901184,"[180, 50, 100000, 4, 0.5]",66.40486001968384,180.17016768455505,0.9816834926605225
837,582326105,658,217508169,11137454,281577065,42491,259926211,0,19,13418303317,3020,3219178078,116,10981176,minimal,9512,21754070,52,997957,360.4,246.40026664733887,"[180, 50, 100000, 4, 0.5]",62.065553426742554,180.14673900604248,1.093261480331421
600,1065877293,673,78522236,51495145,756651789,71655,275539559,0,87,15410730745,12226,1609569168,103,10786864,full,6776,9600618,94,227154,365.46,247.51915526390076,"[180, 50, 100000, 4, 0.5]",63.09118318557739,180.12522959709167,1.209984302520752
165,604511362,774,729590121,12410247,246990364,45878,229665908,2,11,14364098066,9534,2975739514,36,67932250,noblob,8551,12956673,60,732603,341.61,250.67562246322632,"[180, 50, 100000, 4, 0.5]",66.08125567436218,180.23143315315247,1.2278380393981934
775,270196331,922,598760773,134116219,314821561,109996,696036700,0,99,14710074099,4178,1196881728,87,127608167,full,8128,123338779,57,140160,330.28,252.8290765285492,"[180, 50, 100000, 4, 0.5]",68.38323593139648,180.0691156387329,1.2606775760650635
374,572890601,900,103922910,69339529,24224142,29091,716141805,0,70,11278358235,10561,2606580573,69,15826382,minimal,9588,34378276,99,68522,340.99,251.4555332660675,"[180, 50, 100000, 4, 0.5]",67.10785484313965,180.09081602096558,1.158803939819336
633,262657407,807,638181497,30999274,822463444,29134,4058062,0,9,15243537439,15451,1652814039,91,61039313,minimal,3811,85294749,21,932396,340.4,250.41595697402954,"[180, 50, 100000, 4, 0.5]",66.02442622184753,180.18324661254883,1.116528034210205
939,424801239,814,616626779,70793685,515260319,19342,566628521,2,75,13603010275,5321,944171323,69,6362117,noblob,4412,44928849,38,904118,338.54,247.42647981643677,"[180, 50, 100000, 4, 0.5]",63.210288763046265,180.08237314224243,1.0081045627593994
191,849779222,699,505395602,124409128,938934193,125695,708928891,2,52,12787670023,28216,1344525423,45,104259606,full,7569,46240311,36,308990,360.95,251.72740530967712,"[180, 50, 100000, 4, 0.5]",67.52349519729614,180.15782117843628,0.9579951763153076
48,851864231,987,795237452,1016929,28382866,56437,95312897,2,5,11966670429,16186,2016084384,47,70621558,noblob,6783,88734079,98,261586,321.1,248.4590060710907,"[180, 50, 100000, 4, 0.5]",64.08222389221191,180.0763807296753,1.2104976177215576
861,771099247,1018,564758294,26265764,15247902,34485,941234991,0,82,10580517324,1253,3198100268,32,15830531,minimal,4069,40035856,90,809047,311.6,250.2236487865448,"[180, 50, 100000, 4, 0.5]",65.89630818367004,180.19529128074646,1.0414118766784668
647,391343297,2562,335845446,95630559,732352709,87597,1008741811,0,88,12168742149,25600,1915206601,15,55000822,noblob,8068,82711492,94,128425,297.58,243.2311828136444,"[180, 50, 100000, 4, 0.5]",58.37084341049194,180.24160361289978,1.4811780452728271
989,199251797,974,551871340,35789419,127952538,1787,410111066,2,3,13419353720,12489,1375561594,4,56526232,noblob,1015,12092849,47,45673,326.8,246.23194026947021,"[180, 50, 100000, 4, 0.5]",61.806055545806885,180.13910627365112,1.187647819519043
210,61285471,700,873988745,18848664,1025586610,13926,16645526,1,46,11744063180,2652,2690507249,13,15180916,minimal,2341,89422862,38,836397,316.48,251.04638814926147,"[180, 50, 100000, 4, 0.5]",66.0345766544342,180.13515734672546,1.78546142578125
14,60771288,772,336025410,118824960,181280398,95791,199123132,2,54,15328205223,28969,906884662,52,130701656,noblob,9218,14413016,65,349932,344.5,248.63780760765076,"[180, 50, 100000, 4, 0.5]",64.27166438102722,180.18644976615906,1.070805311203003
162,912438507,825,1000237387,48270585,399374961,29395,220579005,0,36,14383357106,8891,455497616,81,59998132,full,7803,8246865,3,803362,350.17,252.2689974308014,"[180, 50, 100000, 4, 0.5]",67.79997086524963,180.1866419315338,1.198920488357544
986,388853781,985,797174621,64352035,272323080,55079,350832131,0,5,14332374130,20236,4132907495,65,19149207,minimal,805,52062372,66,269064,323.68,250.5492353439331,"[180, 50, 100000, 4, 0.5]",66.19526362419128,180.114098072052,1.1551659107208252
293,898598863,970,898754803,50597511,873021869,92695,670980762,2,42,12548266830,24286,2996587415,104,76861988,minimal,4004,13837757,3,911001,322.9,252.9864466190338,"[180, 50, 100000, 4, 0.5]",68.65563821792603,180.09725689888,1.152702808380127
631,899549986,926,410263177,127143153,142374784,54986,99682625,1,29,13996758994,29851,2375754200,67,37468551,full,6661,1813660,50,994081,303.28,248.86606335639954,"[180, 50, 100000, 4, 0.5]",63.70571446418762,180.14392471313477,1.9236195087432861
198,668669097,783,53351268,114930680,1067768298,69957,963758440,2,54,15600757617,22697,3261490473,68,1725969,minimal,7401,22638161,24,442761,355.95,245.6449258327484,"[180, 50, 100000, 4, 0.5]",61.23640966415405,180.08130812644958,1.238692283630371
895,433146103,895,167307325,131211418,734362701,119270,837838182,2,44,12586472140,25861,2171141733,42,34381764,full,8320,78334800,3,263517,326.38,248.2279999256134,"[180, 50, 100000, 4, 0.5]",63.94318151473999,180.15998125076294,1.0144519805908203
721,450150523,703,686256220,111554189,226307634,83901,42865955,1,64,15246862740,28835,66410103,123,4771174,noblob,2161,9974261,27,656269,325.01,247.43363189697266,"[180, 50, 100000, 4, 0.5]",62.36363434791565,180.13296914100647,1.8471145629882812
833,316151013,798,723973662,101601386,911636564,118452,952984705,2,99,10641508955,23132,1235548615,16,34027964,minimal,4176,14442323,51,412139,343.85,251.64981770515442,"[180, 50, 100000, 4, 0.5]",67.12356066703796,180.10654473304749,1.3266570568084717
951,941786601,799,592088566,132738751,729117055,88070,123460187,2,25,14017484051,1793,2189248279,83,14573665,minimal,1290,76702274,95,598628,341.14,247.70833325386047,"[180, 50, 100000, 4, 0.5]",63.536133766174316,180.0845079421997,1.010577917098999
190,738626440,718,313811506,83934855,940428648,3046,8624704,2,37,13478690336,6704,4218927601,58,50303400,noblob,3966,4769542,13,883551,363.62,248.57927942276,"[180, 50, 100000, 4, 0.5]",64.2317681312561,180.138747215271,1.1122591495513916
158,1056965511,723,80229642,104840556,897204127,88305,844180342,1,55,11555784227,10413,2666199130,26,98043042,noblob,6115,14794653,2,800963,323.49,251.43074703216553,"[180, 50, 100000, 4, 0.5]",66.50782656669617,180.14909267425537,1.6807708740234375
389,246585045,733,976634860,6457333,1073033636,92854,677860680,2,10,14640277741,10668,1837324482,78,74592824,minimal,1506,58811968,25,417425,339.35,251.52562308311462,"[180, 50, 100000, 4, 0.5]",67.39781069755554,180.11461782455444,0.9260942935943604
470,245969660,1693,743658429,74895890,974350235,86004,297126324,2,77,10462230166,27479,514361981,4,71359859,full,6661,15569406,52,664376,310.97,248.18226099014282,"[180, 50, 100000, 4, 0.5]",63.72681951522827,180.17495799064636,1.1829841136932373
933,284939760,786,379673109,2765310,959873881,1060,747138483,2,31,15600360875,18082,3739699696,1,122660232,full,2638,14859396,21,605785,333.7,246.85678362846375,"[180, 50, 100000, 4, 0.5]",62.515371561050415,180.161559343338,1.0936305522918701
386,717579976,913,795339940,26272837,428624701,5051,797142874,0,35,13168508778,13357,3288009388,114,89045373,minimal,2670,48698734,60,646699,329.52,247.61516904830933,"[180, 50, 100000, 4, 0.5]",63.56534957885742,180.15835046768188,0.8112752437591553
382,497648958,731,704456420,105250165,653478706,8667,974590227,2,43,13501878795,17997,1324212193,7,87408710,minimal,658,109964491,44,700967,334.96,250.1464970111847,"[180, 50, 100000, 4, 0.5]",65.77918338775635,180.13164901733398,1.1368794441223145
638,14858731,783,967101532,72867381,967523457,19878,571358828,2,55,12207504797,8554,4237458954,5,76010066,noblob,8032,71738186,73,711071,325.64,252.92736220359802,"[180, 50, 100000, 4, 0.5]",68.60346293449402,180.14299058914185,1.0420522689819336
626,675427260,751,609711024,71941624,92891981,116562,574097813,2,7,11057752173,15966,62491835,86,12725828,full,4031,37692397,67,665576,349.38,250.0540211200714,"[180, 50, 100000, 4, 0.5]",65.63215112686157,180.1249270439148,1.172609806060791
57,943435492,771,716624980,15529742,554603478,79844,66707601,2,91,15511632412,13590,346069493,2,66339644,full,2545,21464355,35,291126,331.79,245.22001242637634,"[180, 50, 100000, 4, 0.5]",61.098956823349,180.09247994422913,0.9295384883880615
211,298050983,639,536620191,80901689,92076764,123260,837624397,1,59,15203892063,11695,3916338391,32,80815225,noblob,9377,27140887,14,356369,329.63,246.05668449401855,"[180, 50, 100000, 4, 0.5]",60.808255195617676,180.09053087234497,2.066871404647827
388,956390906,749,9177670,27659727,353952515,44971,40862055,1,89,10596641108,21798,3964390657,51,277878,full,4150,23644556,81,338748,313.51,253.6788353919983,"[180, 50, 100000, 4, 0.5]",68.55213856697083,180.08852791786194,1.940382957458496
886,1047300538,1357,854484029,79220737,244727677,118966,346305681,2,45,14308533654,2121,4015434912,105,23102158,noblob,7227,113497270,74,700952,316.34,247.51464200019836,"[180, 50, 100000, 4, 0.5]",63.09957575798035,180.07106590270996,1.2507109642028809
937,734800331,762,306729555,50611847,316351003,113668,966688173,2,70,11642735891,7500,1834482946,98,923711,noblob,1331,68429440,39,726849,326.1,250.46588587760925,"[180, 50, 100000, 4, 0.5]",66.06279253959656,180.07787895202637,1.2129487991333008
483,778607017,970,843779563,110794394,490111872,16536,789518488,0,28,13082924166,20490,914744237,118,50509546,minimal,7345,7071422,38,816899,338.68,247.10860443115234,"[180, 50, 100000, 4, 0.5]",62.82368469238281,180.1562898159027,1.0487308502197266
681,933699892,921,11117209,118390344,238125064,54948,943246049,2,27,13007697561,7479,2094132129,1,127765328,noblob,8171,19970785,90,453983,319.81,250.8843743801117,"[180, 50, 100000, 4, 0.5]",66.49130749702454,180.0991575717926,1.1787033081054688
737,1063406857,738,237931912,11716656,1004573509,117164,1040482201,2,71,12395679616,8258,3608490453,31,11219788,minimal,3593,35637874,92,431685,349.99,251.71455788612366,"[180, 50, 100000, 4, 0.5]",67.45165705680847,180.1588490009308,1.0172228813171387
261,49489845,853,516772334,74978920,363519563,100303,1072083385,0,91,10446535281,1945,2819755052,42,2037194,minimal,8379,90068517,62,222878,337.79,251.09842944145203,"[180, 50, 100000, 4, 0.5]",66.75088024139404,180.15600442886353,1.1095435619354248
990,414019003,2432,772130901,64133357,581959307,73446,174004927,0,86,11404417115,10931,271748092,41,103083503,full,9381,130085803,69,817176,298.82,246.6184527873993,"[180, 50, 100000, 4, 0.5]",62.06804132461548,180.1206305027008,1.3338427543640137
994,792229194,784,222524685,49370765,1068847081,49760,371974583,2,41,11030067981,3106,1760501659,36,87166508,full,4206,2322882,21,694167,346.15,251.3888659477234,"[180, 50, 100000, 4, 0.5]",67.13310360908508,180.13335061073303,0.982987642288208
287,41557482,892,899787259,115383459,650578255,34696,445137186,2,95,11066707071,27563,1033259174,4,132041995,full,450,6978493,36,452886,330.47,252.03710532188416,"[180, 50, 100000, 4, 0.5]",67.67808866500854,180.13618993759155,1.1145544052124023
20,805786295,900,118753880,118803515,289699882,9705,1055828214,2,84,10319647787,14191,1737298332,121,98321162,noblob,5614,1126427,59,97372,333.49,250.91226720809937,"[180, 50, 100000, 4, 0.5]",66.43221306800842,180.14404296875,1.1929445266723633
409,346918268,746,431930625,133574981,951666676,17987,513116938,2,22,13403814119,19564,2856005699,83,109789747,noblob,6173,125866773,27,71507,333.83,246.3633258342743,"[180, 50, 100000, 4, 0.5]",61.92919135093689,180.14408564567566,1.2037856578826904
782,775859175,728,413589362,45080680,973090514,51698,680164574,2,2,15419186130,26800,1160889756,25,62404320,full,9782,3106758,83,815593,349.96,247.6944546699524,"[180, 50, 100000, 4, 0.5]",63.30097723007202,180.10863399505615,1.1947076320648193
866,863244928,786,85831336,128701612,891631414,57307,437351550,2,47,11965014919,14944,1573293978,4,127663119,noblob,3365,37763698,43,761281,345.5,250.73439502716064,"[180, 50, 100000, 4, 0.5]",66.2109911441803,180.1444411277771,1.273404598236084
546,1014666733,721,566553741,33268748,293480216,64106,687294885,2,55,10834961110,29711,2971020071,55,34418232,full,3001,79766381,21,754385,343.09,254.43837189674377,"[180, 50, 100000, 4, 0.5]",70.16133189201355,180.17020297050476,0.9904589653015137
324,954856358,789,109652226,86137704,515515733,31115,508051934,2,81,14993046353,23978,1483839934,29,122494733,minimal,7551,1219519,92,125078,353.4,246.8748800754547,"[180, 50, 100000, 4, 0.5]",62.47523832321167,180.16469621658325,1.1434850692749023
614,527980209,698,135343277,18060072,675761903,2659,968402136,2,87,10333604410,28310,605586188,52,17002541,full,9240,118582744,14,263185,342.03,254.32507514953613,"[180, 50, 100000, 4, 0.5]",70.11022305488586,180.09818840026855,1.029041051864624
276,769111192,809,989791630,61301607,299485100,79521,979462289,2,51,11102910170,1070,3998489184,26,3301138,full,7834,165374,13,977096,340.73,249.05823731422424,"[180, 50, 100000, 4, 0.5]",64.51557970046997,180.11696863174438,1.3207192420959473
22,844710386,732,583408693,65857894,265261238,92662,122868022,2,71,13968985318,16086,1728182577,30,118820775,full,5326,15962855,11,952683,355.66,250.43074202537537,"[180, 50, 100000, 4, 0.5]",66.13289546966553,180.14778208732605,1.0658442974090576
374,1066362228,791,600115176,1762182,925005785,10916,314170271,2,69,12999431701,21184,670700100,112,104951136,minimal,4067,13361861,27,124565,358.95,248.27842330932617,"[180, 50, 100000, 4, 0.5]",63.96730303764343,180.2080533504486,1.0046472549438477
884,894658876,739,896834435,121778887,975140893,11053,277111847,2,38,14650276683,129,1054281293,108,94689344,full,7077,18826178,57,30631,356.81,249.1567599773407,"[180, 50, 100000, 4, 0.5]",64.88011503219604,180.08214569091797,1.0891942977905273
146,451628294,866,202500215,68406710,754702324,24819,700350268,0,38,15545666285,21714,676818072,32,107618248,noblob,535,48223048,82,388024,343.35,245.92575430870056,"[180, 50, 100000, 4, 0.5]",61.49884057044983,180.14046692848206,1.186591386795044
127,206390561,809,152111169,126102407,212281878,15839,642966058,2,73,13121750156,26482,2630411371,121,37111581,noblob,4255,16430194,93,870155,340.61,256.35158228874207,"[180, 50, 100000, 4, 0.5]",72.15661597251892,180.11446332931519,0.9890713691711426
297,893557188,811,879800489,93469376,499458621,53309,289268971,2,13,13411098519,25115,2130243006,52,121259282,minimal,7150,26333919,65,119094,349.98,251.0150110721588,"[180, 50, 100000, 4, 0.5]",66.82575249671936,180.13740277290344,0.9624767303466797
384,103659516,613,132954550,120526594,1055148518,13434,88901237,1,55,11874794591,25461,3988341240,89,94247514,minimal,6329,293555,5,540458,327.82,252.04893827438354,"[180, 50, 100000, 4, 0.5]",66.8405385017395,180.11771631240845,2.006594181060791
225,1019158345,809,117357766,847834,272074885,122174,502614991,2,45,11956631937,20183,107112277,12,36328384,full,7593,41688142,45,510735,337.33,254.0777232646942,"[180, 50, 100000, 4, 0.5]",69.926917552948,180.10499000549316,0.9500114917755127
58,549765987,740,66419590,7101838,1010533600,108314,768069203,2,58,10574832490,9916,2892008261,19,67974077,minimal,4742,18190958,41,325163,349.0,265.61855149269104,"[180, 50, 100000, 4, 0.5]",81.25443863868713,180.12873220443726,1.1319828033447266
367,148206400,1651,286877694,72649040,422809812,17709,166387114,2,29,12036527423,1744,2579771609,11,98764090,noblob,7775,8494689,97,343813,313.86,250.5248522758484,"[180, 50, 100000, 4, 0.5]",66.10673570632935,180.10044956207275,1.2169463634490967
992,719697406,711,43994064,2273119,368667833,37795,356333516,0,79,11078961253,13580,2729793419,19,28636740,noblob,3700,73511223,6,649537,355.13,254.22962856292725,"[180, 50, 100000, 4, 0.5]",69.77243494987488,180.12677478790283,1.187103509902954
475,79347632,2460,655296003,110992016,125995920,48251,18251676,0,52,15228670448,29839,888433935,21,131822764,minimal,808,12180398,23,132010,308.7,247.21747708320618,"[180, 50, 100000, 4, 0.5]",62.89019560813904,180.1208016872406,1.0859553813934326
655,886321329,990,911316452,124852518,687289618,27321,1058821794,0,88,10753688203,1555,110839509,9,7074750,noblob,2535,43745428,63,469689,338.23,254.4727988243103,"[180, 50, 100000, 4, 0.5]",70.18576860427856,180.1108603477478,1.0930538177490234
340,109902053,822,587230158,88512355,930365231,82588,848698768,2,93,15195710712,8647,200449065,128,53844315,noblob,6487,5009520,99,215322,344.12,248.14910221099854,"[180, 50, 100000, 4, 0.5]",63.92275381088257,180.12930536270142,1.0015602111816406
880,752231412,775,734024749,27215451,516959551,58537,203433920,2,64,13573328051,20762,2835765177,52,114067674,noblob,9562,39612732,11,35355,327.86,247.90087604522705,"[180, 50, 100000, 4, 0.5]",63.66696381568909,180.09451055526733,1.048433780670166
190,901019730,788,517135720,115827198,397295730,54287,350753308,2,86,12847629978,19222,4018152509,69,113343730,minimal,7617,3943106,30,51681,348.54,252.287415266037,"[180, 50, 100000, 4, 0.5]",67.8389904499054,180.1885585784912,1.1671168804168701
