ffast-math,funroll-all-loops,fno-inline-small-functions,finline-functions,fno-math-errno,fipa-cp-clone,funsafe-math-optimizations,fno-tree-loop-optimize,fno-merge-constants,fno-omit-frame-pointer,fno-align-labels,fno-tree-dse,fwrapv,fgcse-after-reload,fno-align-jumps,fno-asynchronous-unwind-tables,fno-cse-follow-jumps,fno-ivopts,fno-guess-branch-probability,fprefetch-loop-arrays,run_time,compile_time,exe_size,csmith_time,source_size,LOC,cost,fidelity
Off,Off,Off,Off,Off,Off,On,Off,Off,On,Off,Off,Off,On,Off,Off,On,On,Off,Off,0.09101080894470215,5.6384077072143555,1252968,34.70347189903259,2152160,10605,44.10624957084656,"[10, 50, 6, 4, 50]"
Off,On,On,Off,Off,On,On,Off,On,Off,Off,On,Off,Off,Off,On,On,Off,Off,On,0.09974813461303711,5.546012878417969,1248872,34.59122586250305,2152160,10605,42.657615661621094,"[10, 50, 6, 4, 50]"
On,On,Off,On,Off,Off,On,On,On,On,On,Off,On,Off,On,Off,On,Off,Off,On,0.0840003490447998,5.559864282608032,1252968,34.72090458869934,2152160,10605,42.883103370666504,"[10, 50, 6, 4, 50]"
On,Off,Off,On,On,On,Off,On,On,On,On,Off,Off,On,On,Off,Off,On,Off,Off,0.08742642402648926,5.517118453979492,1252968,34.617517709732056,2152160,10605,42.76965308189392,"[10, 50, 6, 4, 50]"
Off,Off,On,On,Off,Off,On,On,Off,Off,On,Off,On,On,Off,On,On,Off,On,Off,0.08645391464233398,5.5566020011901855,1248872,34.74610447883606,2152160,10605,42.8766770362854,"[10, 50, 6, 4, 50]"
On,On,On,Off,On,Off,Off,Off,On,On,On,On,On,Off,Off,On,Off,Off,On,Off,0.10916018486022949,5.561409950256348,1248872,34.76369905471802,2152160,10605,42.8603618144989,"[10, 50, 6, 4, 50]"
On,Off,Off,Off,On,On,Off,On,Off,Off,Off,On,Off,On,On,On,Off,On,On,On,0.10178089141845703,5.470760107040405,1248872,34.58235502243042,2152160,10605,42.68185544013977,"[10, 50, 6, 4, 50]"
Off,On,On,On,On,On,Off,Off,Off,Off,Off,On,On,Off,On,Off,Off,On,On,On,0.10222077369689941,5.568811893463135,1255640,34.79455828666687,2152160,10605,43.004536867141724,"[10, 50, 6, 4, 50]"
On,Off,Off,Off,Off,On,On,Off,Off,On,On,Off,On,Off,Off,Off,Off,Off,Off,On,0.0901038646697998,5.544185161590576,1252968,34.63248324394226,2152160,10605,42.80815529823303,"[10, 50, 6, 4, 50]"
Off,On,On,On,On,Off,Off,On,On,Off,On,On,On,On,Off,On,Off,On,On,Off,0.08106207847595215,5.508858919143677,1251544,34.61699628829956,2152160,10605,42.702749729156494,"[10, 50, 6, 4, 50]"
On,Off,On,On,Off,On,Off,Off,Off,On,Off,Off,On,Off,Off,Off,Off,Off,Off,Off,0.0962517261505127,5.494527101516724,1252968,34.74749779701233,2152160,10605,42.69070744514465,"[10, 50, 6, 4, 50]"
On,Off,On,Off,Off,On,On,On,Off,Off,Off,On,Off,Off,On,Off,Off,Off,On,On,0.08848810195922852,5.508703947067261,1252968,34.7246367931366,2152160,10605,42.94680166244507,"[10, 50, 6, 4, 50]"
On,On,Off,Off,On,On,On,Off,Off,Off,On,Off,Off,Off,Off,On,On,On,Off,On,0.09065985679626465,5.476808309555054,1248872,34.726372718811035,2152160,10605,42.83193016052246,"[10, 50, 6, 4, 50]"
Off,On,On,On,On,Off,On,Off,On,On,Off,On,Off,On,On,On,On,Off,On,On,0.10020232200622559,5.483209133148193,1248872,34.767176151275635,2152160,10605,42.76359581947327,"[10, 50, 6, 4, 50]"
Off,On,Off,On,Off,Off,Off,On,On,On,On,On,On,On,On,On,On,On,Off,Off,0.09171128273010254,5.497295379638672,1251544,34.60379505157471,2152160,10605,42.72696495056152,"[10, 50, 6, 4, 50]"
Off,Off,Off,Off,On,Off,Off,On,On,Off,Off,Off,Off,On,On,Off,On,On,On,Off,0.08077573776245117,5.554337501525879,1255640,34.59222936630249,2152160,10605,42.700143337249756,"[10, 50, 6, 4, 50]"
Off,Off,Off,On,Off,Off,On,On,Off,On,On,On,On,On,On,Off,On,On,Off,On,0.08510375022888184,5.551996946334839,1252968,34.70768594741821,2152160,10605,42.80030703544617,"[10, 50, 6, 4, 50]"
Off,Off,Off,Off,Off,Off,Off,On,On,Off,On,On,Off,On,On,On,Off,Off,On,Off,0.09181427955627441,5.489626169204712,1251544,34.77524518966675,2152160,10605,42.789987325668335,"[10, 50, 6, 4, 50]"
On,Off,Off,Off,On,On,Off,Off,On,Off,Off,Off,On,Off,On,On,Off,On,On,On,0.09280848503112793,5.494227647781372,1248872,34.756184339523315,2152160,10605,42.78540325164795,"[10, 50, 6, 4, 50]"
Off,Off,Off,Off,Off,Off,Off,Off,Off,Off,Off,On,Off,On,On,On,Off,Off,On,Off,0.07655715942382812,5.501486301422119,1251544,34.73478436470032,2152160,10605,42.72598648071289,"[10, 50, 6, 4, 50]"
On,On,On,Off,On,Off,On,Off,On,On,Off,Off,On,Off,Off,On,Off,On,On,Off,0.0892333984375,5.488570213317871,1248872,34.6186466217041,2152160,10605,42.733043909072876,"[10, 50, 6, 4, 50]"
On,On,On,On,On,On,On,On,Off,On,On,Off,Off,On,Off,Off,On,On,Off,On,0.09904193878173828,5.533475637435913,1252968,34.56576871871948,2152160,10605,42.589032888412476,"[10, 50, 6, 4, 50]"
Off,On,On,On,On,On,On,Off,On,Off,Off,Off,On,Off,Off,Off,On,Off,Off,On,0.1044778823852539,5.492838144302368,1252968,34.579955101013184,2152160,10605,42.65517234802246,"[10, 50, 6, 4, 50]"
On,On,On,On,Off,On,Off,On,Off,On,On,On,Off,Off,Off,Off,On,Off,Off,Off,0.0984945297241211,5.512756824493408,1252968,34.76103401184082,2152160,10605,42.86064696311951,"[10, 50, 6, 4, 50]"
Off,Off,Off,Off,On,On,On,On,Off,On,Off,Off,Off,Off,Off,On,Off,On,On,Off,0.09126639366149902,5.4968321323394775,1248872,34.671005964279175,2152160,10605,42.876699686050415,"[10, 50, 6, 4, 50]"
On,Off,On,On,Off,Off,Off,Off,On,On,On,Off,On,On,Off,Off,On,On,Off,On,0.08272027969360352,5.5412585735321045,1252968,34.63058042526245,2152160,10605,42.62005662918091,"[10, 50, 6, 4, 50]"
Off,On,Off,On,Off,On,On,On,Off,Off,On,On,Off,Off,Off,Off,Off,Off,On,On,0.09050226211547852,5.536536931991577,1252968,34.74414300918579,2152160,10605,42.84282660484314,"[10, 50, 6, 4, 50]"
Off,Off,Off,On,On,Off,On,Off,On,Off,On,Off,Off,On,On,On,On,Off,On,Off,0.09461402893066406,5.525338172912598,1248872,34.76326608657837,2152160,10605,42.82024335861206,"[10, 50, 6, 4, 50]"
On,Off,On,Off,Off,On,On,On,On,Off,On,On,On,On,On,Off,Off,On,Off,On,0.08811688423156738,5.5378663539886475,1252968,34.62773132324219,2152160,10605,42.81763672828674,"[10, 50, 6, 4, 50]"
On,On,On,On,On,Off,Off,Off,Off,On,Off,On,Off,Off,Off,On,On,On,On,On,0.10118818283081055,5.51164698600769,1248872,34.873568296432495,2152160,10605,42.87131714820862,"[10, 50, 6, 4, 50]"
Off,On,On,Off,Off,On,Off,Off,Off,Off,Off,Off,On,On,On,On,Off,Off,Off,Off,0.07002782821655273,5.495782136917114,1251544,34.78659439086914,2152160,10605,42.88206458091736,"[10, 50, 6, 4, 50]"
On,On,Off,Off,On,Off,Off,On,On,On,Off,On,On,Off,On,Off,On,Off,Off,Off,0.09523534774780273,5.554412364959717,1252968,34.64229655265808,2152160,10605,42.762165546417236,"[10, 50, 6, 4, 50]"
On,Off,Off,Off,Off,On,Off,Off,On,On,On,On,Off,On,Off,On,On,On,Off,Off,0.0808870792388916,5.5706939697265625,1248872,34.596818685531616,2152160,10605,42.778971672058105,"[10, 50, 6, 4, 50]"
Off,On,On,On,On,On,Off,Off,Off,Off,On,Off,On,On,Off,On,Off,On,On,Off,0.08767390251159668,5.528811931610107,1251544,34.587122201919556,2152160,10605,42.77434802055359,"[10, 50, 6, 4, 50]"
Off,On,On,Off,Off,Off,Off,Off,Off,Off,On,On,On,Off,On,Off,On,Off,Off,On,0.0895531177520752,5.505777359008789,1255640,34.591970920562744,2152160,10605,42.70057463645935,"[10, 50, 6, 4, 50]"
On,Off,On,On,On,Off,On,On,On,On,Off,Off,Off,On,On,On,Off,Off,On,Off,0.1049966812133789,5.528249263763428,1248872,34.74224233627319,2152160,10605,42.856201171875,"[10, 50, 6, 4, 50]"
Off,Off,Off,Off,On,On,On,On,On,Off,Off,Off,On,On,Off,Off,On,On,On,On,0.09600281715393066,5.517706632614136,1252968,34.64383673667908,2152160,10605,42.78742241859436,"[10, 50, 6, 4, 50]"
On,On,On,On,Off,Off,On,Off,On,On,Off,On,Off,Off,On,Off,Off,Off,Off,On,0.09554696083068848,5.518813133239746,1252968,34.588780641555786,2152160,10605,42.69838786125183,"[10, 50, 6, 4, 50]"
Off,On,Off,Off,On,On,On,On,Off,Off,On,Off,Off,Off,Off,Off,Off,On,Off,Off,0.09341216087341309,5.507875919342041,1252968,34.607874631881714,2152160,10605,42.59867262840271,"[10, 50, 6, 4, 50]"
On,Off,Off,On,Off,Off,Off,On,Off,On,Off,On,On,Off,On,On,On,Off,On,On,0.09932684898376465,5.551473140716553,1248872,34.737324714660645,2152160,10605,42.8541944026947,"[10, 50, 6, 4, 50]"
On,Off,On,Off,Off,On,On,On,Off,On,Off,On,Off,Off,On,On,On,Off,Off,On,0.08831191062927246,5.557636260986328,1248872,34.73882555961609,2152160,10605,42.98031687736511,"[10, 50, 6, 4, 50]"
On,Off,Off,On,Off,Off,Off,On,On,On,Off,On,Off,On,Off,On,On,Off,Off,On,0.08736109733581543,5.502935409545898,1248872,34.60807275772095,2152160,10605,42.67043685913086,"[10, 50, 6, 4, 50]"
On,On,Off,Off,On,On,On,Off,Off,Off,On,On,Off,Off,On,On,Off,On,On,Off,0.09449911117553711,5.548439025878906,1248872,34.75947642326355,2152160,10605,42.886268615722656,"[10, 50, 6, 4, 50]"
Off,On,Off,On,Off,On,On,Off,Off,On,On,On,On,Off,Off,Off,On,On,On,Off,0.09315347671508789,5.504703760147095,1252968,34.73450446128845,2152160,10605,42.783464670181274,"[10, 50, 6, 4, 50]"
Off,Off,On,On,Off,On,Off,Off,On,On,Off,Off,On,On,On,Off,Off,On,Off,Off,0.08762526512145996,5.498741149902344,1255640,34.553826332092285,2152160,10605,42.664403438568115,"[10, 50, 6, 4, 50]"
Off,On,On,Off,On,Off,Off,Off,On,Off,On,Off,Off,On,Off,Off,Off,Off,On,On,0.11092162132263184,5.515936851501465,1255640,34.84110736846924,2152160,10605,42.95983362197876,"[10, 50, 6, 4, 50]"
On,On,Off,On,On,Off,Off,On,Off,Off,Off,Off,On,Off,Off,On,Off,Off,On,On,0.09281611442565918,5.481626749038696,1248872,34.61932706832886,2152160,10605,42.71184945106506,"[10, 50, 6, 4, 50]"
Off,Off,On,Off,On,Off,On,On,On,Off,On,Off,On,On,On,Off,On,On,Off,Off,0.0959315299987793,5.5297324657440186,1252968,34.757668256759644,2152160,10605,42.80777645111084,"[10, 50, 6, 4, 50]"
Off,On,Off,Off,On,Off,Off,Off,On,Off,Off,Off,Off,Off,On,On,On,On,Off,On,0.09739470481872559,5.5545432567596436,1251544,34.65187859535217,2152160,10605,42.87883138656616,"[10, 50, 6, 4, 50]"
Off,On,On,Off,On,On,On,On,On,On,Off,Off,Off,On,Off,Off,Off,On,On,On,0.09076333045959473,5.4931676387786865,1252968,34.70914554595947,2152160,10605,42.80837535858154,"[10, 50, 6, 4, 50]"
Off,On,On,Off,On,Off,Off,On,Off,On,Off,On,On,Off,Off,On,On,Off,Off,Off,0.11413121223449707,5.535366535186768,1251544,35.107211112976074,2152160,10605,43.299745082855225,"[10, 50, 6, 4, 50]"
On,Off,Off,Off,On,On,On,On,Off,On,On,On,Off,On,On,On,Off,Off,Off,Off,0.09221029281616211,5.464066505432129,1248872,34.732598304748535,2152160,10605,42.84238409996033,"[10, 50, 6, 4, 50]"
On,On,On,On,Off,On,On,Off,On,Off,On,On,On,Off,On,Off,Off,Off,On,On,0.0870821475982666,5.4846320152282715,1252968,34.75985765457153,2152160,10605,42.75704026222229,"[10, 50, 6, 4, 50]"
Off,Off,On,On,Off,On,Off,Off,Off,On,On,Off,On,On,On,Off,On,Off,Off,On,0.08610367774963379,5.541802167892456,1255640,34.631670236587524,2152160,10605,42.84163737297058,"[10, 50, 6, 4, 50]"
On,Off,Off,On,Off,Off,Off,On,Off,Off,On,On,On,On,Off,Off,Off,On,On,Off,0.08069920539855957,5.484005451202393,1252968,34.741825103759766,2152160,10605,42.7896773815155,"[10, 50, 6, 4, 50]"
On,Off,Off,On,Off,Off,On,Off,On,Off,Off,Off,Off,Off,Off,On,On,On,On,Off,0.10460257530212402,5.509575366973877,1248872,34.57695245742798,2152160,10605,42.69619703292847,"[10, 50, 6, 4, 50]"
Off,Off,Off,Off,Off,Off,On,Off,On,On,On,On,Off,On,Off,Off,Off,Off,On,On,0.08922052383422852,5.525414228439331,1252968,34.913917779922485,2152160,10605,42.99060845375061,"[10, 50, 6, 4, 50]"
Off,Off,On,Off,On,On,On,Off,Off,Off,Off,On,On,Off,On,On,Off,On,Off,Off,0.0791623592376709,5.493590831756592,1248872,34.603572607040405,2152160,10605,42.70413565635681,"[10, 50, 6, 4, 50]"
On,On,On,On,On,On,Off,Off,On,Off,On,Off,Off,On,On,On,Off,On,On,On,0.0959920883178711,5.5348405838012695,1248872,35.16019868850708,2152160,10605,43.236374855041504,"[10, 50, 6, 4, 50]"
On,On,On,On,Off,Off,On,Off,Off,On,On,Off,Off,On,Off,On,On,On,Off,On,0.09610915184020996,5.490899324417114,1248872,34.621992349624634,2152160,10605,42.672454833984375,"[10, 50, 6, 4, 50]"
On,Off,Off,Off,On,On,Off,On,On,Off,Off,On,On,Off,On,Off,Off,Off,Off,Off,0.09123921394348145,5.531108856201172,1252968,34.55983901023865,2152160,10605,42.58354353904724,"[10, 50, 6, 4, 50]"
Off,On,On,Off,Off,On,Off,On,On,On,Off,On,Off,On,Off,On,On,Off,On,On,0.08753037452697754,5.509662389755249,1251544,34.6379554271698,2152160,10605,42.726163148880005,"[10, 50, 6, 4, 50]"
On,On,Off,On,Off,Off,On,On,Off,On,Off,Off,On,Off,On,Off,On,On,Off,Off,0.09566783905029297,5.507760286331177,1252968,34.56684708595276,2152160,10605,42.64539575576782,"[10, 50, 6, 4, 50]"
Off,Off,Off,On,On,Off,Off,On,Off,Off,On,Off,On,Off,Off,Off,On,Off,On,Off,0.08717012405395508,5.49916934967041,1255640,34.6148419380188,2152160,10605,42.63638353347778,"[10, 50, 6, 4, 50]"
Off,On,Off,Off,On,Off,Off,On,On,On,On,On,Off,On,Off,On,Off,Off,Off,On,0.09034848213195801,5.547611474990845,1251544,34.726038694381714,2152160,10605,42.9102246761322,"[10, 50, 6, 4, 50]"
Off,On,On,On,Off,Off,Off,Off,On,On,On,Off,On,Off,On,On,On,Off,On,Off,0.0874481201171875,5.555200815200806,1251544,34.65005660057068,2152160,10605,42.839163303375244,"[10, 50, 6, 4, 50]"
Off,Off,Off,Off,Off,Off,On,Off,Off,Off,Off,Off,On,Off,On,On,Off,On,On,On,0.07787704467773438,5.563921928405762,1248872,34.559563875198364,2152160,10605,42.683573722839355,"[10, 50, 6, 4, 50]"
On,Off,On,On,Off,On,On,Off,Off,On,Off,On,On,On,Off,Off,On,Off,On,On,0.10164093971252441,5.554678678512573,1252968,34.726396322250366,2152160,10605,42.901158571243286,"[10, 50, 6, 4, 50]"
On,Off,Off,On,On,Off,On,On,On,Off,Off,On,Off,Off,On,Off,On,Off,On,Off,0.09020352363586426,5.513134956359863,1252968,34.7639377117157,2152160,10605,42.824092388153076,"[10, 50, 6, 4, 50]"
On,On,On,On,Off,On,Off,On,On,Off,Off,Off,On,On,Off,Off,Off,On,Off,Off,0.10125732421875,5.5386457443237305,1252968,34.72329092025757,2152160,10605,42.79572916030884,"[10, 50, 6, 4, 50]"
On,On,On,Off,On,On,On,On,Off,Off,On,Off,Off,Off,On,Off,Off,On,Off,Off,0.09515547752380371,5.492434024810791,1252968,34.63442778587341,2152160,10605,42.70436954498291,"[10, 50, 6, 4, 50]"
Off,Off,Off,Off,On,On,Off,Off,Off,On,On,On,Off,On,Off,On,On,On,Off,On,0.09070587158203125,5.4932029247283936,1251544,34.581987380981445,2152160,10605,42.60423922538757,"[10, 50, 6, 4, 50]"
On,On,On,Off,Off,Off,On,On,On,Off,On,On,On,Off,Off,On,Off,Off,On,Off,0.09407329559326172,5.508505821228027,1248872,34.79077386856079,2152160,10605,42.92521357536316,"[10, 50, 6, 4, 50]"
On,Off,On,On,Off,On,On,Off,On,Off,Off,On,On,Off,Off,Off,On,Off,Off,On,0.08652138710021973,5.48343300819397,1252968,34.746333599090576,2152160,10605,42.87438678741455,"[10, 50, 6, 4, 50]"
On,Off,Off,On,On,On,Off,On,Off,On,On,Off,On,On,On,On,Off,On,Off,Off,0.0846705436706543,5.5502846240997314,1248872,34.58145880699158,2152160,10605,42.591269731521606,"[10, 50, 6, 4, 50]"
Off,On,On,Off,On,Off,On,On,Off,Off,Off,Off,Off,On,On,Off,On,On,On,Off,0.07719159126281738,5.501076936721802,1252968,34.79163694381714,2152160,10605,42.88490128517151,"[10, 50, 6, 4, 50]"
Off,Off,Off,On,On,Off,Off,Off,On,Off,Off,Off,Off,On,Off,Off,Off,Off,Off,On,0.10316324234008789,5.516626834869385,1255640,35.03409767150879,2152160,10605,43.11075186729431,"[10, 50, 6, 4, 50]"
On,On,Off,Off,Off,On,Off,Off,Off,On,Off,On,Off,Off,On,On,On,Off,Off,On,0.07895255088806152,5.47868800163269,1248872,34.746591329574585,2152160,10605,42.742268323898315,"[10, 50, 6, 4, 50]"
Off,Off,On,Off,Off,Off,On,Off,Off,On,On,Off,On,On,Off,On,On,On,On,On,0.10144662857055664,5.488299131393433,1248872,34.59718656539917,2152160,10605,42.74558162689209,"[10, 50, 6, 4, 50]"
Off,On,Off,On,On,On,Off,On,On,On,On,On,Off,Off,On,Off,Off,On,On,Off,0.07639932632446289,5.517017364501953,1255640,34.5835075378418,2152160,10605,42.63037729263306,"[10, 50, 6, 4, 50]"
On,Off,On,On,Off,Off,Off,Off,Off,Off,Off,Off,On,Off,Off,Off,On,Off,Off,On,0.07820558547973633,5.532581567764282,1252968,34.763986587524414,2152160,10605,42.83957886695862,"[10, 50, 6, 4, 50]"
Off,Off,Off,Off,On,On,Off,On,On,On,On,On,Off,On,On,On,On,On,On,Off,0.08792638778686523,5.547328472137451,1251544,34.74912667274475,2152160,10605,42.896061182022095,"[10, 50, 6, 4, 50]"
Off,On,On,Off,On,Off,On,Off,On,Off,On,Off,On,On,On,Off,Off,Off,Off,Off,0.08478236198425293,5.558784484863281,1252968,34.74068546295166,2152160,10605,42.8386754989624,"[10, 50, 6, 4, 50]"
On,On,Off,On,Off,Off,On,On,Off,On,Off,On,Off,On,Off,On,Off,On,On,On,0.10144472122192383,5.5354602336883545,1248872,34.64543914794922,2152160,10605,42.745885610580444,"[10, 50, 6, 4, 50]"
Off,Off,On,Off,Off,Off,Off,Off,Off,On,Off,On,Off,Off,Off,On,On,On,On,Off,0.08566451072692871,5.508104085922241,1251544,34.6400511264801,2152160,10605,42.685888051986694,"[10, 50, 6, 4, 50]"
On,On,On,Off,Off,On,On,On,On,Off,On,Off,On,On,On,Off,On,On,Off,On,0.08023834228515625,5.500092029571533,1252968,34.83792853355408,2152160,10605,42.836702823638916,"[10, 50, 6, 4, 50]"
Off,Off,Off,On,On,On,Off,Off,Off,Off,Off,On,Off,Off,On,On,Off,Off,On,On,0.07828164100646973,5.470300674438477,1251544,34.63672113418579,2152160,10605,42.53943347930908,"[10, 50, 6, 4, 50]"
On,On,Off,On,On,On,On,On,On,On,On,Off,On,Off,Off,Off,Off,Off,Off,Off,0.09859824180603027,5.4968016147613525,1252968,34.80183529853821,2152160,10605,42.837265729904175,"[10, 50, 6, 4, 50]"
On,On,Off,Off,On,Off,Off,On,On,Off,On,On,On,On,Off,Off,On,Off,Off,On,0.10297417640686035,5.5187458992004395,1252968,34.6368944644928,2152160,10605,42.645630836486816,"[10, 50, 6, 4, 50]"
Off,Off,On,On,On,Off,On,Off,On,Off,Off,Off,On,On,Off,On,Off,Off,Off,On,0.09298992156982422,5.481297969818115,1248872,34.59446573257446,2152160,10605,42.66692280769348,"[10, 50, 6, 4, 50]"
Off,On,On,On,On,On,Off,Off,Off,Off,Off,Off,Off,Off,On,Off,On,Off,On,On,0.09127688407897949,5.5047595500946045,1255640,34.80024600028992,2152160,10605,42.899388551712036,"[10, 50, 6, 4, 50]"
On,Off,Off,Off,Off,On,On,On,Off,On,Off,On,Off,Off,On,On,On,On,On,On,0.0959470272064209,5.501260042190552,1248872,34.727609157562256,2152160,10605,42.75597810745239,"[10, 50, 6, 4, 50]"
On,Off,On,On,On,On,On,Off,Off,Off,Off,Off,On,Off,On,On,Off,On,Off,Off,0.08578610420227051,5.495519399642944,1248872,34.754655599594116,2152160,10605,42.9169557094574,"[10, 50, 6, 4, 50]"
Off,Off,Off,Off,Off,On,On,On,On,On,On,On,Off,Off,Off,On,On,Off,On,Off,0.07714605331420898,5.51645302772522,1248872,34.604626417160034,2152160,10605,42.60596179962158,"[10, 50, 6, 4, 50]"
Off,On,Off,On,Off,Off,Off,On,Off,On,On,On,Off,On,On,Off,Off,On,Off,Off,0.08226299285888672,5.542119741439819,1255640,34.79245448112488,2152160,10605,42.962836027145386,"[10, 50, 6, 4, 50]"
On,On,On,Off,Off,Off,Off,Off,On,On,On,Off,On,On,Off,Off,Off,On,On,Off,0.09515190124511719,5.512293577194214,1252968,34.75122117996216,2152160,10605,42.80112648010254,"[10, 50, 6, 4, 50]"
On,On,Off,On,Off,Off,Off,On,On,On,On,Off,On,Off,On,On,On,Off,Off,Off,0.09627056121826172,5.5052385330200195,1248872,34.77782368659973,2152160,10605,42.89842772483826,"[10, 50, 6, 4, 50]"
Off,Off,On,On,On,On,Off,On,On,Off,Off,On,Off,Off,Off,Off,On,On,On,On,0.10152411460876465,5.507988452911377,1255640,34.71537899971008,2152160,10605,42.8230299949646,"[10, 50, 6, 4, 50]"
On,On,On,Off,On,Off,Off,On,Off,On,On,On,Off,Off,On,On,Off,Off,Off,Off,0.08072090148925781,5.487518548965454,1248872,34.63688540458679,2152160,10605,42.63687515258789,"[10, 50, 6, 4, 50]"
On,Off,Off,Off,Off,On,Off,Off,Off,Off,Off,Off,Off,On,Off,On,On,On,Off,On,0.08585476875305176,5.490575551986694,1248872,34.585484981536865,2152160,10605,42.68529987335205,"[10, 50, 6, 4, 50]"
Off,On,Off,Off,On,Off,On,Off,On,On,On,On,On,On,On,Off,On,On,On,Off,0.0992133617401123,5.506392955780029,1252968,34.62076377868652,2152160,10605,42.75660300254822,"[10, 50, 6, 4, 50]"
On,Off,On,Off,Off,Off,On,Off,Off,On,On,Off,On,On,On,Off,Off,Off,On,On,0.08887147903442383,5.499701976776123,1252968,34.75825357437134,2152160,10605,42.82761335372925,"[10, 50, 6, 4, 50]"
Off,Off,Off,On,On,On,On,Off,On,Off,Off,Off,On,On,Off,Off,Off,On,On,On,0.10560822486877441,5.502840757369995,1252968,34.81561040878296,2152160,10605,42.83599376678467,"[10, 50, 6, 4, 50]"
Off,On,On,On,Off,On,On,On,Off,Off,Off,On,Off,Off,Off,On,Off,Off,Off,Off,0.08832454681396484,5.5045952796936035,1248872,34.744873046875,2152160,10605,42.7659637928009,"[10, 50, 6, 4, 50]"
Off,On,Off,On,Off,Off,On,On,Off,Off,On,On,Off,Off,Off,Off,Off,Off,Off,On,0.08855819702148438,5.5079405307769775,1252968,34.7515754699707,2152160,10605,42.8705997467041,"[10, 50, 6, 4, 50]"
On,On,On,On,Off,On,Off,On,Off,Off,Off,On,Off,Off,On,Off,On,Off,Off,Off,0.09508538246154785,5.513669967651367,1252968,34.740620851516724,2152160,10605,42.906142473220825,"[10, 50, 6, 4, 50]"
On,Off,Off,On,On,On,On,Off,Off,On,Off,On,On,On,On,On,Off,Off,Off,Off,0.09290146827697754,5.495764970779419,1248872,34.775102376937866,2152160,10605,42.85804986953735,"[10, 50, 6, 4, 50]"
Off,Off,On,On,Off,On,Off,On,On,On,On,Off,Off,On,On,On,On,On,Off,Off,0.09057021141052246,5.539263963699341,1251544,34.91814565658569,2152160,10605,42.998066663742065,"[10, 50, 6, 4, 50]"
Off,On,On,Off,On,On,Off,Off,On,Off,On,Off,Off,On,On,Off,On,On,On,On,0.09192943572998047,5.550025701522827,1255640,34.74643611907959,2152160,10605,42.785524129867554,"[10, 50, 6, 4, 50]"
On,Off,Off,Off,Off,Off,On,Off,Off,On,Off,Off,On,Off,Off,On,On,Off,On,On,0.0889902114868164,5.545468330383301,1248872,34.73951745033264,2152160,10605,42.85866665840149,"[10, 50, 6, 4, 50]"
On,Off,Off,Off,On,Off,On,Off,On,Off,On,On,On,On,Off,Off,Off,On,On,On,0.0916891098022461,5.49370551109314,1252968,34.610944747924805,2152160,10605,42.713292598724365,"[10, 50, 6, 4, 50]"
Off,On,On,Off,On,Off,Off,On,On,On,Off,Off,On,Off,Off,On,Off,On,On,Off,0.08464503288269043,5.543378829956055,1251544,34.73884415626526,2152160,10605,42.92547082901001,"[10, 50, 6, 4, 50]"
On,Off,On,On,Off,Off,Off,On,Off,Off,On,Off,Off,On,On,On,On,On,On,On,0.08760929107666016,5.554445743560791,1248872,34.65255570411682,2152160,10605,42.81840252876282,"[10, 50, 6, 4, 50]"
Off,On,Off,On,On,Off,Off,Off,On,On,On,Off,Off,Off,On,Off,Off,On,Off,Off,0.09351611137390137,5.485360383987427,1255640,34.626197814941406,2152160,10605,42.64836621284485,"[10, 50, 6, 4, 50]"
Off,On,Off,Off,On,On,On,On,Off,On,Off,On,On,Off,Off,Off,Off,On,On,On,0.10210824012756348,5.522562265396118,1252968,34.75115919113159,2152160,10605,42.934144496917725,"[10, 50, 6, 4, 50]"
On,On,On,Off,Off,Off,Off,On,On,On,Off,Off,Off,Off,Off,Off,Off,Off,Off,Off,0.09676504135131836,5.488095760345459,1252968,34.620922327041626,2152160,10605,42.74006175994873,"[10, 50, 6, 4, 50]"
Off,Off,Off,Off,On,On,On,Off,Off,On,Off,On,On,Off,On,On,On,On,Off,On,0.08765792846679688,5.484055757522583,1248872,34.56267762184143,2152160,10605,42.5761079788208,"[10, 50, 6, 4, 50]"
On,On,Off,On,Off,Off,On,Off,On,Off,On,Off,On,On,On,On,Off,Off,On,Off,0.08292961120605469,5.556902170181274,1248872,34.801055908203125,2152160,10605,42.90502667427063,"[10, 50, 6, 4, 50]"
On,Off,On,On,Off,On,Off,Off,Off,Off,On,On,On,On,Off,Off,On,Off,On,Off,0.08611893653869629,5.513561010360718,1252968,34.58668231964111,2152160,10605,42.608664989471436,"[10, 50, 6, 4, 50]"
Off,Off,On,Off,On,On,On,On,On,Off,Off,On,Off,On,Off,On,On,Off,Off,On,0.08685135841369629,5.482639312744141,1248872,34.60360074043274,2152160,10605,42.67148542404175,"[10, 50, 6, 4, 50]"
Off,On,Off,On,On,Off,Off,On,On,On,Off,On,Off,On,Off,Off,Off,Off,Off,On,0.08472609519958496,5.513870000839233,1255640,34.7554657459259,2152160,10605,42.85389494895935,"[10, 50, 6, 4, 50]"
Off,On,On,Off,Off,On,Off,On,On,On,Off,Off,Off,Off,On,On,On,Off,Off,On,0.08682513236999512,5.485515594482422,1251544,34.71847152709961,2152160,10605,42.78389358520508,"[10, 50, 6, 4, 50]"
On,On,On,On,On,On,On,Off,Off,Off,Off,Off,On,On,On,On,On,On,Off,Off,0.09283161163330078,5.483079195022583,1248872,34.75095868110657,2152160,10605,42.75071167945862,"[10, 50, 6, 4, 50]"
Off,Off,Off,Off,On,Off,Off,On,Off,Off,On,On,Off,On,Off,On,Off,Off,Off,On,0.09607267379760742,5.4950432777404785,1251544,34.729676723480225,2152160,10605,42.74597096443176,"[10, 50, 6, 4, 50]"
On,On,Off,On,Off,On,On,Off,On,On,On,Off,On,Off,Off,Off,Off,On,On,On,0.08686614036560059,5.57093620300293,1252968,34.738933086395264,2152160,10605,42.90203595161438,"[10, 50, 6, 4, 50]"
On,Off,On,On,Off,On,On,Off,Off,Off,On,On,Off,On,Off,Off,On,On,On,Off,0.10121417045593262,5.493289470672607,1252968,34.62138366699219,2152160,10605,42.75305962562561,"[10, 50, 6, 4, 50]"
Off,Off,On,Off,Off,Off,Off,On,Off,On,Off,Off,On,Off,On,On,On,Off,On,Off,0.1081857681274414,5.49996542930603,1251544,34.577189207077026,2152160,10605,42.752068281173706,"[10, 50, 6, 4, 50]"
On,Off,Off,Off,On,Off,On,Off,On,Off,On,On,On,Off,On,Off,Off,On,On,Off,0.08661222457885742,5.540311336517334,1252968,34.73791527748108,2152160,10605,42.84260392189026,"[10, 50, 6, 4, 50]"
Off,On,On,Off,Off,On,On,Off,Off,On,On,Off,Off,On,Off,On,Off,Off,Off,Off,0.07826423645019531,5.493433237075806,1248872,34.64513945579529,2152160,10605,42.695870876312256,"[10, 50, 6, 4, 50]"
Off,Off,Off,On,On,On,On,Off,Off,Off,On,Off,On,Off,On,Off,On,Off,Off,On,0.08156800270080566,5.526378393173218,1252968,34.72880268096924,2152160,10605,42.80704426765442,"[10, 50, 6, 4, 50]"
On,On,Off,On,On,Off,Off,On,On,Off,Off,On,Off,Off,On,On,Off,On,On,On,0.0945596694946289,5.484638929367065,1248872,34.57521867752075,2152160,10605,42.65059947967529,"[10, 50, 6, 4, 50]"
Off,Off,On,On,On,On,On,On,On,Off,Off,On,On,On,Off,Off,On,Off,Off,Off,0.10323238372802734,5.50132942199707,1252968,34.740588903427124,2152160,10605,42.863980531692505,"[10, 50, 6, 4, 50]"
On,Off,On,Off,Off,Off,Off,Off,Off,On,On,On,On,On,Off,On,Off,On,On,Off,0.07790946960449219,5.503690004348755,1248872,34.74078321456909,2152160,10605,42.851911544799805,"[10, 50, 6, 4, 50]"
On,On,Off,On,On,Off,Off,Off,Off,On,On,On,Off,Off,On,On,Off,On,On,Off,0.09416055679321289,5.511838436126709,1248872,34.82020926475525,2152160,10605,42.944867849349976,"[10, 50, 6, 4, 50]"
On,On,Off,Off,Off,Off,On,On,On,Off,Off,Off,Off,Off,On,Off,On,Off,Off,On,0.08431029319763184,5.4990010261535645,1252968,34.604482650756836,2152160,10605,42.542452812194824,"[10, 50, 6, 4, 50]"
Off,Off,On,Off,Off,On,Off,On,On,On,Off,Off,On,On,Off,Off,On,On,On,On,0.08860087394714355,5.5117833614349365,1255640,34.738415479660034,2152160,10605,42.81143593788147,"[10, 50, 6, 4, 50]"
Off,On,On,On,On,Off,On,On,Off,Off,Off,On,On,Off,On,On,On,Off,Off,On,0.0799553394317627,5.580518960952759,1248872,34.78669762611389,2152160,10605,42.93865609169006,"[10, 50, 6, 4, 50]"
On,On,On,On,Off,On,Off,Off,On,On,Off,Off,Off,On,Off,On,On,Off,Off,Off,0.09598088264465332,5.5159828662872314,1248872,34.72807550430298,2152160,10605,42.92382454872131,"[10, 50, 6, 4, 50]"
On,Off,Off,Off,Off,Off,On,On,Off,Off,Off,Off,Off,Off,Off,Off,On,On,Off,Off,0.10228228569030762,5.506401538848877,1252968,34.73404121398926,2152160,10605,42.8363037109375,"[10, 50, 6, 4, 50]"
Off,Off,On,Off,On,Off,On,On,On,Off,On,On,On,On,On,On,Off,Off,On,Off,0.09062623977661133,5.487581491470337,1248872,34.714189767837524,2152160,10605,42.765997886657715,"[10, 50, 6, 4, 50]"
Off,On,Off,Off,Off,On,On,On,On,On,On,Off,Off,Off,On,On,On,On,Off,On,0.08188676834106445,5.503434658050537,1248872,34.72701954841614,2152160,10605,42.725196838378906,"[10, 50, 6, 4, 50]"
On,Off,Off,On,On,On,Off,Off,Off,On,On,On,On,On,Off,Off,Off,Off,On,Off,0.0953364372253418,5.5545549392700195,1252968,34.74640488624573,2152160,10605,42.925657987594604,"[10, 50, 6, 4, 50]"
Off,Off,Off,Off,Off,On,Off,Off,Off,On,Off,On,Off,On,Off,Off,Off,On,On,On,0.09518313407897949,5.566368341445923,1255640,34.551762104034424,2152160,10605,42.63738965988159,"[10, 50, 6, 4, 50]"
On,On,On,On,On,Off,Off,Off,On,Off,On,Off,On,Off,On,Off,Off,On,On,On,0.07835650444030762,5.572282075881958,1252968,34.738176584243774,2152160,10605,42.90980911254883,"[10, 50, 6, 4, 50]"
Off,Off,On,Off,Off,On,On,Off,Off,On,On,On,Off,On,Off,On,On,Off,On,On,0.08315157890319824,5.547910213470459,1248872,34.77160453796387,2152160,10605,42.8475558757782,"[10, 50, 6, 4, 50]"
On,On,Off,Off,On,On,Off,Off,Off,On,On,Off,On,Off,On,Off,On,Off,On,On,0.09894442558288574,5.503139019012451,1252968,34.59942960739136,2152160,10605,42.658862352371216,"[10, 50, 6, 4, 50]"
Off,On,Off,Off,On,Off,On,Off,On,Off,Off,Off,Off,On,Off,On,On,On,Off,Off,0.09130287170410156,5.508741855621338,1248872,34.6324565410614,2152160,10605,42.67576718330383,"[10, 50, 6, 4, 50]"
On,On,Off,On,Off,On,On,On,Off,Off,Off,On,On,On,Off,Off,On,Off,Off,Off,0.10202407836914062,5.55135178565979,1252968,34.57835388183594,2152160,10605,42.69052577018738,"[10, 50, 6, 4, 50]"
On,On,On,On,Off,Off,Off,On,On,Off,Off,On,Off,Off,On,Off,Off,Off,On,Off,0.09075736999511719,5.544936656951904,1252968,34.73707914352417,2152160,10605,42.888800621032715,"[10, 50, 6, 4, 50]"
Off,Off,Off,On,On,On,Off,On,On,Off,On,Off,On,Off,On,On,Off,On,Off,On,0.088287353515625,5.527490854263306,1251544,34.57694101333618,2152160,10605,42.672133684158325,"[10, 50, 6, 4, 50]"
On,Off,On,Off,Off,Off,Off,Off,On,On,Off,On,On,On,On,On,Off,On,Off,On,0.0805521011352539,5.51436710357666,1248872,34.60976958274841,2152160,10605,42.770753622055054,"[10, 50, 6, 4, 50]"
Off,Off,On,On,On,Off,On,On,Off,On,On,Off,Off,Off,Off,Off,Off,On,On,Off,0.08714532852172852,5.560221195220947,1252968,34.65252161026001,2152160,10605,42.84820008277893,"[10, 50, 6, 4, 50]"
Off,On,On,On,Off,On,On,On,On,Off,On,On,Off,Off,Off,Off,Off,Off,On,On,0.0951695442199707,5.543387413024902,1252968,34.78434681892395,2152160,10605,42.86294889450073,"[10, 50, 6, 4, 50]"
On,On,On,On,On,Off,On,Off,On,Off,Off,Off,Off,Off,On,Off,On,Off,Off,Off,0.0880436897277832,5.506747484207153,1252968,34.651530742645264,2152160,10605,42.78966450691223,"[10, 50, 6, 4, 50]"
On,Off,On,Off,On,Off,Off,On,Off,Off,Off,Off,On,On,Off,Off,Off,Off,On,Off,0.09345364570617676,5.4817376136779785,1252968,34.76833701133728,2152160,10605,42.73763346672058,"[10, 50, 6, 4, 50]"
Off,Off,Off,Off,Off,On,Off,On,On,Off,On,On,On,On,On,On,Off,On,On,On,0.10723114013671875,5.484039783477783,1251544,34.62929940223694,2152160,10605,42.60845685005188,"[10, 50, 6, 4, 50]"
Off,On,Off,On,Off,On,On,Off,Off,On,On,On,On,Off,Off,On,On,On,Off,On,0.0986032485961914,5.482043027877808,1248872,34.79470205307007,2152160,10605,42.80021834373474,"[10, 50, 6, 4, 50]"
On,Off,Off,On,Off,Off,Off,Off,On,On,Off,Off,On,Off,On,On,On,On,Off,On,0.08851337432861328,5.510348081588745,1248872,34.623809576034546,2152160,10605,42.69672727584839,"[10, 50, 6, 4, 50]"
On,Off,On,Off,On,Off,Off,Off,Off,On,On,On,Off,On,On,Off,Off,Off,Off,Off,0.10242486000061035,5.49924898147583,1252968,34.773828744888306,2152160,10605,42.90456247329712,"[10, 50, 6, 4, 50]"
Off,On,Off,Off,On,On,On,On,Off,On,Off,Off,Off,On,Off,On,On,On,On,Off,0.0890960693359375,5.534360408782959,1248872,34.73783802986145,2152160,10605,42.80192995071411,"[10, 50, 6, 4, 50]"
Off,On,On,Off,Off,Off,On,Off,On,Off,On,On,Off,On,Off,On,On,Off,Off,On,0.09406661987304688,5.515228271484375,1248872,34.73812913894653,2152160,10605,42.71052074432373,"[10, 50, 6, 4, 50]"
Off,Off,On,Off,On,On,Off,On,On,On,Off,On,Off,On,Off,Off,Off,On,Off,On,0.09366273880004883,5.505094766616821,1255640,34.61066198348999,2152160,10605,42.65780448913574,"[10, 50, 6, 4, 50]"
On,On,On,On,Off,On,Off,On,On,Off,On,On,On,On,Off,Off,On,Off,On,Off,0.08902502059936523,5.541054964065552,1252968,34.64986610412598,2152160,10605,42.73402643203735,"[10, 50, 6, 4, 50]"
On,Off,Off,Off,Off,Off,On,On,On,On,On,Off,On,On,Off,Off,On,On,Off,On,0.07832193374633789,5.544831037521362,1252968,34.79295086860657,2152160,10605,42.85376787185669,"[10, 50, 6, 4, 50]"
On,On,Off,On,On,On,On,Off,Off,Off,Off,Off,On,Off,On,On,Off,Off,On,On,0.09440851211547852,5.48199725151062,1248872,34.596606969833374,2152160,10605,42.62731695175171,"[10, 50, 6, 4, 50]"
Off,Off,On,On,On,Off,Off,Off,Off,On,Off,On,Off,Off,On,On,Off,Off,On,Off,0.0902562141418457,5.492448568344116,1251544,34.69535446166992,2152160,10605,42.746620893478394,"[10, 50, 6, 4, 50]"
On,On,Off,Off,On,On,On,Off,Off,Off,Off,Off,Off,Off,On,Off,Off,On,Off,Off,0.08864355087280273,5.499239683151245,1252968,34.62450456619263,2152160,10605,42.647605657577515,"[10, 50, 6, 4, 50]"
Off,Off,Off,On,Off,Off,Off,On,Off,On,On,Off,On,Off,On,On,On,On,On,Off,0.09493589401245117,5.494900703430176,1251544,34.789780378341675,2152160,10605,42.85296702384949,"[10, 50, 6, 4, 50]"
Off,On,Off,Off,Off,Off,Off,On,On,On,Off,Off,Off,Off,On,On,On,Off,On,Off,0.0873715877532959,5.506025314331055,1251544,34.75054907798767,2152160,10605,42.810955286026,"[10, 50, 6, 4, 50]"
On,Off,Off,On,On,On,On,On,On,On,On,On,Off,On,On,On,On,Off,Off,Off,0.0921788215637207,5.486664772033691,1248872,34.59051322937012,2152160,10605,42.62381410598755,"[10, 50, 6, 4, 50]"
Off,On,Off,On,On,Off,Off,On,Off,Off,Off,On,On,Off,Off,On,Off,On,On,On,0.09131908416748047,5.491779088973999,1251544,34.63448667526245,2152160,10605,42.63934683799744,"[10, 50, 6, 4, 50]"
On,Off,Off,Off,Off,Off,On,On,Off,Off,On,On,On,On,Off,On,Off,Off,On,On,0.09635543823242188,5.4888756275177,1248872,34.73270559310913,2152160,10605,42.71177697181702,"[10, 50, 6, 4, 50]"
Off,On,On,Off,On,On,On,Off,Off,Off,Off,On,On,On,Off,Off,Off,On,Off,Off,0.0900123119354248,5.535836935043335,1252968,34.60909581184387,2152160,10605,42.72040343284607,"[10, 50, 6, 4, 50]"
Off,Off,On,On,Off,On,On,Off,On,On,On,Off,On,Off,On,Off,Off,On,Off,Off,0.07753443717956543,5.497894048690796,1252968,34.57162809371948,2152160,10605,42.73024249076843,"[10, 50, 6, 4, 50]"
On,On,On,On,On,On,Off,Off,Off,Off,Off,Off,Off,On,On,Off,On,On,Off,On,0.09299778938293457,5.505856513977051,1252968,34.75788974761963,2152160,10605,42.93743419647217,"[10, 50, 6, 4, 50]"
On,Off,On,Off,Off,Off,Off,Off,On,On,On,Off,Off,Off,Off,Off,On,Off,On,On,0.09857964515686035,5.538390636444092,1252968,34.73895239830017,2152160,10605,42.91531777381897,"[10, 50, 6, 4, 50]"
Off,Off,On,On,Off,Off,Off,Off,Off,Off,Off,On,Off,Off,On,Off,On,On,Off,Off,0.08362817764282227,5.539288282394409,1255640,34.7727632522583,2152160,10605,42.81648588180542,"[10, 50, 6, 4, 50]"
On,Off,Off,On,Off,On,On,On,Off,On,Off,Off,On,On,Off,On,Off,Off,Off,Off,0.10671091079711914,5.5429747104644775,1248872,34.65928769111633,2152160,10605,42.76270508766174,"[10, 50, 6, 4, 50]"
Off,On,Off,Off,On,On,Off,On,On,Off,Off,On,Off,Off,Off,Off,On,Off,Off,On,0.0797574520111084,5.518809080123901,1255640,34.57426357269287,2152160,10605,42.590553522109985,"[10, 50, 6, 4, 50]"
On,Off,Off,Off,Off,Off,Off,On,On,Off,On,Off,On,On,Off,On,On,Off,On,Off,0.0755312442779541,5.4764227867126465,1248872,34.64105749130249,2152160,10605,42.781574964523315,"[10, 50, 6, 4, 50]"
On,On,On,On,On,Off,On,Off,Off,On,On,On,On,On,Off,Off,On,Off,On,On,0.09024763107299805,5.505537033081055,1252968,34.78405237197876,2152160,10605,42.94567394256592,"[10, 50, 6, 4, 50]"
On,Off,On,Off,On,On,On,Off,On,On,Off,Off,On,Off,On,On,Off,On,On,Off,0.09868931770324707,5.504412651062012,1248872,34.611783027648926,2152160,10605,42.700546979904175,"[10, 50, 6, 4, 50]"
Off,On,Off,Off,On,Off,Off,Off,On,On,On,Off,Off,Off,On,On,Off,On,Off,On,0.0910348892211914,5.525310754776001,1251544,34.57664394378662,2152160,10605,42.75484108924866,"[10, 50, 6, 4, 50]"
Off,On,On,On,Off,On,On,On,Off,Off,On,On,Off,On,On,Off,Off,On,On,On,0.08359789848327637,5.49427342414856,1252968,34.76771664619446,2152160,10605,42.71288585662842,"[10, 50, 6, 4, 50]"
Off,On,Off,Off,On,On,On,On,Off,On,Off,On,Off,Off,Off,Off,On,Off,On,Off,0.09609317779541016,5.526147842407227,1252968,34.75036263465881,2152160,10605,42.826335191726685,"[10, 50, 6, 4, 50]"
Off,Off,Off,On,Off,On,Off,Off,On,Off,Off,Off,On,On,Off,On,Off,On,Off,On,0.08637118339538574,5.523493766784668,1251544,34.72392439842224,2152160,10605,42.90618133544922,"[10, 50, 6, 4, 50]"
On,Off,On,On,On,Off,Off,On,On,Off,On,Off,On,On,Off,On,Off,On,Off,On,0.08693766593933105,5.4971067905426025,1248872,34.74838948249817,2152160,10605,42.80630278587341,"[10, 50, 6, 4, 50]"
On,On,On,On,On,On,Off,On,On,On,On,On,On,Off,On,Off,Off,Off,On,Off,0.08849239349365234,5.543503284454346,1252968,34.74694871902466,2152160,10605,42.79709839820862,"[10, 50, 6, 4, 50]"
On,On,Off,On,Off,Off,Off,Off,Off,On,Off,On,On,Off,Off,On,On,Off,Off,Off,0.09974193572998047,5.546795606613159,1248872,34.770235776901245,2152160,10605,42.96920108795166,"[10, 50, 6, 4, 50]"
Off,Off,On,Off,Off,Off,On,Off,Off,On,On,Off,Off,On,On,Off,Off,On,On,On,0.09266519546508789,5.543190240859985,1252968,34.61638641357422,2152160,10605,42.73130679130554,"[10, 50, 6, 4, 50]"
On,Off,On,Off,Off,Off,On,Off,On,Off,On,Off,Off,On,On,Off,On,On,On,On,0.09877705574035645,5.507453918457031,1252968,34.60758972167969,2152160,10605,42.70805335044861,"[10, 50, 6, 4, 50]"
Off,On,Off,Off,On,On,On,On,Off,Off,Off,On,Off,Off,On,On,On,Off,Off,Off,0.08652472496032715,5.5044238567352295,1248872,34.58635449409485,2152160,10605,42.73153519630432,"[10, 50, 6, 4, 50]"
Off,On,Off,Off,Off,Off,Off,On,Off,Off,On,Off,On,On,On,On,On,On,Off,On,0.11011815071105957,5.521141767501831,1251544,34.80591130256653,2152160,10605,42.933995485305786,"[10, 50, 6, 4, 50]"
On,On,Off,On,Off,Off,On,Off,On,On,Off,Off,Off,On,Off,Off,On,Off,On,Off,0.09704399108886719,5.513511419296265,1252968,34.61828804016113,2152160,10605,42.61998677253723,"[10, 50, 6, 4, 50]"
Off,Off,On,Off,On,On,On,On,On,Off,On,Off,Off,On,Off,On,On,On,On,On,0.08843636512756348,5.497063159942627,1248872,34.72832918167114,2152160,10605,42.836366415023804,"[10, 50, 6, 4, 50]"
Off,Off,Off,On,Off,On,On,Off,On,Off,On,On,On,Off,On,On,Off,Off,On,On,0.08696532249450684,5.5558226108551025,1248872,34.61070942878723,2152160,10605,42.789138317108154,"[10, 50, 6, 4, 50]"
On,On,On,Off,On,Off,Off,On,On,On,Off,On,Off,On,On,Off,Off,On,Off,Off,0.08644700050354004,5.5520946979522705,1252968,34.580888748168945,2152160,10605,42.78698945045471,"[10, 50, 6, 4, 50]"
On,Off,Off,On,On,On,Off,Off,Off,Off,Off,Off,On,Off,On,Off,Off,Off,Off,Off,0.10582208633422852,5.548707723617554,1252968,34.56371092796326,2152160,10605,42.6773316860199,"[10, 50, 6, 4, 50]"
Off,On,On,Off,On,Off,Off,On,Off,On,Off,On,On,Off,Off,On,On,Off,On,Off,0.08030414581298828,5.518357753753662,1251544,34.64439821243286,2152160,10605,42.78077459335327,"[10, 50, 6, 4, 50]"
On,Off,On,On,Off,On,On,Off,Off,On,On,On,Off,Off,Off,Off,Off,On,Off,On,0.0900120735168457,5.483577489852905,1252968,34.75449085235596,2152160,10605,42.78596496582031,"[10, 50, 6, 4, 50]"
On,Off,Off,On,Off,Off,On,Off,Off,Off,On,Off,On,Off,Off,Off,Off,On,On,On,0.09295320510864258,5.520445346832275,1252968,34.76663136482239,2152160,10605,42.830512285232544,"[10, 50, 6, 4, 50]"
Off,Off,On,Off,On,Off,On,On,On,Off,Off,On,Off,On,On,Off,Off,On,On,On,0.08192682266235352,5.5280139446258545,1252968,34.64702606201172,2152160,10605,42.69504952430725,"[10, 50, 6, 4, 50]"
On,On,On,Off,On,On,Off,On,On,On,On,Off,Off,On,On,On,On,On,Off,On,0.08851885795593262,5.500127553939819,1248872,34.736664056777954,2152160,10605,42.87496328353882,"[10, 50, 6, 4, 50]"
On,Off,Off,On,Off,Off,Off,Off,On,Off,Off,Off,On,Off,Off,On,On,Off,Off,Off,0.09959530830383301,5.504647731781006,1248872,34.723254442214966,2152160,10605,42.83498740196228,"[10, 50, 6, 4, 50]"
Off,On,On,On,Off,On,Off,On,On,Off,On,On,Off,On,On,On,On,On,On,Off,0.09941697120666504,5.487505674362183,1251544,34.59361791610718,2152160,10605,42.666274070739746,"[10, 50, 6, 4, 50]"
Off,On,Off,On,On,On,Off,On,Off,On,On,On,Off,Off,On,On,Off,Off,Off,Off,0.0769193172454834,5.5418314933776855,1251544,34.65243053436279,2152160,10605,42.74265909194946,"[10, 50, 6, 4, 50]"
On,Off,On,Off,Off,On,On,Off,Off,On,Off,On,On,On,Off,Off,Off,Off,Off,On,0.08629083633422852,5.482439279556274,1252968,35.322123527526855,2152160,10605,43.301090717315674,"[10, 50, 6, 4, 50]"
Off,On,Off,Off,On,Off,On,Off,Off,On,Off,Off,On,Off,Off,Off,On,Off,On,Off,0.08597183227539062,5.542903900146484,1252968,34.58411955833435,2152160,10605,42.798341512680054,"[10, 50, 6, 4, 50]"
On,On,Off,Off,On,On,Off,On,On,Off,Off,Off,On,On,Off,Off,Off,On,On,Off,0.09009408950805664,5.541053056716919,1252968,34.762086391448975,2152160,10605,42.84169840812683,"[10, 50, 6, 4, 50]"
Off,Off,On,Off,On,On,Off,Off,Off,On,On,On,Off,Off,Off,Off,On,On,On,On,0.07944083213806152,5.499699115753174,1255640,34.55803728103638,2152160,10605,42.553091526031494,"[10, 50, 6, 4, 50]"
Off,Off,On,On,Off,On,Off,Off,Off,On,Off,Off,On,Off,On,Off,Off,Off,Off,On,0.09855937957763672,5.55131196975708,1255640,34.77395987510681,2152160,10605,42.871917486190796,"[10, 50, 6, 4, 50]"
On,On,Off,On,Off,Off,On,On,On,On,On,On,Off,On,On,On,On,Off,Off,On,0.09904050827026367,5.505515098571777,1248872,34.66389346122742,2152160,10605,42.756592988967896,"[10, 50, 6, 4, 50]"
On,On,Off,On,Off,Off,On,On,On,Off,Off,On,On,Off,On,On,Off,On,On,Off,0.09801840782165527,5.495254278182983,1248872,34.7444806098938,2152160,10605,42.75770568847656,"[10, 50, 6, 4, 50]"
Off,Off,Off,On,On,On,On,On,Off,Off,On,Off,Off,On,On,On,On,Off,On,Off,0.0823221206665039,5.495721101760864,1248872,34.741206407547,2152160,10605,42.863800287246704,"[10, 50, 6, 4, 50]"
On,Off,On,Off,Off,Off,Off,Off,Off,Off,On,Off,Off,Off,Off,On,On,On,Off,Off,0.07560396194458008,5.488382577896118,1248872,34.622076749801636,2152160,10605,42.65495324134827,"[10, 50, 6, 4, 50]"
Off,On,On,Off,On,Off,On,Off,On,On,Off,On,On,On,Off,Off,Off,Off,Off,On,0.06743597984313965,5.56249213218689,1252968,34.76847815513611,2152160,10605,42.88049006462097,"[10, 50, 6, 4, 50]"
On,Off,Off,Off,Off,On,On,On,On,On,Off,On,Off,Off,On,Off,Off,On,Off,On,0.08653020858764648,5.5059568881988525,1252968,34.63386535644531,2152160,10605,42.69073128700256,"[10, 50, 6, 4, 50]"
On,Off,On,On,On,Off,On,On,On,On,Off,On,On,Off,Off,On,Off,Off,On,On,0.09993577003479004,5.493500471115112,1248872,34.630892753601074,2152160,10605,42.6987144947052,"[10, 50, 6, 4, 50]"
On,On,On,On,On,On,Off,Off,Off,Off,On,Off,Off,On,Off,Off,Off,On,On,Off,0.09614443778991699,5.493442058563232,1252968,34.62642693519592,2152160,10605,42.69907903671265,"[10, 50, 6, 4, 50]"
Off,On,Off,Off,On,Off,Off,Off,Off,Off,Off,On,Off,Off,On,Off,On,On,Off,Off,0.07729840278625488,5.536797285079956,1255640,34.639686584472656,2152160,10605,42.74719858169556,"[10, 50, 6, 4, 50]"
On,Off,On,Off,Off,Off,On,On,Off,Off,On,On,On,On,Off,On,On,Off,On,Off,0.09151291847229004,5.474593877792358,1248872,34.574461698532104,2152160,10605,42.65585231781006,"[10, 50, 6, 4, 50]"
Off,Off,On,On,Off,On,On,Off,On,Off,Off,Off,Off,Off,Off,On,On,On,Off,Off,0.08476686477661133,5.584925651550293,1248872,34.72598600387573,2152160,10605,42.901596784591675,"[10, 50, 6, 4, 50]"
Off,On,Off,Off,Off,Off,Off,Off,On,On,On,Off,On,On,On,On,Off,Off,Off,On,0.0822908878326416,5.495365619659424,1251544,34.74247431755066,2152160,10605,42.71671962738037,"[10, 50, 6, 4, 50]"
Off,On,Off,On,On,On,Off,On,Off,On,On,Off,On,On,On,Off,On,Off,On,On,0.09513068199157715,5.558792591094971,1255640,34.743799924850464,2152160,10605,43.00404095649719,"[10, 50, 6, 4, 50]"
On,Off,Off,Off,Off,On,Off,Off,On,On,Off,On,On,On,On,On,Off,On,Off,Off,0.08133649826049805,5.506491661071777,1248872,34.64269828796387,2152160,10605,42.74770998954773,"[10, 50, 6, 4, 50]"
Off,Off,On,Off,On,On,Off,On,Off,On,Off,Off,Off,Off,On,Off,Off,Off,On,On,0.09391045570373535,5.508795261383057,1255640,35.068183183670044,2152160,10605,43.18030762672424,"[10, 50, 6, 4, 50]"
On,On,On,On,Off,Off,Off,On,On,Off,On,On,On,On,Off,Off,On,On,On,On,0.07002449035644531,5.513242959976196,1252968,34.75142502784729,2152160,10605,42.7515230178833,"[10, 50, 6, 4, 50]"
Off,On,Off,Off,Off,On,On,Off,Off,Off,Off,Off,On,Off,Off,On,On,On,On,Off,0.08681154251098633,5.5284953117370605,1248872,34.601561307907104,2152160,10605,42.660343170166016,"[10, 50, 6, 4, 50]"
Off,Off,Off,On,On,On,On,On,Off,Off,On,Off,Off,On,On,Off,Off,Off,Off,On,0.09821581840515137,5.509429693222046,1252968,34.59397053718567,2152160,10605,42.644033908843994,"[10, 50, 6, 4, 50]"
Off,Off,On,Off,Off,Off,On,Off,On,On,On,On,Off,On,Off,Off,On,Off,Off,Off,0.07416105270385742,5.5463786125183105,1252968,34.82591986656189,2152160,10605,42.91982340812683,"[10, 50, 6, 4, 50]"
On,On,Off,On,On,Off,Off,Off,On,On,Off,On,Off,Off,On,On,On,On,Off,Off,0.10679960250854492,5.491090774536133,1248872,34.593997955322266,2152160,10605,42.71896314620972,"[10, 50, 6, 4, 50]"
On,On,On,On,On,Off,On,On,Off,Off,On,Off,On,Off,Off,On,Off,Off,On,On,0.08873653411865234,5.508211135864258,1248872,34.74678182601929,2152160,10605,42.85815405845642,"[10, 50, 6, 4, 50]"
Off,Off,On,Off,Off,On,On,On,On,On,Off,Off,Off,On,On,Off,Off,Off,On,Off,0.08321094512939453,5.550129652023315,1252968,34.60192322731018,2152160,10605,42.663137435913086,"[10, 50, 6, 4, 50]"
On,On,Off,On,Off,On,Off,Off,On,On,Off,On,Off,Off,On,On,Off,Off,Off,Off,0.08326578140258789,5.5049145221710205,1248872,34.84991455078125,2152160,10605,42.90569758415222,"[10, 50, 6, 4, 50]"
On,On,Off,On,On,On,On,On,Off,Off,On,On,On,On,Off,Off,On,On,On,On,0.07962250709533691,5.554270029067993,1252968,34.64736247062683,2152160,10605,42.770819902420044,"[10, 50, 6, 4, 50]"
On,On,On,On,Off,Off,On,On,Off,Off,Off,Off,Off,On,Off,On,On,Off,Off,On,0.08815979957580566,5.486696720123291,1248872,34.75858211517334,2152160,10605,42.801196813583374,"[10, 50, 6, 4, 50]"
On,Off,On,Off,On,Off,Off,Off,Off,On,On,Off,On,Off,On,On,On,On,On,Off,0.0959012508392334,5.4961395263671875,1248872,34.772268295288086,2152160,10605,42.822765588760376,"[10, 50, 6, 4, 50]"
Off,Off,On,Off,Off,On,Off,Off,On,Off,On,On,Off,Off,Off,Off,On,On,Off,Off,0.08701896667480469,5.4947404861450195,1255640,34.74432945251465,2152160,10605,42.807109355926514,"[10, 50, 6, 4, 50]"
Off,Off,Off,Off,On,Off,Off,On,On,On,Off,On,On,On,On,Off,Off,Off,On,On,0.08032083511352539,5.498267412185669,1255640,34.62914705276489,2152160,10605,42.58099150657654,"[10, 50, 6, 4, 50]"
Off,On,Off,On,On,Off,On,Off,Off,Off,On,Off,On,Off,Off,On,Off,On,Off,On,0.08284926414489746,5.50218939781189,1248872,34.589439392089844,2152160,10605,42.612196922302246,"[10, 50, 6, 4, 50]"
On,Off,Off,On,Off,On,On,On,Off,Off,On,Off,Off,On,On,Off,On,Off,Off,Off,0.08614850044250488,5.561066389083862,1252968,34.642093658447266,2152160,10605,42.71555042266846,"[10, 50, 6, 4, 50]"
Off,On,On,On,Off,On,Off,On,Off,Off,Off,Off,On,Off,Off,On,Off,On,On,Off,0.07432246208190918,5.505101442337036,1251544,34.58565711975098,2152160,10605,42.67402195930481,"[10, 50, 6, 4, 50]"
Off,Off,Off,On,Off,Off,On,Off,Off,Off,On,On,On,Off,On,On,On,Off,Off,On,0.09432697296142578,5.548154592514038,1248872,34.778613805770874,2152160,10605,42.93299698829651,"[10, 50, 6, 4, 50]"
On,On,On,Off,Off,On,On,Off,Off,Off,Off,On,Off,On,Off,On,Off,Off,Off,On,0.08498454093933105,5.474698781967163,1248872,34.61182141304016,2152160,10605,42.56689429283142,"[10, 50, 6, 4, 50]"
On,Off,Off,Off,On,Off,Off,Off,On,On,Off,Off,On,On,Off,Off,Off,On,On,Off,0.09162402153015137,5.467551231384277,1252968,34.74739193916321,2152160,10605,42.792736291885376,"[10, 50, 6, 4, 50]"
Off,On,On,On,On,On,Off,Off,On,On,On,Off,Off,Off,Off,Off,On,Off,Off,Off,0.08265423774719238,5.521618366241455,1255640,34.59819841384888,2152160,10605,42.68277859687805,"[10, 50, 6, 4, 50]"
Off,On,Off,Off,On,Off,On,On,On,On,On,On,Off,Off,On,On,On,On,On,On,0.08260107040405273,5.467660188674927,1248872,34.73904037475586,2152160,10605,42.8716561794281,"[10, 50, 6, 4, 50]"
On,Off,On,Off,On,Off,Off,On,On,On,Off,On,On,On,On,Off,Off,On,On,On,0.08703422546386719,5.5428502559661865,1252968,34.736751317977905,2152160,10605,42.78688025474548,"[10, 50, 6, 4, 50]"
On,Off,Off,On,On,Off,On,Off,On,Off,Off,On,Off,Off,Off,On,Off,Off,Off,On,0.1002964973449707,5.483690500259399,1248872,34.6508948802948,2152160,10605,42.61105942726135,"[10, 50, 6, 4, 50]"
Off,On,Off,Off,Off,On,Off,Off,On,On,Off,Off,On,Off,On,Off,Off,Off,On,On,0.09745907783508301,5.516587734222412,1255640,34.74955654144287,2152160,10605,42.82335638999939,"[10, 50, 6, 4, 50]"
Off,On,On,Off,On,Off,Off,On,Off,Off,On,On,Off,On,Off,Off,On,Off,Off,On,0.09736490249633789,5.502465009689331,1255640,34.74146318435669,2152160,10605,42.825053691864014,"[10, 50, 6, 4, 50]"
On,Off,Off,Off,Off,Off,On,Off,Off,On,On,Off,Off,On,On,Off,Off,On,Off,Off,0.10104584693908691,5.5028886795043945,1252968,34.62464904785156,2152160,10605,42.702272176742554,"[10, 50, 6, 4, 50]"
Off,On,Off,On,Off,On,On,On,On,On,Off,On,On,Off,On,Off,Off,On,On,On,0.09106731414794922,5.518326282501221,1252968,34.77614760398865,2152160,10605,42.87055540084839,"[10, 50, 6, 4, 50]"
On,Off,On,Off,Off,On,Off,On,On,Off,On,On,On,Off,Off,On,On,On,On,Off,0.08512353897094727,5.565052032470703,1248872,34.5817985534668,2152160,10605,42.73693513870239,"[10, 50, 6, 4, 50]"
Off,On,On,On,On,On,Off,On,Off,On,On,Off,Off,On,Off,On,On,On,Off,Off,0.08835768699645996,5.522867679595947,1251544,34.78411912918091,2152160,10605,42.85895228385925,"[10, 50, 6, 4, 50]"
On,Off,On,On,On,Off,On,Off,Off,Off,Off,Off,On,On,On,On,On,Off,On,Off,0.09291720390319824,5.507906436920166,1248872,34.74016261100769,2152160,10605,42.94835376739502,"[10, 50, 6, 4, 50]"
On,On,Off,On,On,On,Off,Off,Off,On,On,Off,On,Off,Off,Off,Off,Off,Off,On,0.09231853485107422,5.502981424331665,1252968,34.81828451156616,2152160,10605,42.94368004798889,"[10, 50, 6, 4, 50]"
On,Off,Off,On,Off,Off,On,On,On,Off,On,On,Off,Off,On,Off,On,Off,On,Off,0.0892179012298584,5.4862542152404785,1252968,34.61828303337097,2152160,10605,42.563164472579956,"[10, 50, 6, 4, 50]"
Off,On,Off,On,On,Off,On,On,Off,On,Off,Off,Off,Off,Off,Off,On,On,On,Off,0.07775259017944336,5.5361716747283936,1252968,34.77807855606079,2152160,10605,42.788490533828735,"[10, 50, 6, 4, 50]"
Off,On,On,On,On,Off,On,Off,On,On,Off,Off,Off,Off,On,On,Off,Off,On,On,0.08412408828735352,5.545905590057373,1248872,34.57951760292053,2152160,10605,42.790781021118164,"[10, 50, 6, 4, 50]"
Off,On,On,Off,On,Off,Off,On,On,Off,Off,On,On,On,On,Off,On,On,On,Off,0.09455347061157227,5.504207134246826,1255640,34.6138916015625,2152160,10605,42.61968445777893,"[10, 50, 6, 4, 50]"
On,Off,On,Off,Off,On,Off,Off,On,On,On,On,On,On,On,On,Off,On,Off,On,0.09263372421264648,5.530735969543457,1248872,35.04546236991882,2152160,10605,43.17023587226868,"[10, 50, 6, 4, 50]"
Off,Off,On,Off,Off,On,Off,Off,Off,Off,On,On,Off,On,Off,On,On,On,Off,On,0.09459233283996582,5.505511999130249,1251544,34.745601654052734,2152160,10605,42.88603949546814,"[10, 50, 6, 4, 50]"
On,Off,Off,Off,Off,On,On,On,Off,Off,Off,Off,On,On,Off,On,Off,Off,Off,Off,0.10523509979248047,5.497590780258179,1248872,34.80566334724426,2152160,10605,42.961594343185425,"[10, 50, 6, 4, 50]"
On,Off,Off,On,Off,On,Off,Off,Off,On,On,On,Off,On,Off,Off,On,On,Off,Off,0.09814095497131348,5.497687339782715,1252968,34.645132541656494,2152160,10605,42.70446848869324,"[10, 50, 6, 4, 50]"
Off,On,Off,On,Off,Off,On,On,On,Off,On,Off,On,On,On,On,On,Off,Off,On,0.09599542617797852,5.4877917766571045,1248872,34.64513945579529,2152160,10605,42.69541835784912,"[10, 50, 6, 4, 50]"
Off,On,On,On,On,Off,Off,Off,Off,On,Off,On,Off,Off,Off,Off,Off,On,On,On,0.08449697494506836,5.532262802124023,1255640,34.74379587173462,2152160,10605,42.90648579597473,"[10, 50, 6, 4, 50]"
On,Off,Off,Off,On,Off,On,Off,On,Off,On,Off,On,Off,Off,On,Off,On,Off,Off,0.09101748466491699,5.5711283683776855,1248872,34.5874297618866,2152160,10605,42.76607036590576,"[10, 50, 6, 4, 50]"
On,Off,On,Off,Off,On,On,On,Off,On,Off,Off,Off,Off,On,Off,Off,On,Off,On,0.08325767517089844,5.509042501449585,1252968,34.60685396194458,2152160,10605,42.617247343063354,"[10, 50, 6, 4, 50]"
On,On,On,Off,On,On,Off,Off,On,Off,Off,On,On,Off,On,Off,On,Off,On,On,0.09989762306213379,5.502000093460083,1252968,34.78568172454834,2152160,10605,42.80812740325928,"[10, 50, 6, 4, 50]"
Off,On,Off,On,On,Off,On,On,Off,Off,On,Off,On,On,On,On,On,Off,On,Off,0.08376383781433105,5.498949289321899,1248872,34.78283977508545,2152160,10605,42.90051770210266,"[10, 50, 6, 4, 50]"
Off,Off,On,Off,Off,On,Off,On,On,On,Off,On,Off,On,Off,On,Off,Off,On,Off,0.08979177474975586,5.479567527770996,1251544,34.72971701622009,2152160,10605,42.77221488952637,"[10, 50, 6, 4, 50]"
Off,On,Off,On,Off,On,Off,Off,Off,Off,On,On,Off,On,On,On,On,Off,On,On,0.09279036521911621,5.4847190380096436,1251544,34.69117498397827,2152160,10605,42.84234619140625,"[10, 50, 6, 4, 50]"
On,Off,On,Off,On,Off,Off,On,On,Off,Off,On,Off,On,Off,Off,Off,Off,Off,On,0.08193516731262207,5.512876510620117,1252968,34.579801082611084,2152160,10605,42.64069223403931,"[10, 50, 6, 4, 50]"
On,On,On,On,Off,Off,On,On,Off,On,Off,On,Off,On,On,Off,On,Off,Off,Off,0.09372210502624512,5.499992370605469,1252968,34.77548170089722,2152160,10605,42.96687650680542,"[10, 50, 6, 4, 50]"
Off,Off,Off,On,Off,On,On,On,On,On,On,Off,On,Off,On,On,Off,On,On,On,0.08934354782104492,5.506899118423462,1248872,34.570836782455444,2152160,10605,42.62649345397949,"[10, 50, 6, 4, 50]"
Off,On,On,Off,On,Off,On,On,On,On,On,Off,On,Off,Off,On,On,On,Off,Off,0.08148431777954102,5.504121780395508,1248872,34.609703540802,2152160,10605,42.65883803367615,"[10, 50, 6, 4, 50]"
On,Off,Off,Off,On,Off,On,Off,Off,Off,Off,On,On,On,Off,Off,On,On,On,Off,0.11176800727844238,5.496605157852173,1252968,34.58812618255615,2152160,10605,42.69277858734131,"[10, 50, 6, 4, 50]"
On,Off,On,On,Off,On,Off,Off,On,On,On,Off,On,Off,Off,Off,Off,Off,Off,On,0.08629941940307617,5.504946708679199,1252968,34.75727462768555,2152160,10605,42.79522633552551,"[10, 50, 6, 4, 50]"
Off,On,Off,Off,On,On,Off,Off,Off,Off,Off,Off,Off,Off,On,On,Off,On,On,Off,0.0764169692993164,5.526567220687866,1251544,34.57881832122803,2152160,10605,42.755754709243774,"[10, 50, 6, 4, 50]"
Off,Off,On,On,On,On,Off,Off,Off,Off,Off,On,Off,On,On,Off,On,Off,Off,On,0.07710981369018555,5.571495532989502,1255640,34.75467824935913,2152160,10605,42.943429708480835,"[10, 50, 6, 4, 50]"
On,On,On,On,Off,Off,Off,On,On,Off,On,On,On,Off,Off,On,On,Off,On,On,0.09115052223205566,5.548639535903931,1248872,34.74403166770935,2152160,10605,42.89669752120972,"[10, 50, 6, 4, 50]"
On,Off,Off,On,Off,Off,Off,On,On,Off,Off,Off,Off,Off,Off,Off,Off,On,Off,Off,0.08779358863830566,5.477976322174072,1252968,34.72177767753601,2152160,10605,42.79193830490112,"[10, 50, 6, 4, 50]"
Off,On,Off,On,On,On,On,Off,On,On,Off,On,On,Off,On,Off,On,Off,On,Off,0.0918576717376709,5.534623861312866,1252968,34.77472400665283,2152160,10605,42.852022886276245,"[10, 50, 6, 4, 50]"
On,Off,Off,Off,On,Off,On,On,Off,On,On,Off,Off,On,Off,On,On,On,Off,Off,0.08763980865478516,5.505549192428589,1248872,34.56811714172363,2152160,10605,42.66618084907532,"[10, 50, 6, 4, 50]"
On,On,Off,Off,Off,On,On,On,Off,On,On,Off,Off,Off,On,On,Off,Off,Off,On,0.08534359931945801,5.535861015319824,1248872,34.58880949020386,2152160,10605,42.638328552246094,"[10, 50, 6, 4, 50]"
Off,On,On,Off,Off,On,On,Off,Off,On,Off,On,On,On,On,Off,Off,On,On,Off,0.09863662719726562,5.5140540599823,1252968,34.57059931755066,2152160,10605,42.61985993385315,"[10, 50, 6, 4, 50]"
Off,Off,On,Off,On,Off,Off,Off,On,Off,On,Off,On,On,Off,On,Off,On,On,On,0.09067773818969727,5.488901376724243,1251544,34.73806285858154,2152160,10605,42.70153570175171,"[10, 50, 6, 4, 50]"
On,On,On,Off,Off,Off,On,On,On,Off,On,Off,Off,On,On,Off,Off,Off,Off,Off,0.08896684646606445,5.582996845245361,1252968,34.651323318481445,2152160,10605,42.82426381111145,"[10, 50, 6, 4, 50]"
On,Off,Off,Off,Off,Off,On,On,On,On,On,Off,Off,Off,Off,On,Off,On,On,On,0.09576225280761719,5.5291666984558105,1248872,34.75542497634888,2152160,10605,42.831480741500854,"[10, 50, 6, 4, 50]"
On,On,On,Off,Off,Off,Off,Off,Off,Off,Off,On,Off,Off,Off,Off,On,Off,Off,On,0.09214115142822266,5.544729709625244,1252968,34.7335638999939,2152160,10605,42.819196462631226,"[10, 50, 6, 4, 50]"
Off,Off,Off,On,On,On,Off,Off,Off,On,On,On,On,On,Off,Off,On,On,On,Off,0.10362863540649414,5.50352144241333,1255640,34.76726293563843,2152160,10605,43.0186071395874,"[10, 50, 6, 4, 50]"
Off,Off,On,On,On,Off,Off,On,Off,Off,On,Off,Off,Off,On,On,On,On,On,On,0.09552907943725586,5.489213466644287,1251544,34.580557107925415,2152160,10605,42.65235090255737,"[10, 50, 6, 4, 50]"
Off,On,Off,On,On,On,On,Off,On,On,Off,On,On,On,Off,On,Off,On,Off,Off,0.08179283142089844,5.553957223892212,1248872,34.54991579055786,2152160,10605,42.74044895172119,"[10, 50, 6, 4, 50]"
On,Off,On,Off,On,On,Off,Off,Off,Off,Off,Off,On,On,On,Off,Off,Off,On,Off,0.07058024406433105,5.501918792724609,1252968,34.585477113723755,2152160,10605,42.66679501533508,"[10, 50, 6, 4, 50]"
Off,On,Off,On,Off,On,On,On,On,On,Off,On,On,Off,On,On,On,Off,Off,On,0.08530187606811523,5.52897834777832,1248872,34.65753746032715,2152160,10605,42.935853481292725,"[10, 50, 6, 4, 50]"
Off,Off,On,On,Off,On,Off,On,Off,On,On,On,On,On,Off,Off,On,On,On,Off,0.09210705757141113,5.500147581100464,1255640,34.658066272735596,2152160,10605,42.69828653335571,"[10, 50, 6, 4, 50]"
Off,On,Off,On,On,Off,On,Off,Off,Off,On,On,Off,Off,On,On,Off,On,Off,Off,0.07523655891418457,5.525954484939575,1248872,34.77468943595886,2152160,10605,42.88634991645813,"[10, 50, 6, 4, 50]"
On,Off,Off,Off,Off,Off,On,Off,On,Off,On,On,Off,On,Off,On,On,Off,Off,On,0.08416986465454102,5.581697702407837,1248872,34.728872537612915,2152160,10605,42.976356983184814,"[10, 50, 6, 4, 50]"
Off,Off,Off,Off,On,On,Off,Off,Off,On,Off,Off,On,On,Off,Off,On,Off,On,On,0.09499120712280273,5.539287328720093,1255640,34.722676038742065,2152160,10605,42.84819960594177,"[10, 50, 6, 4, 50]"
Off,On,On,On,On,On,Off,On,On,Off,Off,Off,On,On,On,Off,Off,On,Off,On,0.09372234344482422,5.480846166610718,1255640,34.56956386566162,2152160,10605,42.60315728187561,"[10, 50, 6, 4, 50]"
On,Off,On,On,Off,Off,On,Off,On,On,Off,On,On,Off,Off,On,On,Off,On,Off,0.1020040512084961,5.486191987991333,1248872,34.75477862358093,2152160,10605,42.7830011844635,"[10, 50, 6, 4, 50]"
On,On,Off,Off,Off,On,Off,On,On,On,Off,Off,Off,Off,On,On,Off,On,Off,On,0.09010076522827148,5.501566410064697,1248872,34.97337603569031,2152160,10605,43.03181171417236,"[10, 50, 6, 4, 50]"
On,On,On,Off,On,Off,On,On,Off,Off,On,Off,Off,Off,On,Off,Off,Off,On,Off,0.0934133529663086,5.564728260040283,1252968,34.749194622039795,2152160,10605,42.84170317649841,"[10, 50, 6, 4, 50]"
Off,On,Off,On,Off,Off,Off,Off,Off,Off,Off,Off,On,Off,On,On,On,On,On,Off,0.0894775390625,5.493192434310913,1251544,34.631226778030396,2152160,10605,42.66827416419983,"[10, 50, 6, 4, 50]"
On,Off,On,On,On,Off,Off,Off,Off,Off,Off,Off,Off,Off,On,On,Off,On,Off,On,0.09449076652526855,5.493577003479004,1248872,34.74314212799072,2152160,10605,42.781917572021484,"[10, 50, 6, 4, 50]"
On,On,Off,Off,Off,Off,Off,Off,On,Off,On,On,Off,Off,On,On,Off,Off,On,Off,0.09696626663208008,5.504401922225952,1248872,34.734267234802246,2152160,10605,42.83509707450867,"[10, 50, 6, 4, 50]"
On,Off,On,On,Off,On,On,On,On,On,On,Off,Off,On,Off,Off,On,Off,Off,On,0.09340500831604004,5.509047269821167,1252968,34.73541617393494,2152160,10605,42.74222803115845,"[10, 50, 6, 4, 50]"
On,Off,On,On,Off,Off,On,On,On,On,Off,On,On,On,Off,Off,Off,On,Off,On,0.09961915016174316,5.499356031417847,1252968,34.76332378387451,2152160,10605,42.885783195495605,"[10, 50, 6, 4, 50]"
Off,On,Off,Off,On,On,On,On,On,On,On,On,On,On,Off,Off,On,Off,On,Off,0.09104108810424805,5.538380861282349,1252968,34.646750688552856,2152160,10605,42.72786617279053,"[10, 50, 6, 4, 50]"
Off,Off,On,Off,On,On,On,Off,Off,On,Off,On,On,Off,On,On,On,Off,On,Off,0.07984638214111328,5.500053644180298,1248872,34.60046601295471,2152160,10605,42.718717098236084,"[10, 50, 6, 4, 50]"
Off,On,Off,Off,On,On,Off,On,Off,Off,On,Off,Off,On,Off,Off,Off,On,Off,On,0.08012700080871582,5.505929708480835,1255640,34.727330684661865,2152160,10605,42.688063859939575,"[10, 50, 6, 4, 50]"
On,Off,On,Off,Off,Off,On,Off,Off,On,Off,Off,On,On,On,Off,Off,On,Off,Off,0.097015380859375,5.51158595085144,1252968,34.63955736160278,2152160,10605,42.72563052177429,"[10, 50, 6, 4, 50]"
Off,On,Off,Off,On,On,On,Off,On,Off,On,Off,Off,On,Off,On,On,Off,On,On,0.09905242919921875,5.496661901473999,1248872,34.58092403411865,2152160,10605,42.699981689453125,"[10, 50, 6, 4, 50]"
Off,On,Off,On,Off,On,Off,On,Off,Off,On,Off,Off,Off,On,On,On,Off,On,Off,0.0927131175994873,5.503967761993408,1251544,34.585516929626465,2152160,10605,42.5438928604126,"[10, 50, 6, 4, 50]"
Off,Off,On,Off,Off,On,On,Off,On,Off,Off,On,On,Off,Off,Off,On,On,On,On,0.08661842346191406,5.558196067810059,1252968,34.74912452697754,2152160,10605,42.96528434753418,"[10, 50, 6, 4, 50]"
On,On,Off,On,On,Off,On,On,Off,On,Off,Off,On,On,Off,Off,Off,Off,Off,Off,0.09095311164855957,5.526862144470215,1252968,34.96404218673706,2152160,10605,43.09888172149658,"[10, 50, 6, 4, 50]"
On,Off,On,On,Off,On,Off,Off,On,Off,On,On,On,On,Off,On,Off,On,Off,On,0.09795475006103516,5.574347257614136,1248872,34.58087110519409,2152160,10605,42.6430127620697,"[10, 50, 6, 4, 50]"
On,On,On,Off,On,Off,Off,On,Off,On,Off,On,Off,Off,On,Off,On,Off,Off,On,0.09701347351074219,5.5309131145477295,1252968,34.778334617614746,2152160,10605,42.94236493110657,"[10, 50, 6, 4, 50]"
Off,Off,Off,On,On,Off,Off,On,On,On,On,On,Off,Off,On,On,Off,On,On,Off,0.09270334243774414,5.497502326965332,1251544,34.79823565483093,2152160,10605,42.799047231674194,"[10, 50, 6, 4, 50]"
On,Off,Off,Off,Off,On,On,Off,On,Off,On,Off,Off,Off,Off,Off,Off,On,On,On,0.08268475532531738,5.545902252197266,1252968,34.740997552871704,2152160,10605,42.912397384643555,"[10, 50, 6, 4, 50]"
Off,On,Off,Off,On,Off,On,Off,Off,Off,On,On,On,On,Off,Off,On,On,On,Off,0.08918213844299316,5.481133937835693,1252968,34.73273849487305,2152160,10605,42.758699893951416,"[10, 50, 6, 4, 50]"
Off,Off,On,Off,On,On,Off,On,On,Off,Off,Off,On,On,On,On,Off,On,On,On,0.08834719657897949,5.544780254364014,1251544,34.6235466003418,2152160,10605,42.68727970123291,"[10, 50, 6, 4, 50]"
On,Off,On,On,On,Off,On,Off,Off,On,On,On,Off,Off,On,Off,Off,Off,Off,Off,0.09343361854553223,5.5358686447143555,1252968,34.58433675765991,2152160,10605,42.67109799385071,"[10, 50, 6, 4, 50]"
Off,Off,On,On,On,Off,Off,Off,Off,On,Off,On,Off,Off,On,On,On,On,Off,On,0.0851292610168457,5.501159191131592,1251544,34.59220552444458,2152160,10605,42.600916385650635,"[10, 50, 6, 4, 50]"
On,On,Off,Off,Off,On,Off,On,Off,On,On,Off,On,On,Off,Off,Off,Off,Off,Off,0.08616161346435547,5.539984703063965,1252968,34.60013461112976,2152160,10605,42.85903215408325,"[10, 50, 6, 4, 50]"
Off,On,Off,On,Off,On,Off,On,On,On,Off,Off,On,Off,Off,On,On,Off,On,On,0.07758164405822754,5.475437164306641,1251544,34.72937512397766,2152160,10605,42.72591185569763,"[10, 50, 6, 4, 50]"
On,On,On,On,Off,Off,On,On,On,Off,Off,On,Off,On,On,On,On,Off,Off,Off,0.09131550788879395,5.497779607772827,1248872,34.7892644405365,2152160,10605,42.87362861633301,"[10, 50, 6, 4, 50]"
Off,Off,Off,On,On,On,Off,On,On,Off,Off,Off,Off,On,Off,Off,Off,On,On,On,0.08394217491149902,5.510415077209473,1255640,34.75195002555847,2152160,10605,42.89400577545166,"[10, 50, 6, 4, 50]"
On,On,On,On,On,Off,On,On,Off,Off,Off,Off,Off,Off,On,Off,Off,On,Off,Off,0.08177804946899414,5.536652565002441,1252968,34.60567045211792,2152160,10605,42.70753788948059,"[10, 50, 6, 4, 50]"
Off,Off,On,Off,Off,On,On,On,On,On,Off,Off,On,On,On,On,On,On,On,Off,0.08668804168701172,5.515876293182373,1248872,34.62443399429321,2152160,10605,42.76715087890625,"[10, 50, 6, 4, 50]"
On,On,Off,Off,On,Off,On,Off,On,On,On,Off,On,On,On,Off,Off,Off,Off,On,0.09386205673217773,5.595580339431763,1252968,34.734556674957275,2152160,10605,42.8957633972168,"[10, 50, 6, 4, 50]"
Off,Off,Off,On,On,On,Off,On,On,Off,Off,On,On,Off,Off,On,On,Off,Off,On,0.08221578598022461,5.547403812408447,1251544,34.64148926734924,2152160,10605,42.82232117652893,"[10, 50, 6, 4, 50]"
Off,On,On,On,Off,On,Off,Off,Off,Off,On,On,On,Off,Off,Off,Off,Off,Off,Off,0.0874338150024414,5.559075593948364,1255640,34.73837494850159,2152160,10605,42.78625226020813,"[10, 50, 6, 4, 50]"
On,Off,Off,Off,Off,Off,On,Off,Off,On,On,On,Off,On,Off,On,On,Off,On,On,0.07144021987915039,5.498701572418213,1248872,34.73153734207153,2152160,10605,42.68943190574646,"[10, 50, 6, 4, 50]"
On,On,On,Off,Off,Off,Off,Off,Off,On,On,On,Off,Off,On,On,On,On,On,Off,0.08848023414611816,5.488933801651001,1248872,34.73059439659119,2152160,10605,42.69470810890198,"[10, 50, 6, 4, 50]"
Off,Off,On,Off,Off,Off,On,Off,On,On,On,Off,Off,On,On,Off,On,On,On,On,0.0941472053527832,5.563409805297852,1252968,34.589030265808105,2152160,10605,42.735292196273804,"[10, 50, 6, 4, 50]"
