maxThreads,acceptCount,connectionTimeout,keepAliveTimeout,maxConnections,minSpareThreads,processorCache,enableLookups,asyncTimeout,disableUploadTimeout,connectionUploadTimeout,executorTerminationTimeoutMillis,compressionMinSize,tcpNoDelay,maxHttpHeaderSize,maxHttpRequestHeaderSize,maxHttpResponseHeaderSize,maxKeepAliveRequests,threadsMaxIdleTime,threadPriority,RPS,cost,fidelity
14360,96,45428,29613,55485,138,195,true,17955,true,7441,50244,3285,true,11277,3804,10980,120,94492,10,2652.42,180.14460492134094,"[8, 50, 180, True]"
2787,703,13909,50264,24284,483,324,false,48981,false,571448,28735,66961,false,38495,42404,51256,504,568133,2,2635.39,180.08335494995117,"[8, 50, 180, True]"
9490,395,41890,9306,32432,273,93,true,30497,false,348011,4584,88800,true,59082,31691,21197,853,272703,4,2665.65,180.10315132141113,"[8, 50, 180, True]"
18521,788,16933,33662,88730,116,456,false,7147,true,235561,44834,25133,false,23706,53429,45087,267,408804,7,2673.1,180.12900114059448,"[8, 50, 180, True]"
15586,330,5996,43206,78645,212,30,false,43235,false,425139,16579,79600,true,29079,21872,64360,439,344302,6,2646.82,180.10510063171387,"[8, 50, 180, True]"
6493,972,53219,3858,47443,433,393,true,8459,true,163120,54955,40926,false,52165,65040,6588,932,170662,4,2652.59,180.12542009353638,"[8, 50, 180, True]"
764,164,25076,52898,7948,316,132,false,27878,true,80167,30803,12882,true,47956,8319,33600,707,484988,2,2581.39,180.12832164764404,"[8, 50, 180, True]"
12315,521,33861,17255,64247,32,260,true,54978,false,494035,11171,51553,false,256,35585,24979,167,48886,8,2630.54,180.1250879764557,"[8, 50, 180, True]"
10864,465,29640,1435,13794,79,49,false,40384,false,412493,38898,62500,true,13184,57995,37216,754,312523,4,2649.13,180.1271390914917,"[8, 50, 180, True]"
2456,858,31160,40828,57593,294,436,true,11291,true,222681,2156,23823,false,35284,18933,29580,373,223553,7,2603.28,180.13172364234924,"[8, 50, 180, True]"
5447,41,3077,22490,99322,457,167,false,23152,true,132861,22535,45611,true,63813,38810,59767,24,509443,9,2592.53,180.12204122543335,"[8, 50, 180, True]"
16392,649,58033,58088,30621,179,288,true,59686,false,469505,48021,84278,false,17175,15590,2981,608,8007,1,2585.72,180.12390851974487,"[8, 50, 180, True]"
19667,234,38952,45029,39090,26,230,true,20773,true,60274,12441,36062,true,28186,47423,16596,687,149709,3,2703.61,180.11959171295166,"[8, 50, 180, True]"
8738,592,21730,24423,82888,369,351,false,46115,false,546779,36050,99735,false,54346,4673,41472,196,538679,9,2637.4,180.12582349777222,"[8, 50, 180, True]"
4143,275,50003,36085,72311,377,113,true,35190,false,334933,56431,71651,true,42207,52270,14587,420,234186,7,2558.15,180.11495304107666,"[8, 50, 180, True]"
12609,917,11218,11684,3611,222,499,false,2406,true,295553,21563,7981,false,7821,26450,55849,957,435621,5,2676.81,180.12112593650818,"[8, 50, 180, True]"
13356,291,32779,55874,93070,352,331,false,37040,false,191267,54372,10530,true,32599,34666,63477,318,86620,4,2600.99,180.11509728431702,"[8, 50, 180, True]"
4889,898,26572,16474,36869,12,217,true,566,true,378286,17631,72641,false,50437,11286,5415,809,597098,8,2645.96,180.12125277519226,"[8, 50, 180, True]"
7837,216,58289,43023,20042,238,448,false,18879,true,465928,8010,94449,true,46482,62075,36830,585,283578,10,2612.96,180.12050080299377,"[8, 50, 180, True]"
18763,608,521,7416,51341,392,68,true,48029,false,127059,33495,32341,false,4034,22789,27918,47,381523,2,2621.51,180.13167238235474,"[8, 50, 180, True]"
17053,25,19598,9467,66059,311,386,true,25054,true,543339,27920,84904,true,8909,56542,9849,250,370925,2,2595.84,180.08529257774353,"[8, 50, 180, True]"
6105,667,39633,30067,9859,93,7,false,57778,false,54334,51528,47791,false,39071,30626,50347,632,160446,8,2553.32,180.1299946308136,"[8, 50, 180, True]"
1641,484,7725,26616,45338,163,269,true,38526,false,263708,41909,19690,true,59400,43471,24146,981,455362,6,2650.22,180.1332938671112,"[8, 50, 180, True]"
10047,842,51197,51008,76636,443,156,false,13126,true,301157,7041,56795,false,21084,689,48258,396,57418,5,2585.4,180.12050533294678,"[8, 50, 180, True]"
11736,145,12305,35188,26185,417,413,true,29736,true,593634,34766,55228,true,24796,27451,19535,559,323327,9,2602.19,180.09544134140015,"[8, 50, 180, True]"
182,538,48512,14546,94982,198,42,false,53144,false,32126,13257,18117,false,55944,49221,44701,66,196343,1,2566.57,180.1105682849884,"[8, 50, 180, True]"
6918,346,16662,48700,61737,49,312,true,41332,false,248660,19107,39989,true,43551,7724,13414,291,501495,3,2713.8,180.13226103782654,"[8, 50, 180, True]"
16009,953,44431,24350,18037,330,176,false,10366,true,363042,59356,77096,false,4173,46420,54966,830,37049,7,2592.62,180.12429022789001,"[8, 50, 180, True]"
18009,414,55364,18783,1700,499,374,false,32391,false,175789,1105,30780,true,15682,12431,40387,877,120155,6,2602.14,180.11606359481812,"[8, 50, 180, True]"
8975,771,5330,58139,70499,153,237,true,5233,true,440600,39481,92894,false,34578,39921,32529,494,547139,5,2612.36,180.11645936965942,"[8, 50, 180, True]"
6918,311,13593,48634,62629,50,360,true,41833,false,247282,19030,40008,true,42781,4029,14371,291,495844,3,2640.96,180.1248095035553,"[8, 50, 180, True]"
6918,437,16662,54565,61737,49,312,true,41391,false,248659,19107,39989,true,43596,7703,13414,291,501486,3,2656.76,180.1184163093567,"[8, 50, 180, True]"
14916,490,52539,14903,98690,183,157,false,12572,true,139364,15128,33607,false,27656,6022,50705,360,187458,9,2767.25,180.11287426948547,"[8, 50, 180, True]"
15337,569,52539,14903,98691,183,157,false,12639,true,139364,15128,33607,false,27656,6081,43509,322,187458,2,2621.93,180.12947416305542,"[8, 50, 180, True]"
16861,138,36996,7254,61756,395,52,true,10512,false,168034,43181,6835,true,50183,19573,16969,786,359648,7,2589.19,180.13305711746216,"[8, 50, 180, True]"
14916,490,52539,14903,98690,183,157,false,12572,true,139364,15128,33607,false,27656,6022,50527,360,187458,9,2635.02,180.11206459999084,"[8, 50, 180, True]"
8705,644,57287,46272,23797,288,26,true,7708,true,489962,48833,22720,false,41128,39639,52262,174,95261,9,2604.2,180.12628841400146,"[8, 50, 180, True]"
16060,490,52539,14904,98639,183,158,false,12576,true,139364,15058,33613,false,27656,6022,51615,360,174353,9,2644.61,180.12205290794373,"[8, 50, 180, True]"
896,73,53105,32637,61134,12,362,false,25173,false,372230,43785,29731,false,29397,56219,62710,959,208427,3,2628.01,180.10297799110413,"[8, 50, 180, True]"
14842,490,52663,15685,98690,248,159,false,12572,true,139364,14881,33607,false,27656,8159,50705,407,192097,9,2614.98,180.12622022628784,"[8, 50, 180, True]"
14916,485,50351,12346,325,182,157,false,12572,true,135196,15129,27664,false,27595,6022,51120,366,187525,9,2650.38,180.1307213306427,"[8, 50, 180, True]"
8830,657,44765,32133,27548,401,400,true,20075,false,74034,38114,42865,true,10687,56941,63789,315,441474,5,2638.46,180.1331708431244,"[8, 50, 180, True]"
14918,489,52539,16794,93944,183,157,false,11465,true,137519,15128,33606,false,27659,6016,51449,360,187458,9,2665.82,180.1263062953949,"[8, 50, 180, True]"
14916,490,52539,14903,98690,183,157,false,12572,true,139364,15128,33607,false,28871,6022,50705,360,187458,9,2711.54,180.12476897239685,"[8, 50, 180, True]"
13407,81,38677,28243,67032,459,42,true,25309,true,146691,7478,5248,false,35852,40588,35585,449,264935,9,2667.31,180.13124656677246,"[8, 50, 180, True]"
6741,804,44204,46133,56966,181,73,true,29954,false,554498,52773,90074,true,15017,26636,60796,501,226370,7,2587.1,180.09246635437012,"[8, 50, 180, True]"
17140,917,12825,8304,63408,498,333,false,47630,true,441137,44369,62095,false,38178,46970,26737,478,445767,1,2578.64,180.10874676704407,"[8, 50, 180, True]"
5348,305,6787,43588,62969,108,449,false,47769,true,326856,35324,9767,true,49388,818,1452,894,477089,5,2680.08,180.13165593147278,"[8, 50, 180, True]"
17894,588,36237,46403,47024,497,392,true,14188,false,433025,17177,84992,true,28974,22650,37929,481,278412,8,2582.55,180.1134798526764,"[8, 50, 180, True]"
8092,887,17784,48042,82578,411,254,true,28848,true,78060,26823,77948,false,53259,7424,65261,534,110240,5,2553.55,180.12820649147034,"[8, 50, 180, True]"
7060,437,21334,58098,50271,377,140,true,42559,true,358156,33687,33946,false,64792,46699,31857,689,164550,10,2608.82,180.11515307426453,"[8, 50, 180, True]"
14916,490,52539,14903,98690,193,157,false,12572,true,139364,15128,33607,false,24504,6022,52293,360,187458,9,2639.22,180.12060117721558,"[8, 50, 180, True]"
8708,928,25083,9419,48574,307,413,false,44236,false,186277,14938,3135,false,55715,56674,2520,890,208647,10,2649.53,180.12916040420532,"[8, 50, 180, True]"
1706,922,2010,1968,18093,451,237,true,27350,true,24412,35377,65773,false,55473,5557,3456,308,449579,3,2560.93,180.08058309555054,"[8, 50, 180, True]"
2574,99,32877,5166,1126,184,278,false,27619,true,175048,14044,4086,false,23278,6554,23355,793,228541,3,2601.89,180.13286113739014,"[8, 50, 180, True]"
1808,88,54860,44764,53918,224,464,false,6033,false,514284,541,30157,true,63739,50478,2024,202,194893,9,2673.88,180.11917066574097,"[8, 50, 180, True]"
16089,930,44929,16568,6546,35,140,false,17682,true,162771,10143,10499,true,28272,9262,29610,193,501170,3,2679.59,180.0961549282074,"[8, 50, 180, True]"
4166,373,47767,19257,46552,159,1,true,8620,true,193081,19683,9421,false,15086,51047,39802,328,6376,2,2349.07,180.07919692993164,"[8, 50, 180, True]"
2495,585,24955,21602,34182,154,353,true,7947,false,174787,56548,64639,false,48764,52938,15668,407,269851,1,2677.87,180.11743927001953,"[8, 50, 180, True]"
11723,557,509,13911,8447,135,438,false,3567,true,50108,1577,76905,true,17631,27196,9563,582,185062,2,2762.41,180.1277084350586,"[8, 50, 180, True]"
17941,854,55569,37381,47836,162,293,true,23177,false,283966,59070,87380,false,36318,48081,2207,269,353405,3,2632.53,180.11172795295715,"[8, 50, 180, True]"
7408,16,17807,35853,17607,372,428,true,26628,false,423109,46251,1325,false,47169,50395,11196,453,554593,2,2529.86,180.12124037742615,"[8, 50, 180, True]"
10853,345,40240,1878,17563,71,214,false,49249,true,302946,22922,17098,false,50822,50163,1290,444,149031,8,2682.52,180.1326732635498,"[8, 50, 180, True]"
3951,655,30091,24771,33065,368,58,true,29395,false,39817,45645,8321,true,5862,12394,19844,855,179251,9,2628.61,180.1275074481964,"[8, 50, 180, True]"
3074,928,46531,22404,81786,111,294,false,15090,false,435920,56420,55969,false,42160,52486,16407,549,162056,5,2650.57,180.1201672554016,"[8, 50, 180, True]"
14916,490,52539,14903,98690,183,157,true,13011,false,139364,15128,33607,false,27656,6022,50705,411,187458,9,2653.46,180.10231804847717,"[8, 50, 180, True]"
15985,430,13935,50894,83750,365,299,false,55815,true,286961,31518,51619,false,44837,7718,50925,852,117691,6,2525.8,180.13091588020325,"[8, 50, 180, True]"
14916,490,52539,14903,98690,183,157,false,12572,false,139364,15128,45838,false,27656,6022,50705,360,187458,9,2643.19,180.1308388710022,"[8, 50, 180, True]"
14916,490,52539,14903,98690,183,157,true,12572,true,139364,15128,33607,false,25732,6022,50705,360,187458,9,2586.96,180.12789797782898,"[8, 50, 180, True]"
1331,799,37325,8445,4170,33,268,true,17153,true,518775,29040,50818,false,33878,60973,29663,336,403323,6,2684.51,180.10167050361633,"[8, 50, 180, True]"
2291,562,40864,14418,17072,314,204,true,37640,true,114924,57636,30426,false,30977,44182,46673,254,366428,6,2614.57,180.11852145195007,"[8, 50, 180, True]"
18684,547,51912,20740,32586,454,136,false,34617,true,17927,34402,69367,true,1851,22376,35148,366,213361,9,2548.5,180.1250228881836,"[8, 50, 180, True]"
15066,640,49585,18933,74658,126,164,true,44736,false,282360,40363,49525,false,17600,49520,55672,163,321627,1,2630.16,180.13012409210205,"[8, 50, 180, True]"
8368,557,28212,58374,22998,475,437,true,54954,false,252134,12588,21766,true,58424,9720,27401,532,77241,10,2580.94,180.1176745891571,"[8, 50, 180, True]"
19491,900,27909,57013,866,430,388,true,49060,false,509156,22806,65752,true,2955,57586,61212,898,388464,3,2585.64,180.12508368492126,"[8, 50, 180, True]"
2575,972,7215,52633,16172,240,216,true,35558,true,22845,27626,90803,false,50983,29782,31722,293,134343,3,2605.46,180.12665057182312,"[8, 50, 180, True]"
12893,797,16319,33084,72410,299,453,false,55973,true,22330,59907,1308,true,41654,20090,61240,624,450706,3,2613.02,180.07550835609436,"[8, 50, 180, True]"
230,432,50522,29633,90559,78,3,false,12004,false,135249,15197,33371,false,6331,4379,39688,367,303707,1,2543.2,180.11963844299316,"[8, 50, 180, True]"
1683,740,13875,27717,21324,443,443,true,16787,false,330225,38807,55973,true,59212,42522,7401,529,137266,1,2607.39,180.12732577323914,"[8, 50, 180, True]"
8356,167,4656,2895,61039,360,300,true,42064,false,254373,52388,59466,false,40738,29228,28700,495,508552,4,2573.48,180.12877774238586,"[8, 50, 180, True]"
5779,279,10554,31163,36451,461,366,false,29811,true,24099,20105,34712,false,58048,47165,36046,438,320579,3,2619.77,180.12770867347717,"[8, 50, 180, True]"
14826,488,52539,14008,98813,183,142,false,12369,true,323140,15128,33607,false,27656,6022,50705,19,187458,9,2701.57,180.0906753540039,"[8, 50, 180, True]"
14910,473,52539,14903,99985,184,157,false,14096,true,365089,15128,33607,false,27656,6022,50931,360,187458,9,2598.36,180.1201777458191,"[8, 50, 180, True]"
10276,476,38569,3871,71714,178,413,false,28956,true,309213,16880,42316,false,13425,2058,37220,981,3878,2,2652.82,180.10208129882812,"[8, 50, 180, True]"
12473,631,47230,30270,52254,72,335,true,9870,true,227001,32910,52749,true,5990,40899,15745,810,5323,8,2665.3,180.1100571155548,"[8, 50, 180, True]"
1613,394,33109,57179,38649,193,374,true,59480,true,213911,43228,88059,true,27191,49466,62764,840,593776,9,2647.27,180.117591381073,"[8, 50, 180, True]"
3168,198,40063,9113,86126,358,185,false,31775,false,524034,330,98282,true,26337,32417,15416,762,560253,3,2601.97,180.125159740448,"[8, 50, 180, True]"
14834,553,44721,7752,16245,249,479,false,2591,false,243824,40144,39426,true,61128,4408,21101,130,146376,9,2606.46,180.1193037033081,"[8, 50, 180, True]"
9685,637,15992,41188,83034,211,19,false,16507,false,415216,59782,55852,false,60628,6345,21627,298,223846,9,2607.23,180.13359308242798,"[8, 50, 180, True]"
14916,770,52539,43339,97313,183,158,false,12523,true,139364,15128,33607,false,57095,6022,50705,360,469352,9,2661.33,180.12457370758057,"[8, 50, 180, True]"
1335,975,22542,28319,97661,96,312,false,11955,true,324244,13371,75442,false,33543,23186,20446,543,380665,5,2641.97,180.09636068344116,"[8, 50, 180, True]"
12156,743,47541,46323,65045,280,433,false,38508,false,275690,25945,71725,false,20477,27786,13904,805,69556,10,2625.02,180.12814211845398,"[8, 50, 180, True]"
18696,938,46955,53602,91457,323,484,true,17486,false,404633,57821,53162,false,59584,61197,46682,328,432771,7,2638.0,180.1162986755371,"[8, 50, 180, True]"
8352,578,37117,41705,64277,444,338,false,42088,true,560049,10808,36590,false,5632,47899,5996,781,127362,10,2586.83,180.11871480941772,"[8, 50, 180, True]"
1830,335,43461,36868,41228,153,55,true,42433,true,79461,20312,958,false,27122,32302,970,579,55053,2,2617.86,180.11909341812134,"[8, 50, 180, True]"
15648,532,20920,50494,10585,330,375,true,307,true,243189,52912,94456,false,6849,16460,60961,122,201924,9,2609.42,180.12187957763672,"[8, 50, 180, True]"
15159,742,46713,32314,84295,422,401,false,42926,false,42880,2597,73794,false,7881,17449,51433,849,517517,8,2579.72,180.13039588928223,"[8, 50, 180, True]"
10693,893,10971,51897,86680,164,377,false,27033,true,444930,59465,35213,true,40786,54680,28853,617,96826,6,2628.49,180.13084411621094,"[8, 50, 180, True]"
2287,46,58302,53954,33468,390,50,false,45968,false,263953,53690,52817,true,64162,51433,57725,320,326460,5,2588.69,180.1303210258484,"[8, 50, 180, True]"
19451,659,9293,43523,8515,23,98,true,50948,false,186855,4386,95958,true,20503,11015,21189,22,375178,1,2628.3,180.1226990222931,"[8, 50, 180, True]"
8073,94,23914,16310,38461,449,205,true,48226,true,28487,34923,74980,true,21191,50181,42409,924,455382,8,2582.09,180.1268503665924,"[8, 50, 180, True]"
18046,969,20653,56189,40858,237,232,true,54998,true,570078,55324,64435,false,43218,41770,12206,995,448376,9,2602.18,180.12707376480103,"[8, 50, 180, True]"
15236,398,18723,9563,81127,283,454,false,8226,true,564368,32257,59658,false,40613,47156,17324,825,20319,6,2570.25,180.12677836418152,"[8, 50, 180, True]"
582,650,5692,39740,43263,271,492,true,28650,true,550210,19192,35725,true,23049,35533,10330,197,315868,2,2637.74,180.10440278053284,"[8, 50, 180, True]"
8762,4,4313,39710,34274,71,65,true,7419,false,261380,43397,66625,true,2273,61946,57166,765,178582,3,2655.91,180.11158108711243,"[8, 50, 180, True]"
14914,490,52539,14903,98690,183,157,false,12416,true,139364,15128,33607,false,27656,6022,50705,360,187458,9,2645.24,180.12647986412048,"[8, 50, 180, True]"
5779,878,59366,10305,22085,177,384,true,61,false,597816,15954,47828,true,37377,1675,42831,334,369824,4,2645.89,180.12340092658997,"[8, 50, 180, True]"
8202,252,49573,33536,8547,417,267,true,14069,false,370506,29181,60544,true,19271,26798,48492,360,554773,3,2598.0,180.10240864753723,"[8, 50, 180, True]"
12608,984,19132,58828,39219,308,482,true,55888,false,429872,52821,99425,false,6773,49467,49547,949,377859,10,2590.68,180.13227820396423,"[8, 50, 180, True]"
3484,117,15889,3491,39600,82,98,true,21594,true,276639,33489,44203,false,22690,51384,37389,360,118554,1,2689.11,180.11000204086304,"[8, 50, 180, True]"
14995,495,52222,14969,79982,183,157,false,13934,true,163357,15128,32325,false,28335,6639,50618,374,194979,9,2652.25,180.1202154159546,"[8, 50, 180, True]"
10933,121,28315,15625,79156,3,367,true,9717,true,245704,14007,11533,true,33970,3661,63679,212,229493,5,2685.72,180.12045907974243,"[8, 50, 180, True]"
14916,490,52640,14506,98690,183,157,false,12572,true,139364,15128,33607,false,27656,6022,50705,360,187458,9,2662.14,180.13003158569336,"[8, 50, 180, True]"
14305,35,12634,26573,7110,15,165,false,3391,true,134906,39173,39733,true,18798,2705,61597,854,469760,7,2719.83,180.09221506118774,"[8, 50, 180, True]"
12400,101,31238,10145,2231,179,121,false,23161,false,224551,58458,39784,false,7898,2547,32242,993,72732,2,2639.87,180.12292218208313,"[8, 50, 180, True]"
18358,982,1288,29192,26707,252,316,true,37614,true,468239,57637,81618,true,47326,41877,44875,394,193981,8,2576.78,180.1186671257019,"[8, 50, 180, True]"
18938,414,43255,42329,90397,365,99,true,27542,true,282771,34860,6055,false,21561,31252,5509,219,95108,2,2622.95,180.095139503479,"[8, 50, 180, True]"
1236,716,22509,28784,95970,422,424,false,58276,true,533566,32280,10989,false,40111,1964,59427,600,482280,7,2587.5,180.13373017311096,"[8, 50, 180, True]"
2629,254,7530,24575,72630,351,498,true,24881,false,511854,11144,44646,true,64999,15733,54847,794,566594,4,2618.42,180.10874152183533,"[8, 50, 180, True]"
16135,775,55018,31218,46273,430,53,true,107,true,492731,41606,67165,false,63841,55125,34107,299,334233,10,2581.97,180.12401509284973,"[8, 50, 180, True]"
14434,487,51501,5022,8664,423,277,false,53705,true,462984,5396,77648,false,27232,36655,25959,151,16486,6,2622.8,180.13074469566345,"[8, 50, 180, True]"
5570,305,14278,3728,39491,178,7,false,13213,false,468582,54567,85183,true,20695,42054,30140,191,85909,1,2569.9,180.13038396835327,"[8, 50, 180, True]"
16196,902,37720,55128,18825,43,115,false,22481,false,211878,37412,89918,false,30043,38532,56301,122,537068,9,2745.7,180.11635851860046,"[8, 50, 180, True]"
18170,308,43820,28206,61394,306,216,false,49171,true,396167,16494,82325,false,52704,45989,56619,218,264252,6,2620.75,180.08866333961487,"[8, 50, 180, True]"
1817,892,40332,30040,62888,416,452,true,43397,true,572492,25851,65290,false,45079,1289,44516,672,98877,9,2610.17,180.08248162269592,"[8, 50, 180, True]"
1390,34,4720,15305,21194,115,10,true,12847,true,468403,9068,4513,false,28597,32352,24660,317,178343,5,2581.34,180.11462712287903,"[8, 50, 180, True]"
6100,557,33833,9324,25170,424,129,true,59493,true,127226,49973,23396,true,17461,3517,55071,713,322365,2,2587.13,180.10056066513062,"[8, 50, 180, True]"
2574,308,29314,51784,44197,500,84,true,32883,true,427605,51130,25707,false,58446,4907,50920,347,590285,9,2632.68,180.11629223823547,"[8, 50, 180, True]"
11058,145,37857,11242,16233,373,300,true,42952,true,568482,54935,9565,false,48231,7333,32713,652,317686,7,2583.14,180.13348650932312,"[8, 50, 180, True]"
9945,318,27264,8631,63495,116,199,false,7807,true,334745,28116,9228,false,30080,29955,9367,593,132159,2,2655.43,180.08908772468567,"[8, 50, 180, True]"
16214,896,19079,57649,66288,481,62,true,50751,false,560237,54165,73388,false,46330,61970,39369,850,427335,5,2740.2,180.1197474002838,"[8, 50, 180, True]"
19758,861,54109,52875,67337,483,458,false,49600,true,460323,54849,95435,false,65032,61802,59956,923,199900,10,2594.67,180.09055352210999,"[8, 50, 180, True]"
16108,475,3167,34586,12455,465,370,true,35631,false,577183,22877,85165,false,61840,36637,52765,209,18010,1,2637.9,180.0998523235321,"[8, 50, 180, True]"
7113,408,39101,46701,34065,21,243,true,48566,false,536254,811,31642,true,36036,47278,13464,455,5450,7,2670.19,180.129985332489,"[8, 50, 180, True]"
19310,871,50133,26210,76297,438,177,false,35041,false,385446,13593,68470,false,47188,47737,30253,578,262595,5,2602.22,180.10856890678406,"[8, 50, 180, True]"
8171,127,16932,24461,63035,120,374,false,13890,true,571051,17446,14778,true,21694,35746,43937,881,3967,3,2610.11,180.07642602920532,"[8, 50, 180, True]"
14916,478,52539,14903,96693,183,157,false,13512,true,139364,15128,33608,false,27655,6022,50705,360,187458,9,2660.17,180.07837629318237,"[8, 50, 180, True]"
18181,241,32637,12770,33377,286,250,true,42951,false,60226,52603,8802,false,2248,28827,26168,375,306348,1,2596.45,180.13002824783325,"[8, 50, 180, True]"
5368,754,18400,39775,42352,26,143,false,26322,true,143061,17150,17010,true,33994,26092,17451,956,123843,9,2662.33,180.13005542755127,"[8, 50, 180, True]"
17011,655,55263,35689,24919,160,265,false,59338,true,282207,21425,30971,false,27523,5024,20162,810,296713,6,2622.88,180.12323236465454,"[8, 50, 180, True]"
14238,490,52537,15494,95426,183,157,false,12572,true,139364,20169,33607,false,27656,6022,50705,360,187458,9,2670.49,180.1230969429016,"[8, 50, 180, True]"
14916,490,52539,14903,98690,183,157,false,12572,true,139364,15128,32602,false,27656,6022,50705,360,187458,9,2647.55,180.1161026954651,"[8, 50, 180, True]"
949,648,28561,37259,63136,335,228,false,1765,false,453835,1921,61787,true,41179,9685,11337,13,307852,7,2372.87,180.12001156806946,"[8, 50, 180, True]"
12019,829,28660,39114,12835,241,193,true,58307,true,463018,27806,64648,false,36125,60164,5189,568,571591,10,2644.57,180.1205656528473,"[8, 50, 180, True]"
4498,318,17281,26102,23194,272,301,false,18862,true,140119,29159,6026,true,51901,23219,52014,687,249666,7,2606.75,180.12746691703796,"[8, 50, 180, True]"
14935,509,47817,13718,85194,10,390,false,34771,false,168764,51001,73364,false,12723,49886,35449,790,50728,5,2624.99,180.1279697418213,"[8, 50, 180, True]"
1568,224,21231,1362,15877,193,222,false,51986,true,67088,24031,28400,false,9482,31151,7797,53,343027,7,2579.29,180.13402700424194,"[8, 50, 180, True]"
11088,979,18951,17639,7353,360,265,true,36272,false,98648,29162,36381,true,47634,21125,8838,904,474134,8,2649.5,180.12703609466553,"[8, 50, 180, True]"
14916,490,52539,14903,98690,183,157,false,12572,false,139364,15128,33607,false,27656,6022,50705,360,187458,9,2594.45,180.13143801689148,"[8, 50, 180, True]"
3483,162,48686,15565,12237,124,275,true,24209,true,197275,53656,36171,false,7809,27934,9389,958,491174,7,2649.98,180.10195565223694,"[8, 50, 180, True]"
10895,765,2032,23504,87503,428,168,false,51583,true,222596,42427,86999,false,16265,48564,58642,171,103818,3,2595.97,180.09954977035522,"[8, 50, 180, True]"
17455,863,13940,46712,66941,234,434,true,20975,true,457407,39901,88437,false,58741,16654,37334,387,493372,9,2636.93,180.13214635849,"[8, 50, 180, True]"
14163,61,51552,12319,29102,475,442,false,23561,false,438063,20266,70482,false,37373,2260,48140,676,477751,1,2620.3,180.10106444358826,"[8, 50, 180, True]"
18603,160,2809,32287,25068,347,466,false,9153,true,48114,44388,36649,false,61900,54833,51419,455,154995,2,2651.79,180.1333029270172,"[8, 50, 180, True]"
8271,159,17569,493,31667,97,9,true,7488,false,169875,592,3487,false,12466,33298,23319,15,173475,1,2323.77,180.12879991531372,"[8, 50, 180, True]"
12987,847,45537,824,39984,350,486,false,21301,false,354443,17064,92207,false,40556,50326,20328,352,138756,6,2611.42,180.12959146499634,"[8, 50, 180, True]"
12788,177,56168,57888,66354,401,385,true,52521,true,340253,6571,15332,false,26235,19872,24976,423,16022,7,2611.21,180.11269855499268,"[8, 50, 180, True]"
18637,317,19326,19763,92165,37,164,true,11391,true,581895,8699,5049,true,57206,22866,62713,561,502229,10,2654.86,180.12239456176758,"[8, 50, 180, True]"
18782,303,24581,12714,25412,476,60,true,38900,false,72567,17315,18599,false,18941,45400,21703,707,104819,4,2604.35,180.13202476501465,"[8, 50, 180, True]"
2689,164,16488,18338,19356,288,156,true,26705,false,163004,5549,85964,false,18830,33733,16709,485,19026,1,2610.41,180.11001992225647,"[8, 50, 180, True]"
18582,499,52628,14903,98082,359,462,false,57641,false,567547,24152,33417,false,35042,23003,28794,924,169985,9,2589.24,180.13857245445251,"[8, 50, 180, True]"
3969,788,30872,1566,23602,227,155,false,48261,false,16925,1160,73373,true,48163,18367,29782,810,568169,6,2651.32,180.12425422668457,"[8, 50, 180, True]"
3129,217,10103,56945,49934,7,382,true,36290,true,554326,52092,53289,false,31331,21838,32052,875,471926,1,2685.56,180.11883211135864,"[8, 50, 180, True]"
19419,853,7986,5122,27075,197,339,false,9820,false,239205,15759,62513,false,15595,16039,12535,61,243945,2,2603.56,180.12684154510498,"[8, 50, 180, True]"
18066,723,4050,46253,56699,260,267,false,21922,false,402404,3151,47596,false,10089,21026,44613,458,526550,10,2654.37,180.12463665008545,"[8, 50, 180, True]"
16482,828,32951,21052,3125,320,76,true,53113,false,525551,28995,38852,true,2018,32979,64152,945,427590,4,2638.21,180.13115572929382,"[8, 50, 180, True]"
11054,511,4493,20488,84912,367,55,true,56189,false,403495,5929,96442,false,48774,61322,62461,623,181055,3,2622.87,180.07900667190552,"[8, 50, 180, True]"
13496,536,36917,27770,49563,224,166,true,24878,false,582169,43759,41674,false,41376,30935,40980,597,237891,10,2632.08,180.13089609146118,"[8, 50, 180, True]"
6277,326,11667,52996,92515,444,146,true,3022,true,353653,59017,73104,false,56537,16486,45378,626,598285,10,2602.53,180.1191680431366,"[8, 50, 180, True]"
16227,673,15072,17877,96503,246,20,true,1290,false,478718,20364,83017,false,52844,59232,15437,975,266810,5,2587.29,180.101548910141,"[8, 50, 180, True]"
7226,974,52015,58390,95308,273,467,false,57576,true,437228,26402,60905,false,10151,15189,55082,891,308223,6,2632.16,180.12321376800537,"[8, 50, 180, True]"
16863,847,55031,29215,34743,202,360,false,34740,false,526601,45683,60565,true,29897,58374,6809,433,376874,4,2609.29,180.12216114997864,"[8, 50, 180, True]"
16540,545,36765,45289,91670,86,149,false,43169,false,377580,33085,44779,true,1720,62352,12626,901,43710,4,2689.04,180.12307906150818,"[8, 50, 180, True]"
4694,599,56091,5464,53920,289,90,true,11086,true,404852,28628,51045,false,916,36098,27191,701,212904,4,2636.53,180.11770677566528,"[8, 50, 180, True]"
15204,233,47217,7507,49734,404,294,true,22342,false,460860,43011,84163,true,53085,61578,9397,505,91490,7,2580.9,180.09822535514832,"[8, 50, 180, True]"
18085,207,34700,51113,81660,417,469,true,34702,true,508559,33006,97165,true,23524,21896,41508,358,544986,10,2586.41,180.12764811515808,"[8, 50, 180, True]"
533,685,41469,43456,13969,460,181,false,39267,true,391750,37700,72246,false,59648,53293,27041,381,437082,9,2634.09,180.11192560195923,"[8, 50, 180, True]"
5747,330,48971,18542,34190,64,377,true,4075,false,462865,43091,3941,true,17499,7854,32984,196,279369,5,2624.03,180.1337502002716,"[8, 50, 180, True]"
14720,796,9625,36550,29222,475,281,false,41604,false,221603,45602,54506,true,336,31790,14614,754,470398,10,2496.49,180.10136485099792,"[8, 50, 180, True]"
14400,679,36393,31151,7265,338,472,false,11592,true,122681,3063,78618,true,49217,46696,45554,897,85664,6,2781.62,180.10411715507507,"[8, 50, 180, True]"
4045,478,42579,34020,38184,40,157,false,31745,false,514674,23467,12768,false,22534,476,53371,417,495910,1,2677.44,180.0929024219513,"[8, 50, 180, True]"
14400,679,36393,30950,7265,338,472,false,11592,true,122681,3069,78618,true,49217,46696,45554,940,85664,6,2631.34,180.1289939880371,"[8, 50, 180, True]"
19910,879,3653,54409,49408,136,48,false,23149,true,463223,55214,80523,false,39995,31192,12061,932,432159,4,2670.52,180.120614528656,"[8, 50, 180, True]"
3860,858,21830,2999,65538,177,304,true,52125,false,365378,38478,33570,false,32803,7735,13171,645,179054,5,2680.45,180.12486672401428,"[8, 50, 180, True]"
14721,702,55301,37974,36668,32,14,false,6312,true,519353,25891,64484,false,43256,13383,9562,938,123097,4,2642.27,180.11737203598022,"[8, 50, 180, True]"
13398,665,44836,51975,72622,466,34,false,11767,false,341723,13874,90529,true,61475,58308,51168,475,488630,10,2582.69,180.1285343170166,"[8, 50, 180, True]"
14400,679,36393,31151,8180,338,473,false,11592,true,127147,6291,78618,true,50726,49987,45932,776,85664,6,2601.01,180.12894320487976,"[8, 50, 180, True]"
5084,354,19910,53297,19177,250,81,false,9505,true,234162,17677,4492,true,8277,13812,24941,133,234322,9,2619.72,180.1329894065857,"[8, 50, 180, True]"
14400,679,36393,31151,7265,338,488,false,11592,true,122681,3068,78618,true,49217,50661,45554,897,85664,6,2733.03,180.12482976913452,"[8, 50, 180, True]"
2039,102,27786,32500,97108,197,316,true,57075,true,387433,16222,88467,false,6352,46554,26434,757,231986,2,2625.0,180.1265196800232,"[8, 50, 180, True]"
10801,260,37997,52130,72722,402,384,false,43600,false,427802,33001,92181,false,9686,35018,32626,811,40777,2,2638.15,180.12222909927368,"[8, 50, 180, True]"
15116,629,36393,31151,7899,343,472,false,11592,true,122681,3056,78619,true,49446,47465,47316,897,85669,6,2571.96,180.1276731491089,"[8, 50, 180, True]"
8748,823,13751,43407,26778,235,449,true,37565,false,426154,16447,66769,false,1701,30774,45574,16,320923,9,2375.0,180.11241912841797,"[8, 50, 180, True]"
9595,731,4630,26776,91888,172,363,false,3680,false,199743,54910,94287,true,5802,1105,47489,723,273809,8,2647.43,180.1389765739441,"[8, 50, 180, True]"
5217,873,54313,54581,52198,51,45,true,43362,false,59855,47006,39951,false,46581,7617,48775,320,504652,7,2631.59,180.11478900909424,"[8, 50, 180, True]"
259,529,33805,34085,30828,98,478,true,42659,true,254920,21856,7975,false,500,54984,34404,907,349836,2,2616.69,180.08480668067932,"[8, 50, 180, True]"
714,271,6206,42558,30104,336,210,true,58225,false,266478,14936,35584,false,47390,59738,23566,277,404609,9,2567.75,180.13420295715332,"[8, 50, 180, True]"
11884,433,55963,5028,70692,128,4,true,14182,false,68268,21421,2677,true,33901,24448,55728,447,122019,7,2480.01,180.12369990348816,"[8, 50, 180, True]"
11565,650,16115,48900,17908,418,61,true,2105,false,232915,5430,47059,false,10694,63141,64729,633,496226,8,2607.61,180.12614941596985,"[8, 50, 180, True]"
13517,679,36393,31151,7265,338,498,false,11592,true,139886,3063,78616,true,49217,46696,45554,897,85664,6,2618.58,180.10224437713623,"[8, 50, 180, True]"
13934,347,36936,49073,82191,161,498,true,8643,false,434153,5440,48843,false,27293,34736,56466,872,540841,6,2628.16,180.0717806816101,"[8, 50, 180, True]"
16110,864,54192,10395,38710,41,442,false,49024,false,276853,48391,17127,false,47779,18634,63798,343,97686,5,2684.78,180.13339519500732,"[8, 50, 180, True]"
970,540,984,871,49619,336,320,true,24469,false,331111,43222,16885,true,2619,21872,1312,263,390221,4,2628.79,180.08872056007385,"[8, 50, 180, True]"
14467,921,41544,5841,98425,336,499,true,51671,false,4950,16296,41827,false,47169,50674,34076,273,589580,2,2557.17,180.08266353607178,"[8, 50, 180, True]"
662,544,35403,18667,82006,344,306,false,36453,true,177557,31358,66818,true,33632,42527,36537,833,38749,3,2639.9,180.11124300956726,"[8, 50, 180, True]"
17587,123,4720,54646,75030,183,150,false,16545,true,48705,24797,7672,true,5787,1178,61069,517,542222,9,2633.6,180.08298468589783,"[8, 50, 180, True]"
14400,679,36393,31151,15240,338,452,false,11592,true,122681,3063,78618,true,53117,46696,43589,897,85664,6,2590.94,180.126300573349,"[8, 50, 180, True]"
19222,892,46389,36855,49836,33,379,false,20932,false,439891,12444,43796,false,64880,40777,40111,925,274363,8,2643.05,180.13250517845154,"[8, 50, 180, True]"
16000,530,36418,19154,99342,423,114,true,31519,false,388620,14671,90909,true,18280,46993,17955,258,104017,6,2591.36,180.13030409812927,"[8, 50, 180, True]"
11199,950,18956,58833,78046,471,127,true,26732,false,460623,9592,2043,true,9162,15290,39133,151,584351,1,2528.57,180.13055801391602,"[8, 50, 180, True]"
18894,742,16448,37183,50100,457,225,true,7228,true,586201,49331,39869,true,39272,51620,62030,299,470112,10,2586.03,180.12252831459045,"[8, 50, 180, True]"
14400,679,36393,31151,7265,338,472,false,11592,true,122681,3780,78618,true,49217,46696,45554,897,85664,6,2635.5,180.12589120864868,"[8, 50, 180, True]"
6443,741,55826,22843,94371,429,477,true,48636,true,492686,51447,82875,false,65092,50851,51778,618,224751,10,2609.31,180.09729719161987,"[8, 50, 180, True]"
17453,706,22759,38107,93725,443,315,false,26839,true,281890,43633,56533,false,3626,23348,27621,634,14989,9,2576.71,180.12694191932678,"[8, 50, 180, True]"
14989,700,36393,31151,7265,338,472,false,11178,true,113822,506,78618,true,49217,46696,45554,896,85664,6,2634.05,180.1335940361023,"[8, 50, 180, True]"
6552,981,11313,53744,27056,145,352,true,30112,false,287131,46299,85906,false,62942,41408,45308,984,453916,3,2653.77,180.09229850769043,"[8, 50, 180, True]"
17244,379,24432,32766,62840,455,301,false,9249,false,592438,47396,97327,false,56322,52150,57640,220,156215,7,2580.68,180.11159133911133,"[8, 50, 180, True]"
8718,620,56881,54685,59144,498,458,false,22804,false,344743,51357,81480,true,18234,52370,21580,944,398254,3,2647.95,180.123441696167,"[8, 50, 180, True]"
1737,678,59957,51674,34626,260,41,true,13385,true,215208,16931,24619,true,20308,41239,55113,442,414011,1,2642.22,180.130056142807,"[8, 50, 180, True]"
14571,605,39071,58930,57025,167,390,true,27509,false,413294,44299,50718,true,22836,44364,732,108,461904,7,2649.96,180.13572788238525,"[8, 50, 180, True]"
19812,999,39560,4372,92534,160,223,false,35172,false,232042,29623,34955,false,56685,57808,27397,895,597607,8,2648.59,180.133056640625,"[8, 50, 180, True]"
17168,8,52844,5864,35364,13,222,true,57843,true,206940,26345,87650,false,24473,6246,7053,17,193892,2,2647.84,180.13257026672363,"[8, 50, 180, True]"
3281,720,15167,41029,48011,69,98,true,1477,false,274696,18273,15642,true,6715,49017,31336,988,489610,10,2642.91,180.12585711479187,"[8, 50, 180, True]"
9918,936,45196,29622,21904,48,434,false,22271,true,154522,3626,14645,false,52990,13014,56965,55,160046,7,2624.72,180.1306025981903,"[8, 50, 180, True]"
11111,215,20684,21888,35401,130,8,true,14471,true,414943,8565,64257,false,53099,24423,9445,364,132286,10,2551.33,180.1225070953369,"[8, 50, 180, True]"
19987,285,24485,20710,54844,271,142,false,42056,true,433053,54759,11083,false,57072,57655,64948,751,450452,10,2634.1,180.08313941955566,"[8, 50, 180, True]"
15927,854,47098,42627,29082,302,273,false,42420,false,143436,43085,8175,false,47266,51502,3003,757,118304,9,2613.77,180.12821626663208,"[8, 50, 180, True]"
2254,760,29413,47035,3727,337,310,false,57037,true,476233,47741,57121,true,52870,50075,52732,794,187923,4,2605.21,180.1295075416565,"[8, 50, 180, True]"
14749,959,57616,54685,56653,64,261,true,43626,false,206084,1916,83642,false,26494,27164,52411,469,246165,4,2720.3,180.1078281402588,"[8, 50, 180, True]"
4548,91,20584,25731,29904,112,262,false,22496,false,394937,42364,73255,false,49978,667,20716,796,18104,3,2687.62,180.13245248794556,"[8, 50, 180, True]"
6847,238,40055,13678,16400,27,461,false,42737,true,178666,31429,22516,true,24147,51301,47112,978,202659,4,2670.77,180.0900502204895,"[8, 50, 180, True]"
15052,664,35787,55894,40846,78,143,false,39613,false,217634,40366,36085,true,14701,48008,28136,699,428971,8,2632.44,180.1192581653595,"[8, 50, 180, True]"
1361,972,22924,43411,54654,445,468,true,30476,true,133419,29490,76447,false,43161,62096,25759,645,185301,8,2630.38,180.1271629333496,"[8, 50, 180, True]"
14260,679,35716,31151,27593,338,452,true,51303,true,82362,33167,80268,false,48667,46258,47976,396,15876,6,2610.42,180.12334966659546,"[8, 50, 180, True]"
6958,87,5804,49810,40417,351,207,true,33913,true,147929,20259,10765,false,14095,3757,5215,197,535182,7,2601.81,180.12907361984253,"[8, 50, 180, True]"
9733,399,8393,10104,90339,42,130,true,21409,false,191347,28126,144,false,24425,9896,53793,442,189974,2,2662.55,180.12968611717224,"[8, 50, 180, True]"
12699,549,38172,3311,97628,141,328,true,47784,true,452873,35648,27795,false,2190,54039,59314,461,307669,8,2658.79,180.13130593299866,"[8, 50, 180, True]"
17326,442,56110,36175,52952,378,144,true,59396,true,45910,57472,98804,true,1126,39623,32635,578,235835,10,2593.4,180.1091833114624,"[8, 50, 180, True]"
13819,63,56623,32379,55547,309,47,false,9061,false,94239,53683,12838,false,23517,23041,40283,20,83920,4,2595.67,180.09168481826782,"[8, 50, 180, True]"
7728,944,41004,21106,84016,489,6,false,37493,false,456650,5139,3623,false,6707,38832,43225,740,163875,8,2479.21,180.12593245506287,"[8, 50, 180, True]"
