checkpoint_completion_target,backend_flush_after,maintenance_work_mem,max_parallel_workers_per_gather,min_wal_size,wal_writer_flush_after,wal_writer_delay,work_mem,random_page_cost,commit_siblings,checkpoint_flush_after,seq_page_cost,commit_delay,join_collapse_limit,bgwriter_delay,from_collapse_limit,default_statistics_target,bgwriter_flush_after,checkpoint_timeout,deadlock_timeout,throughput,cost,fidelity,prepare_time,run_time,clean_time
0.9136459118642296,134,179414,685,2762,1680162435,1201,758303,45.67670702014537,586,172,1.6308294155164549,76834,189316338,5965,27550303,5766,117,53208,1142455908,225.87,258.0044286251068,"[180, 50, 100000, 4, 0.5]",72.63949203491211,180.09518456459045,1.5065584182739258
0.5010076293622207,30,670855,589,4055,1002330187,8916,507377,98.06745885132977,157,227,37.859016471840555,60462,94768156,176,289325325,7477,98,2783,550533939,549.98,254.06977128982544,"[180, 50, 100000, 4, 0.5]",69.41258120536804,180.05523443222046,0.4458632469177246
0.7988888796571457,139,456387,860,4,466522929,1026,535173,35.50614469278791,90,42,43.32003138771612,1122,1708826948,8788,810586650,1204,206,3849,2116019103,560.13,238.70559811592102,"[180, 50, 100000, 4, 0.5]",54.314709424972534,180.08280563354492,0.3091418743133545
0.3224579636941851,241,35659,685,3394,1496224965,390,670238,63.60839230543828,167,214,6.424650339572057,89004,309203667,6106,1436152967,3850,40,82280,122748465,551.91,237.21082496643066,"[180, 50, 100000, 4, 0.5]",52.60276436805725,180.06447672843933,0.3716011047363281
0.758062932779611,198,564671,627,1199,1250672469,6378,386451,12.646995883375812,998,172,51.71034866539107,82525,358203953,9665,829457315,7081,31,17857,976547961,549.26,240.5587100982666,"[180, 50, 100000, 4, 0.5]",55.64506459236145,180.18785905838013,0.5019428730010986
0.6684471370325412,178,472593,923,2490,1842578629,463,166344,52.15907717112922,892,70,34.357087686749175,13733,1171361578,6055,482978256,9342,174,12200,583581659,539.77,240.15474677085876,"[180, 50, 100000, 4, 0.5]",55.61148548126221,180.1178879737854,0.44817280769348145
0.9298159070782474,124,214170,659,2169,1710127908,705,983903,50.054735750229504,979,100,50.513100772723064,99367,2137315340,291,416962503,4396,118,11184,1288708970,547.23,240.25586462020874,"[180, 50, 100000, 4, 0.5]",55.91698241233826,180.07848477363586,0.39585041999816895
0.31702820274040777,174,582495,273,7615,581736068,7930,516264,73.05603280541011,795,14,25.6851738048816,75752,1862194051,7974,731264878,6486,114,65730,1986334289,549.79,239.30648159980774,"[180, 50, 100000, 4, 0.5]",54.53690481185913,180.18732047080994,0.43662405014038086
0.12610622949712635,3,942926,1012,2815,525344606,860,378228,86.16470728871337,370,215,31.550662486754767,28389,1654176525,7367,736658353,3154,92,50148,2098586393,571.83,238.1485526561737,"[180, 50, 100000, 4, 0.5]",53.919504165649414,180.09318733215332,0.3560664653778076
0.8060883139255806,212,394591,1024,2176,751098189,9160,394752,36.851719073324816,943,151,12.232679060259965,34788,1079818303,9929,691992275,900,194,6793,1258358732,561.64,239.72124338150024,"[180, 50, 100000, 4, 0.5]",55.350363969802856,180.10840487480164,0.3203160762786865
0.3884181551524558,55,489186,664,1989,1913076789,4357,881758,43.92216620055325,585,176,24.84133090733609,90501,978149157,8218,1234714123,4506,172,6422,391284054,566.66,239.9619438648224,"[180, 50, 100000, 4, 0.5]",55.644211530685425,180.08320140838623,0.3699767589569092
0.12333936259085099,219,693298,1016,6012,566460619,7821,561162,4.276007019212802,554,72,32.584102355291876,48467,1914551740,3628,1283530522,527,237,66105,1931838765,559.95,238.91639876365662,"[180, 50, 100000, 4, 0.5]",54.470531702041626,180.11257362365723,0.3338813781738281
0.9092087513768926,147,741055,28,2628,1660008630,3729,721473,88.7725532521573,892,129,28.509244447961724,54533,767995298,6972,93214442,9947,6,65147,1446909749,543.32,239.5383596420288,"[180, 50, 100000, 4, 0.5]",54.736830949783325,180.20213890075684,0.5556960105895996
0.16476953922391535,23,283562,339,6259,833469153,4961,524182,86.56732430775638,478,114,28.24470291123572,12079,221680415,7263,1316109675,8929,143,25628,1118208842,558.99,239.81043696403503,"[180, 50, 100000, 4, 0.5]",55.09870386123657,180.10149788856506,0.44848036766052246
0.9408904680768644,34,667381,803,3331,1926532626,1818,63137,57.00076403666973,779,223,51.7291481468575,20165,1059179333,2214,417599481,3468,123,4952,525014831,541.06,241.03339219093323,"[180, 50, 100000, 4, 0.5]",56.48590970039368,180.09582114219666,0.35565996170043945
0.9100241304052978,37,424282,52,91,1770484804,5275,573559,2.9949896349323435,946,126,73.07692608740777,57103,1500716013,4784,1991078186,3047,155,14804,606767162,548.05,240.47929668426514,"[180, 50, 100000, 4, 0.5]",56.01948881149292,180.10163116455078,0.36928749084472656
0.6709498512970625,166,223333,53,6135,1552771597,2505,488590,22.493397753155485,227,222,39.06734851038863,24767,837705080,1272,2112417032,8142,21,37619,298978377,532.79,243.49575448036194,"[180, 50, 100000, 4, 0.5]",56.841813802719116,180.0917158126831,0.4273967742919922
0.47564560719744,54,133122,249,3771,1515623763,9041,644528,1.7422567643458176,533,180,28.875658186370824,27967,838777538,783,227046889,8332,48,77732,1426863605,536.94,241.58115482330322,"[180, 50, 100000, 4, 0.5]",57.115241289138794,180.10146069526672,0.4496898651123047
0.32486423653465846,42,819448,421,7859,1650484918,2946,439196,12.614697125801966,486,71,85.13572280315563,696,349107816,1424,710871119,530,50,19220,470455559,558.98,240.34910106658936,"[180, 50, 100000, 4, 0.5]",55.79094338417053,180.11119556427002,0.31205153465270996
0.45760630391691137,102,694453,828,490,242106355,2486,120006,46.13345913268386,92,68,66.83496090857571,47046,943763975,3390,1754294913,3919,120,56561,733274082,528.06,241.88076162338257,"[180, 50, 100000, 4, 0.5]",57.141690492630005,180.1908118724823,0.35813236236572266
0.6715860079452881,45,709103,19,2391,1406094699,6566,362404,78.6892326391508,834,31,5.795513503377503,8467,236928001,4100,618621279,3842,64,73081,1702146479,385.85,239.96265769004822,"[180, 50, 100000, 4, 0.5]",55.40041971206665,180.1212968826294,0.3812897205352783
0.7988888796571457,3,942926,860,4,466522929,1026,535173,86.16470728871337,90,42,43.32003138771612,1122,1654176525,7367,736658353,3154,206,3849,2098586393,564.61,239.08474731445312,"[180, 50, 100000, 4, 0.5]",54.981189489364624,180.0882031917572,0.34138965606689453
0.12610622949712635,139,456387,1012,2815,525344606,860,378228,35.50614469278791,370,215,31.550662486754767,28389,1708826948,8788,810586650,1204,92,50148,2116019103,547.35,238.74098014831543,"[180, 50, 100000, 4, 0.5]",54.213804721832275,180.18287229537964,0.3341653347015381
0.5010076293622207,30,35659,685,4055,1496224965,8916,507377,98.06745885132977,167,214,48.74894493141267,60462,94768156,176,289325325,7477,98,2783,122748465,536.04,239.0477159023285,"[180, 50, 100000, 4, 0.5]",54.37078642845154,180.08585143089294,0.44009971618652344
0.3224579636941851,241,670855,589,3394,1002330187,390,670238,63.60839230543828,157,227,37.859016471840555,89004,309203667,6106,1436152967,3850,40,82280,550533939,540.94,240.87896966934204,"[180, 50, 100000, 4, 0.5]",56.53086233139038,180.19272708892822,0.37677764892578125
0.8060883139255806,212,394591,1024,4055,1002330187,9160,394752,36.851719073324816,943,151,12.232679060259965,60462,1079818303,9929,691992275,900,194,2783,550533939,541.24,239.8781132698059,"[180, 50, 100000, 4, 0.5]",55.353511095047,180.12538719177246,0.3188133239746094
0.5010076293622207,30,670855,589,2176,751098189,8916,507377,98.06745885132977,157,227,37.859016471840555,34788,94768156,176,289325325,7477,98,6793,1258358732,533.52,241.18385696411133,"[180, 50, 100000, 4, 0.5]",56.567129611968994,180.18089056015015,0.414320707321167
0.46625290316919576,37,424282,52,91,1770484804,5275,573559,2.9949896349323435,946,126,73.07692608740777,57103,1500716013,4784,1991078186,3047,155,14804,606767162,548.3,240.80861687660217,"[180, 50, 100000, 4, 0.5]",56.37106394767761,180.19157028198242,0.3586900234222412
0.758062932779611,198,564671,627,1199,1250672469,6378,386451,12.646995883375812,998,172,51.71034866539107,82525,358203953,9665,829457315,7081,31,81448,976547961,532.17,241.26063323020935,"[180, 50, 100000, 4, 0.5]",56.55641198158264,180.1072564125061,0.49823617935180664
0.32486423653465846,219,819448,1016,7859,566460619,2946,561162,4.276007019212802,486,72,85.13572280315563,696,1914551740,1424,710871119,530,237,19220,1931838765,549.13,239.89141201972961,"[180, 50, 100000, 4, 0.5]",55.81403613090515,180.09488606452942,0.31015563011169434
0.12333936259085099,42,693298,421,6012,1650484918,7821,439196,12.614697125801966,554,71,32.584102355291876,48467,349107816,3628,1283530522,527,50,66105,470455559,566.57,240.4883713722229,"[180, 50, 100000, 4, 0.5]",56.13883829116821,180.089341878891,0.32844090461730957
0.9100241304052978,55,489186,52,1989,1770484804,4357,881758,2.9949896349323435,946,176,24.84133090733609,90501,1500716013,4784,1991078186,3047,172,14804,391284054,539.9,240.3589906692505,"[180, 50, 100000, 4, 0.5]",55.83303213119507,180.08537697792053,0.3866608142852783
0.3884181551524558,37,424282,664,91,1913076789,5275,573559,43.92216620055325,585,126,73.07692608740777,57103,978149157,8218,1234714123,8305,155,6422,606767162,533.88,241.57551169395447,"[180, 50, 100000, 4, 0.5]",57.052231311798096,180.08114743232727,0.4679112434387207
0.16476953922391535,23,283562,339,6259,833469153,4961,524182,86.56732430775638,478,114,28.24470291123572,12079,221680415,7263,1316109675,8929,143,25628,552152293,532.9,241.11775660514832,"[180, 50, 100000, 4, 0.5]",56.24951434135437,180.13078713417053,0.7350008487701416
0.6684471370325412,178,472593,923,2490,272567110,463,166344,52.15907717112922,892,70,34.357087686749175,13733,1171361578,6055,482978256,9342,174,12200,583581659,512.64,240.5994017124176,"[180, 50, 100000, 4, 0.5]",56.18142890930176,180.05504894256592,0.5972204208374023
0.7988888796571457,139,456387,664,4,466522929,1026,535173,43.92216620055325,90,42,43.32003138771612,1122,1708826948,8788,810586650,4506,206,6422,2116019103,526.14,241.10497784614563,"[180, 50, 100000, 4, 0.5]",56.833637714385986,180.09592127799988,0.3830897808074951
0.3884181551524558,55,489186,860,1989,1913076789,4357,881758,35.50614469278791,585,176,24.84133090733609,90501,978149157,8218,1234714123,1204,172,3849,391284054,550.1,239.99858713150024,"[180, 50, 100000, 4, 0.5]",55.334712266922,180.0615735054016,0.31108784675598145
0.9092087513768926,219,741055,28,6012,1660008630,7821,721473,88.7725532521573,892,72,32.584102355291876,54533,1914551740,3628,93214442,9947,237,65147,1931838765,512.6,242.33501076698303,"[180, 50, 100000, 4, 0.5]",57.860087394714355,180.19362092018127,0.482835054397583
0.5037585170360942,113,693298,1016,2628,566460619,3729,561162,4.276007019212802,554,129,28.509244447961724,48467,767995298,6972,1283530522,527,6,66105,1446909749,542.76,240.91536021232605,"[180, 50, 100000, 4, 0.5]",56.29596519470215,180.0803620815277,0.3070337772369385
0.8060883139255806,42,394591,1024,7859,1650484918,2946,439196,18.175052235520962,486,151,85.13572280315563,18249,349107816,1424,710871119,900,50,19220,1258358732,539.15,240.31903767585754,"[180, 50, 100000, 4, 0.5]",55.95661640167236,180.10642504692078,0.3151662349700928
0.32486423653465846,212,819448,421,2176,751098189,9160,311749,12.614697125801966,943,71,12.232679060259965,34788,1079818303,9929,691992275,530,194,6793,470455559,541.41,240.34279775619507,"[180, 50, 100000, 4, 0.5]",55.69922637939453,180.07871317863464,0.30751490592956543
0.31702820274040777,139,456387,273,7615,581736068,7930,516264,35.50614469278791,370,14,25.6851738048816,28389,1708826948,8788,810586650,6486,208,65730,2116019103,525.69,241.0980315208435,"[180, 50, 100000, 4, 0.5]",56.55167627334595,180.18706464767456,0.4435391426086426
0.12610622949712635,174,582495,1012,2815,525344606,860,378228,73.05603280541011,795,147,31.550662486754767,8399,1862194051,7974,731264878,1204,114,50148,1986334289,536.61,240.371173620224,"[180, 50, 100000, 4, 0.5]",56.241803884506226,180.05825233459473,0.3369483947753906
0.32486423653465846,219,819448,664,1989,1913076789,2946,881758,43.92216620055325,486,72,85.13572280315563,90501,1914551740,1424,1234714123,530,237,6422,1931838765,547.27,241.56729888916016,"[180, 50, 100000, 4, 0.5]",57.07837152481079,180.18699669837952,0.3084714412689209
0.3884181551524558,55,489186,1016,7859,566460619,4357,561162,4.276007019212802,585,176,24.84133090733609,696,978149157,8218,710871119,4506,172,19220,391284054,541.91,240.82260084152222,"[180, 50, 100000, 4, 0.5]",56.71617150306702,180.10725235939026,0.37328243255615234
0.7988888796571457,139,456387,860,4,466522929,1026,535173,35.50614469278791,90,42,43.32003138771612,1122,1708826948,8788,810586650,1204,2,3849,2116019103,534.37,240.71498560905457,"[180, 50, 100000, 4, 0.5]",56.323545932769775,180.12028431892395,0.3503608703613281
0.8060883139255806,212,819448,1024,2176,566460619,9160,561162,4.276007019212802,943,151,12.232679060259965,34788,1914551740,9929,691992275,900,194,54483,1258358732,542.63,242.26665949821472,"[180, 50, 100000, 4, 0.5]",57.60083222389221,180.1889567375183,0.38388800621032715
0.32486423653465846,219,394591,1016,7859,751098189,2946,394752,36.851719073324816,486,72,85.13572280315563,696,1079818303,1424,710871119,530,237,6793,1931838765,532.47,240.43472862243652,"[180, 50, 100000, 4, 0.5]",56.00336670875549,180.17238688468933,0.3322885036468506
0.3884181551524558,55,489186,664,4,1913076789,1026,535173,43.92216620055325,90,42,24.84133090733609,1122,978149157,8788,810586650,4506,206,3849,391284054,535.91,241.3852276802063,"[180, 50, 100000, 4, 0.5]",56.89244031906128,180.06135272979736,0.46367764472961426
0.7988888796571457,139,456387,860,1989,466522929,4357,881758,35.50614469278791,585,176,43.32003138771612,90501,1708826948,8218,1234714123,1204,172,6422,2116019103,527.18,242.5953893661499,"[180, 50, 100000, 4, 0.5]",58.030614614486694,180.19793820381165,0.3359675407409668
0.3884181551524558,212,489186,860,1989,1913076789,4357,631478,35.50614469278791,585,176,12.232679060259965,90501,978149157,8218,691992275,1216,194,3849,1258358732,540.33,241.27229976654053,"[180, 50, 100000, 4, 0.5]",56.659244537353516,180.0983955860138,0.4126169681549072
0.8060883139255806,55,394591,1024,2176,751098189,9160,881758,88.08257617634175,943,151,24.84133090733609,34788,1024740878,9929,1234714123,900,172,47677,391284054,531.22,240.76132321357727,"[180, 50, 100000, 4, 0.5]",56.24846005439758,180.06732273101807,0.341994047164917
0.8060883139255806,212,394591,421,7859,751098189,9160,394752,36.851719073324816,486,151,12.232679060259965,34788,1079818303,9929,710871119,900,194,19220,1258358732,532.76,240.99495315551758,"[180, 50, 100000, 4, 0.5]",56.460381746292114,180.18786573410034,0.35256266593933105
0.32486423653465846,42,819448,1024,2176,1650484918,2946,271648,12.614697125801966,943,71,85.13572280315563,696,349107816,6826,691992275,530,50,6793,470455559,543.91,241.43154978752136,"[180, 50, 100000, 4, 0.5]",56.83620095252991,180.17799282073975,0.3125040531158447
0.12333936259085099,219,693298,421,6012,566460619,7821,561162,4.276007019212802,554,72,85.13572280315563,696,1914551740,1424,1283530522,530,237,19220,1931838765,535.02,240.6550543308258,"[180, 50, 100000, 4, 0.5]",56.124370098114014,180.1811363697052,0.31223511695861816
0.32486423653465846,42,819448,1016,7859,1650484918,2946,439196,12.614697125801966,486,71,32.584102355291876,48467,349107816,3628,710871119,527,50,66105,470455559,541.37,240.91925859451294,"[180, 50, 100000, 4, 0.5]",56.312636852264404,180.05644059181213,0.3207824230194092
0.3224579636941851,37,424282,685,91,1451769385,390,573559,2.9949896349323435,167,126,6.424650339572057,57103,309203667,6106,1436152967,3850,155,82280,122748465,534.86,240.83078145980835,"[180, 50, 100000, 4, 0.5]",56.26046919822693,180.18271851539612,0.3568108081817627
0.9100241304052978,241,35659,52,3394,1496224965,5275,670238,63.60839230543828,946,214,73.07692608740777,89004,1500716013,4784,1991078186,3047,40,14804,606767162,519.77,239.3586175441742,"[180, 50, 100000, 4, 0.5]",55.06099033355713,180.1513271331787,0.39478111267089844
0.3884181551524558,55,489186,860,1989,1913076789,4357,881758,43.92216620055325,585,176,24.84133090733609,90501,978149157,8218,1234714123,4506,172,6422,391284054,521.02,240.60147953033447,"[180, 50, 100000, 4, 0.5]",56.114131450653076,180.18031454086304,0.414592981338501
0.3884181551524558,55,489186,664,1989,1913076789,4357,268950,35.50614469278791,585,176,24.84133090733609,90501,978149157,8218,1234714123,1204,172,3849,391284054,534.97,241.31486344337463,"[180, 50, 100000, 4, 0.5]",56.74735903739929,180.06282258033752,0.34572601318359375
0.16476953922391535,23,283562,339,6259,466522929,4961,524182,86.56732430775638,543,42,43.32003138771612,1122,1708826948,1044,1316109675,8929,143,25628,2116019103,518.2,242.60548877716064,"[180, 50, 100000, 4, 0.5]",58.09921669960022,180.10030722618103,0.5945394039154053
0.31702820274040777,174,582495,273,7615,581736068,5275,573559,73.05603280541011,795,126,25.6851738048816,75752,1862194051,4784,1991078186,3047,114,65730,606767162,531.9,241.60794353485107,"[180, 50, 100000, 4, 0.5]",57.10710430145264,180.18109488487244,0.39559006690979004
0.9100241304052978,37,924048,52,91,1770484804,7930,516264,2.9949896349323435,946,14,73.07692608740777,57103,1500716013,7974,731264878,6486,155,14804,1986334289,510.95,242.0606870651245,"[180, 50, 100000, 4, 0.5]",57.50239658355713,180.12136030197144,0.49410367012023926
0.8060883139255806,212,456387,1024,4,466522929,9160,535173,36.851719073324816,90,42,43.32003138771612,1122,1708826948,8788,691992275,900,194,3849,1258358732,525.76,240.39328908920288,"[180, 50, 100000, 4, 0.5]",56.19772791862488,180.08579778671265,0.341754674911499
0.7988888796571457,139,394591,860,2176,751098189,969,394752,35.50614469278791,943,151,12.232679060259965,34788,1079818303,9929,810586650,1204,206,6793,2116019103,524.96,241.5489628314972,"[180, 50, 100000, 4, 0.5]",56.717772006988525,180.18934988975525,0.36215782165527344
0.8060883139255806,212,394591,1024,2176,751098189,9160,394752,36.851719073324816,943,151,12.232679060259965,34788,1079818303,9929,691992275,900,194,6793,796847501,533.41,241.62677311897278,"[180, 50, 100000, 4, 0.5]",57.181501150131226,180.10060930252075,0.3330264091491699
0.16476953922391535,23,35659,442,3394,833469153,390,524182,45.870912057195646,167,114,28.24470291123572,89004,309203667,6106,1316109675,8929,40,25628,122748465,519.5,240.42152404785156,"[180, 50, 100000, 4, 0.5]",55.45057034492493,180.17829370498657,0.4839968681335449
0.3224579636941851,241,283562,685,6259,1496224965,4961,670238,86.56732430775638,478,214,95.75502084138907,12079,221680415,7263,1436152967,3850,143,82280,1118208842,517.46,241.14907145500183,"[180, 50, 100000, 4, 0.5]",56.705087184906006,180.19249439239502,0.40593600273132324
0.12610622949712635,3,942926,1012,2815,525344606,860,378228,86.16470728871337,370,215,31.550662486754767,28389,1654176525,7367,736658353,4982,92,50148,2098586393,520.07,242.398517370224,"[180, 50, 100000, 4, 0.5]",57.51157474517822,180.18834018707275,0.4398062229156494
0.8060883139255806,212,693298,1024,2176,751098189,9160,439196,36.851719073324816,943,71,90.53027149820218,48467,349107816,9929,1283530522,900,194,16581,1258358732,526.33,240.55004906654358,"[180, 50, 100000, 4, 0.5]",56.57767462730408,180.0670666694641,0.35543060302734375
0.12333936259085099,42,394591,421,6012,1650484918,7821,939030,12.614697125801966,554,151,12.232679060259965,34788,1079818303,3628,1153777297,527,50,66105,716373728,541.9,240.2854506969452,"[180, 50, 100000, 4, 0.5]",55.69806361198425,180.19052171707153,0.35051846504211426
0.32486423653465846,3,942926,1012,2815,525344606,860,378228,12.614697125801966,486,71,85.13572280315563,28389,349107816,7367,710871119,530,84,50148,2098586393,523.69,240.99758100509644,"[180, 50, 100000, 4, 0.5]",56.877296447753906,180.1922345161438,0.3210158348083496
0.12610622949712635,42,819448,421,7859,1650484918,2946,439196,86.16470728871337,370,215,31.550662486754767,696,1654176525,1424,736658353,3154,92,19220,470455559,521.5,241.7172064781189,"[180, 50, 100000, 4, 0.5]",57.29930019378662,180.1112060546875,0.35906553268432617
0.12610622949712635,219,942926,1012,2815,525344606,4042,561162,4.276007019212802,486,215,31.550662486754767,28389,1914551740,1424,710871119,3154,237,50148,2098586393,509.67,240.76114010810852,"[180, 50, 100000, 4, 0.5]",56.62207746505737,180.10486507415771,0.3773953914642334
0.32486423653465846,3,819448,1016,7859,566460619,2946,378228,86.16470728871337,370,72,85.13572280315563,4763,1654176525,7367,736658353,530,92,19220,1931838765,517.77,241.45959162712097,"[180, 50, 100000, 4, 0.5]",57.09932041168213,180.09724712371826,0.30519795417785645
0.40848677841070224,3,942926,1012,2815,751098189,9160,378228,86.16470728871337,943,215,12.232679060259965,28389,1654176525,9929,736658353,900,194,6793,2098586393,525.31,241.49518156051636,"[180, 50, 100000, 4, 0.5]",56.82159876823425,180.11996245384216,0.3239903450012207
0.8060883139255806,212,394591,1023,2176,525344606,860,394752,36.851719073324816,370,151,31.550662486754767,34788,1079818303,7367,691992275,3154,92,50148,1258358732,515.0,242.72860527038574,"[180, 50, 100000, 4, 0.5]",58.33025932312012,180.06608271598816,0.5925087928771973
0.32486423653465846,42,456387,421,7859,1650484918,2946,535173,35.50614469278791,90,42,43.32003138771612,1122,1708826948,1424,710871119,1204,50,3849,470455559,535.31,241.3462417125702,"[180, 50, 100000, 4, 0.5]",57.069647789001465,180.07980751991272,0.33336830139160156
0.0406303594752383,139,819448,860,6623,466522929,1026,439196,12.614697125801966,486,71,85.13572280315563,696,349107816,8788,810586650,530,206,58877,2116019103,511.64,240.23089575767517,"[180, 50, 100000, 4, 0.5]",55.98312711715698,180.07783389091492,0.3224754333496094
0.12333936259085099,219,819448,1016,6012,566460619,2946,561162,4.276007019212802,554,72,85.13572280315563,48467,1914551740,3628,1283530522,530,237,19220,1524886771,533.37,241.51134657859802,"[180, 50, 100000, 4, 0.5]",56.79079794883728,180.16904377937317,0.4916045665740967
0.32486423653465846,219,693298,1016,7859,566460619,1899,561162,4.276007019212802,486,72,32.584102355291876,696,1914551740,1424,710871119,527,237,66105,1931838765,533.62,241.36487984657288,"[180, 50, 100000, 4, 0.5]",56.76110529899597,180.08396434783936,0.3142826557159424
0.5010076293622207,30,687106,589,4055,833469153,4961,524182,86.56732430775638,478,114,28.24470291123572,12079,94768156,7263,1316109675,8929,143,25628,1118208842,503.68,244.14798974990845,"[180, 50, 100000, 4, 0.5]",58.46726059913635,180.21223187446594,1.7041854858398438
0.16476953922391535,23,283562,339,6259,1002330187,8916,507377,98.06745885132977,157,192,37.859016471840555,60462,221680415,176,289325325,7477,98,2783,550533939,491.1,242.65566229820251,"[180, 50, 100000, 4, 0.5]",58.009493589401245,180.1131522655487,0.44411325454711914
0.7988888796571457,3,35659,685,4,466522929,1026,670238,63.60839230543828,167,214,43.32003138771612,1122,309203667,6106,736658353,3850,40,82280,122748465,509.86,240.7671766281128,"[180, 50, 100000, 4, 0.5]",56.26342749595642,180.1850872039795,0.37897777557373047
0.3224579636941851,241,942926,860,3394,1496224965,390,535173,86.16470728871337,90,42,6.424650339572057,89004,1654176525,7367,1436152967,3154,206,3849,2098586393,403.74,243.79142498970032,"[180, 50, 100000, 4, 0.5]",59.09145784378052,180.1071252822876,0.5823118686676025
0.32486423653465846,30,670855,1016,7859,566460619,8916,507377,4.276007019212802,157,72,37.859016471840555,60462,1914551740,1424,289325325,530,237,2783,550533939,551.84,242.29191422462463,"[180, 50, 100000, 4, 0.5]",57.97671961784363,180.0521912574768,0.3124682903289795
0.5010076293622207,219,819448,589,4055,1002330187,2946,561162,98.06745885132977,486,227,85.13572280315563,696,94768156,176,1761511026,7477,98,19220,1931838765,501.11,242.03924942016602,"[180, 50, 100000, 4, 0.5]",57.53883624076843,180.06629419326782,0.6669161319732666
0.7988888796571457,139,819448,860,4,566460619,2946,535173,4.276007019212802,90,72,43.32003138771612,1122,1708826948,8788,710871119,1204,237,3849,2116019103,512.45,241.98828768730164,"[180, 50, 100000, 4, 0.5]",57.345425844192505,180.1935715675354,0.3237731456756592
0.32486423653465846,219,456387,1016,7859,466522929,1026,561162,35.50614469278791,486,42,85.13572280315563,696,1914551740,1424,810586650,530,206,19220,1931838765,520.86,242.56908655166626,"[180, 50, 100000, 4, 0.5]",57.78336215019226,180.18305468559265,0.3108682632446289
0.12333936259085099,42,693298,421,6012,1650484918,7821,439196,12.614697125801966,554,71,32.584102355291876,48467,349107816,3628,1559221280,527,50,66105,470455559,542.98,241.25033807754517,"[180, 50, 100000, 4, 0.5]",56.889328718185425,180.08661603927612,0.32471418380737305
0.32486423653465846,3,942926,1016,7859,566460619,1026,535173,4.276007019212802,486,42,43.32003138771612,696,1914551740,7367,736658353,530,206,3849,1931838765,534.73,242.63402318954468,"[180, 50, 100000, 4, 0.5]",58.051676750183105,180.19359874725342,0.3453643321990967
0.7988888796571457,219,819448,860,4,466522929,2946,561162,86.16470728871337,90,72,85.13572280315563,1122,1654176525,1424,710871119,3154,237,19220,2098586393,506.9,239.56476187705994,"[180, 50, 100000, 4, 0.5]",55.0485405921936,180.06272840499878,0.39824891090393066
0.16476953922391535,3,942926,339,4,833469153,1026,228920,86.16470728871337,478,42,28.24470291123572,12079,221680415,7367,736658353,8929,143,25628,1118208842,484.67,245.29047799110413,"[180, 50, 100000, 4, 0.5]",59.95632362365723,180.177796125412,1.0267338752746582
0.7988888796571457,23,283562,860,6259,466522929,4961,524182,86.56732430775638,90,114,43.32003138771612,1122,1654176525,7263,1316109675,3154,206,3849,1618214833,519.18,241.76693105697632,"[180, 50, 100000, 4, 0.5]",57.222541093826294,180.1891152858734,0.41426873207092285
0.7988888796571457,3,489186,860,1989,466522929,4357,535173,43.92216620055325,585,176,24.84133090733609,1122,1158161481,8218,1234714123,4506,206,3849,2098586393,518.44,241.990149974823,"[180, 50, 100000, 4, 0.5]",57.551247358322144,180.07450103759766,0.45734071731567383
0.09897689189114045,55,942926,664,4,1913076789,1026,881758,86.16470728871337,90,42,43.32003138771612,90501,978149157,7367,736658353,3154,172,6422,391284054,519.5,241.98608469963074,"[180, 50, 100000, 4, 0.5]",57.32986640930176,180.17567992210388,0.3583354949951172
0.12610622949712635,37,424282,52,91,1770484804,5275,573559,86.16470728871337,370,168,73.07692608740777,28389,1654176525,4784,736658353,3154,155,16416,2098586393,512.87,244.16181325912476,"[180, 50, 100000, 4, 0.5]",59.55702805519104,180.12028646469116,0.3680903911590576
0.9100241304052978,3,942926,1012,2815,525344606,860,378228,2.9949896349323435,946,126,31.550662486754767,57103,2146343788,7367,1991078186,3047,92,14804,123332197,519.97,243.2584195137024,"[180, 50, 100000, 4, 0.5]",58.80390119552612,180.0620551109314,0.500805139541626
0.7988888796571457,139,456387,860,1989,1913076789,4357,881758,35.50614469278791,585,42,43.32003138771612,1122,978149157,8788,810586650,1204,172,3849,391284054,504.9,241.9816930294037,"[180, 50, 100000, 4, 0.5]",57.49762511253357,180.1263828277588,0.35321855545043945
0.3884181551524558,55,489186,860,4,466522929,1026,535173,35.50614469278791,90,176,24.84133090733609,90501,1708826948,8218,1234714123,1204,206,3849,2116019103,533.36,243.28881931304932,"[180, 50, 100000, 4, 0.5]",58.86553430557251,180.1146821975708,0.3322441577911377
0.32486423653465846,219,819448,421,6012,1650484918,2946,561162,4.276007019212802,554,71,32.584102355291876,48467,1914551740,1424,1283530522,530,50,19220,470455559,528.24,242.34018969535828,"[180, 50, 100000, 4, 0.5]",57.959598779678345,180.1933057308197,0.3256185054779053
0.3884181551524558,55,489186,664,1989,1650484918,4357,439196,43.92216620055325,554,77,32.584102355291876,48467,349107816,3628,1283530522,4506,172,66105,391284054,516.67,242.01119017601013,"[180, 50, 100000, 4, 0.5]",57.593331813812256,180.07232999801636,0.3902866840362549
0.12333936259085099,42,693298,421,6012,1913076789,8545,881758,12.614697125801966,585,71,24.84133090733609,90501,978149157,8218,1234714123,527,50,6422,470455559,530.16,241.32169914245605,"[180, 50, 100000, 4, 0.5]",56.52250051498413,180.19480347633362,0.3299717903137207
0.16476953922391535,139,283562,860,4,466522929,4961,535173,35.50614469278791,90,114,43.32003138771612,1122,221680415,7263,1316109675,1204,143,25628,1118208842,520.02,241.22131896018982,"[180, 50, 100000, 4, 0.5]",56.635783433914185,180.09490132331848,0.3316326141357422
0.7988888796571457,23,456387,339,6259,833469153,1026,524182,86.56732430775638,478,42,28.24470291123572,12079,1708826948,8788,810586650,8929,206,3849,2116019103,509.61,244.03995966911316,"[180, 50, 100000, 4, 0.5]",59.29316234588623,180.1177430152893,0.595994234085083
0.7988888796571457,219,942926,112,4,466522929,1026,561162,4.276007019212802,554,72,43.32003138771612,48467,1914551740,3628,1283530522,3154,237,66105,1931838765,521.86,241.80089020729065,"[180, 50, 100000, 4, 0.5]",57.33030962944031,180.0641417503357,0.40125131607055664
0.12333936259085099,3,693298,1016,6012,566460619,7821,535173,86.16470728871337,90,42,32.584102355291876,1122,1654176525,7367,736658353,527,206,3849,2098586393,526.71,243.52256393432617,"[180, 50, 100000, 4, 0.5]",58.798234939575195,180.06077790260315,0.3291177749633789
0.46625290316919576,42,424282,421,91,1770484804,5275,573559,2.9949896349323435,486,126,73.07692608740777,696,1500716013,1424,1991078186,3047,155,19220,606767162,521.96,241.93919205665588,"[180, 50, 100000, 4, 0.5]",57.83314275741577,180.091730594635,0.3594644069671631
0.32486423653465846,37,819448,52,7859,1650484918,2946,439196,12.614697125801966,946,71,85.13572280315563,57760,349107816,4784,710871119,1893,50,14804,470455559,517.96,241.26445293426514,"[180, 50, 100000, 4, 0.5]",57.01608109474182,180.0568151473999,0.34224843978881836
0.32486423653465846,219,693298,1016,6012,566460619,7821,561162,12.614697125801966,554,72,32.584102355291876,696,1914551740,3628,710871119,530,50,66105,1931838765,530.18,241.89063715934753,"[180, 50, 100000, 4, 0.5]",57.7046902179718,180.08030772209167,0.3292708396911621
0.12333936259085099,42,819448,421,7859,4494532,2946,439196,4.276007019212802,486,71,3.7329805599177313,14133,349107816,1424,1283530522,527,237,19220,470455559,537.39,239.44465446472168,"[180, 50, 100000, 4, 0.5]",55.0589485168457,180.0661392211914,0.320955753326416
0.12333936259085099,219,693298,1016,1989,566460619,4357,561162,4.276007019212802,585,72,32.584102355291876,48467,978149157,8218,1283530522,527,237,6422,1931838765,528.28,240.7608244419098,"[180, 50, 100000, 4, 0.5]",56.211544036865234,180.06475639343262,0.7167541980743408
0.3884181551524558,55,489186,664,6012,1913076789,7821,881758,43.92216620055325,554,176,24.84133090733609,90501,1914551740,3628,1234714123,4506,172,66105,391284054,520.19,241.15563082695007,"[180, 50, 100000, 4, 0.5]",56.770379066467285,180.0974085330963,0.43442368507385254
0.16476953922391535,23,283562,339,6012,833469153,4961,524182,86.56732430775638,554,71,28.24470291123572,48467,349107816,6060,1283530522,8929,143,66105,1118208842,489.09,243.2980456352234,"[180, 50, 100000, 4, 0.5]",58.247321367263794,180.18385124206543,0.6009302139282227
0.12333936259085099,42,693298,421,6259,1650484918,7821,439196,12.614697125801966,478,256,32.584102355291876,12079,221680415,7263,1316109675,527,50,25628,470455559,539.22,240.17337942123413,"[180, 50, 100000, 4, 0.5]",55.6120331287384,180.10812878608704,0.3109891414642334
0.12610622949712635,3,355287,421,2815,525344606,2946,378228,12.614697125801966,486,71,85.13572280315563,28389,1654176525,7367,736658353,530,50,81014,470455559,550.88,241.63618278503418,"[180, 50, 100000, 4, 0.5]",57.24997425079346,180.1885290145874,0.3256661891937256
0.32486423653465846,42,942926,1012,7859,1650484918,860,439196,86.16470728871337,370,215,31.550662486754767,696,349107816,1424,710871119,3154,92,50148,2098586393,515.25,242.22682976722717,"[180, 50, 100000, 4, 0.5]",57.739206314086914,180.19071912765503,0.5307803153991699
0.7988888796571457,30,670855,180,7859,466522929,8916,507377,35.50614469278791,157,42,37.859016471840555,60462,1914551740,8788,289325325,530,206,2783,550533939,521.95,241.50162029266357,"[180, 50, 100000, 4, 0.5]",57.150012254714966,180.11417651176453,0.33017468452453613
0.32486423653465846,139,456387,1016,4,566460619,1026,535173,4.276007019212802,90,72,43.32003138771612,1122,1708826948,1424,810586650,1204,237,3849,2116019103,506.39,242.62146663665771,"[180, 50, 100000, 4, 0.5]",57.75605082511902,180.1902506351471,0.3597078323364258
0.32486423653465846,30,693298,1016,6012,566460619,8916,561162,4.276007019212802,554,72,37.859016471840555,60462,1914551740,3628,289325325,6058,237,66105,550533939,524.05,241.72388696670532,"[180, 50, 100000, 4, 0.5]",57.15113401412964,180.11612272262573,0.4369475841522217
0.12333936259085099,219,795890,1016,5947,566460619,7821,507377,4.276007019212802,157,72,32.584102355291876,48467,568917113,1424,1283530522,530,237,2783,1262325772,521.1,240.8302948474884,"[180, 50, 100000, 4, 0.5]",56.435163736343384,180.10255336761475,0.31845808029174805
0.3884181551524558,55,489186,860,1989,1913076789,4357,881758,35.50614469278791,585,176,24.84133090733609,90501,1307745729,8218,1234714123,1204,172,3849,391284054,533.86,242.24366307258606,"[180, 50, 100000, 4, 0.5]",57.81660747528076,180.12937569618225,0.3213942050933838
0.3224579636941851,189,35659,685,3394,1496224965,390,670238,63.60839230543828,167,214,6.424650339572057,89004,309203667,6106,1436152967,3850,40,67484,122748465,492.79,242.6922161579132,"[180, 50, 100000, 4, 0.5]",58.163939476013184,180.10387587547302,0.38614559173583984
0.32486423653465846,3,819448,1016,7859,525344606,860,378228,64.50616440509745,370,72,85.13572280315563,28389,1654176525,7367,710871119,3154,92,50148,1931838765,514.55,242.60453534126282,"[180, 50, 100000, 4, 0.5]",58.172863721847534,180.10799145698547,0.36533236503601074
0.12610622949712635,219,942926,1012,2815,566460619,2946,233254,86.16470728871337,486,215,31.550662486754767,696,1914551740,1424,736658353,530,237,19220,2098586393,516.91,240.7024540901184,"[180, 50, 100000, 4, 0.5]",56.284820795059204,180.08026313781738,0.32390427589416504
0.3884181551524558,55,942926,1012,1989,1913076789,860,881758,43.92216620055325,585,176,24.84133090733609,90501,1654176525,8218,1234714123,3154,92,50148,2098586393,526.66,242.17651224136353,"[180, 50, 100000, 4, 0.5]",57.836769819259644,180.18619537353516,0.3564474582672119
0.12610622949712635,3,489186,664,2815,525344606,4357,378228,86.16470728871337,370,215,31.550662486754767,28389,978149157,7367,736658353,4506,172,6422,391284054,507.36,243.67706418037415,"[180, 50, 100000, 4, 0.5]",59.01013946533203,180.06459426879883,0.36538076400756836
0.7988888796571457,3,942926,860,4,466522929,860,378228,86.16470728871337,100,42,31.550662486754767,1122,1654176525,7367,736658353,3154,92,3849,2098586393,508.35,241.43631768226624,"[180, 50, 100000, 4, 0.5]",56.42696022987366,180.12375140190125,0.927790641784668
0.12610622949712635,3,942926,1012,2815,525344606,1026,535173,86.16470728871337,370,215,43.32003138771612,28389,1654176525,7367,736658353,3154,206,50148,2098586393,528.44,241.47573280334473,"[180, 50, 100000, 4, 0.5]",56.931891679763794,180.1289041042328,0.40656137466430664
0.5010076293622207,139,456387,860,7501,466522929,8916,507377,35.50614469278791,157,42,37.859016471840555,60462,94768156,176,289325325,7477,206,2783,550533939,510.68,243.13053631782532,"[180, 50, 100000, 4, 0.5]",58.34337830543518,180.10000491142273,0.4654581546783447
0.7988888796571457,30,670855,589,4055,1002330187,1026,535173,98.06745885132977,90,227,43.32003138771612,55646,1708826948,6012,810586650,1204,98,3849,2116019103,522.17,241.81386733055115,"[180, 50, 100000, 4, 0.5]",57.13060450553894,180.08393216133118,0.3384675979614258
0.8060883139255806,71,134464,1024,6259,751098189,9160,524182,86.56732430775638,943,151,12.232679060259965,34788,221680415,9929,1316109675,8929,194,6793,1258358732,473.03,242.66663527488708,"[180, 50, 100000, 4, 0.5]",58.11163926124573,180.07623934745789,0.4677259922027588
0.5726449259853679,23,283562,339,2176,833469153,4961,394752,36.851719073324816,478,114,28.24470291123572,12079,1079818303,7263,691992275,900,143,25628,1118208842,525.5,243.63235807418823,"[180, 50, 100000, 4, 0.5]",59.455748319625854,180.11734199523926,0.32541322708129883
0.8699150972131592,139,456387,860,4,466522929,1026,535173,35.50614469278791,90,42,43.32003138771612,1122,1708826948,8788,810586650,1204,206,3849,2116019103,518.22,242.94737672805786,"[180, 50, 100000, 4, 0.5]",58.58302021026611,180.12164616584778,0.36093831062316895
0.6102283624371331,3,942926,1012,2815,525344606,860,378228,86.16470728871337,370,245,31.550662486754767,28389,1654176525,7367,736658353,3154,92,50148,2098586393,509.46,242.00120520591736,"[180, 50, 100000, 4, 0.5]",57.707146883010864,180.07042288780212,0.3890073299407959
0.5010076293622207,30,670855,1016,4055,566460619,8916,507377,98.06745885132977,157,72,89.84394308409338,60462,94768156,1424,289325325,7477,237,2783,550533939,507.42,241.94225072860718,"[180, 50, 100000, 4, 0.5]",57.23792910575867,180.06740641593933,0.5571401119232178
0.32486423653465846,30,670855,589,7859,1002330187,8916,507377,4.276007019212802,157,227,37.859016471840555,60462,1914551740,176,289325325,530,98,2783,550533939,508.36,240.9134705066681,"[180, 50, 100000, 4, 0.5]",56.34735679626465,180.18536758422852,0.31467103958129883
0.32486423653465846,42,819448,421,7859,566460619,2946,439196,4.276007019212802,486,72,85.13572280315563,696,349107816,6897,710871119,530,237,19220,1931838765,536.29,241.49765372276306,"[180, 50, 100000, 4, 0.5]",57.30865216255188,180.11282348632812,0.3253509998321533
0.32486423653465846,219,819448,1016,7859,1650484918,2946,946624,12.614697125801966,486,71,85.13572280315563,696,1914551740,1424,710871119,530,50,20008,470455559,541.0,240.41094875335693,"[180, 50, 100000, 4, 0.5]",55.96714663505554,180.06139016151428,0.3374013900756836
0.12333936259085099,219,489186,664,6012,1913076789,4357,561162,43.92216620055325,558,72,32.584102355291876,48467,978149157,8218,1283530522,527,172,6422,1931838765,514.02,242.434335231781,"[180, 50, 100000, 4, 0.5]",58.03122091293335,180.0991051197052,0.3429117202758789
0.3884181551524558,55,693298,1016,1989,566460619,7821,881758,4.276007019212802,554,176,24.84133090733609,90501,1914551740,3628,1234714123,4506,237,66105,391284054,515.83,241.74333453178406,"[180, 50, 100000, 4, 0.5]",56.88731908798218,180.18783330917358,0.45258188247680664
0.3884181551524558,55,489186,664,1989,1913076789,4357,881758,43.92216620055325,585,176,24.84133090733609,90501,978149157,8218,490852785,4506,172,6422,391284054,516.79,242.57178592681885,"[180, 50, 100000, 4, 0.5]",58.09689974784851,180.07918071746826,0.385723352432251
0.3884181551524558,55,489186,664,1989,1913076789,4357,881758,43.92216620055325,585,176,24.84133090733609,90501,1626819557,8218,1234714123,4506,172,6422,391284054,522.46,243.35703992843628,"[180, 50, 100000, 4, 0.5]",58.78392744064331,180.07976245880127,0.3859069347381592
0.8060883139255806,152,693298,1024,6012,1650484918,9160,358790,36.851719073324816,943,151,32.584102355291876,34788,349107816,9929,1283530522,900,50,6793,1258358732,518.26,241.42449736595154,"[180, 50, 100000, 4, 0.5]",56.95114517211914,180.09803986549377,0.35309481620788574
0.12333936259085099,212,394591,421,2176,751098189,7821,394752,12.614697125801966,554,71,12.232679060259965,48467,1079818303,8982,691992275,527,194,66105,470455559,533.68,240.93908643722534,"[180, 50, 100000, 4, 0.5]",56.43852615356445,180.11201167106628,0.32044458389282227
0.3224579636941851,241,35659,685,3394,322654417,390,394752,63.60839230543828,167,214,6.424650339572057,89004,309203667,9929,1436152967,900,194,82280,122748465,505.7,239.72261953353882,"[180, 50, 100000, 4, 0.5]",55.435845375061035,180.09967947006226,0.3235487937927246
0.8060883139255806,212,394591,1024,2176,1496224965,9160,670238,36.851719073324816,943,151,12.232679060259965,34788,1079818303,6106,691992275,3850,40,6793,1258358732,511.69,241.6556794643402,"[180, 50, 100000, 4, 0.5]",57.23721933364868,180.10328698158264,0.38987159729003906
0.3224579636941851,212,394591,1024,2176,751098189,390,394752,63.60839230543828,167,214,12.232679060259965,34788,1079818303,5935,691992275,6521,194,6793,1258358732,519.8,242.09629082679749,"[180, 50, 100000, 4, 0.5]",57.47350192070007,180.0801146030426,0.5081231594085693
0.8060883139255806,0,35659,685,3394,1496224965,9160,670238,36.851719073324816,943,151,6.424650339572057,89004,309203667,9929,1436152967,900,40,82280,122748465,568.32,239.7925090789795,"[180, 50, 100000, 4, 0.5]",55.49387216567993,180.07296419143677,0.34662842750549316
0.5010076293622207,30,670855,585,4055,1002330187,8916,507377,98.06745885132977,157,227,37.859016471840555,60462,94768156,176,289325325,7477,98,2783,550533939,480.43,241.434574842453,"[180, 50, 100000, 4, 0.5]",56.45393705368042,180.21597981452942,1.0497262477874756
0.7988888796571457,139,456387,860,4,466522929,1026,535173,35.50614469278791,90,42,43.32003138771612,1122,1708826948,8788,810586650,1204,206,3849,1097714047,310.57,241.03029656410217,"[180, 50, 100000, 4, 0.5]",56.589094161987305,180.10300254821777,0.35613298416137695
0.7988888796571457,3,942926,1012,4,525344606,1026,535173,86.16470728871337,90,215,31.550662486754767,1122,1708826948,7367,810586650,3154,3,50148,2098586393,505.19,241.65899014472961,"[180, 50, 100000, 4, 0.5]",57.25688409805298,180.18956232070923,0.3956949710845947
0.12610622949712635,139,241704,860,2815,466522929,860,378228,35.50614469278791,370,42,78.90006057020663,28389,1654176525,8788,736658353,1204,92,3849,2116019103,530.39,241.8122525215149,"[180, 50, 100000, 4, 0.5]",57.089396953582764,180.12731766700745,0.35192227363586426
0.4433496654155864,30,670855,1024,7859,566460619,8916,507377,4.276007019212802,943,72,37.859016471840555,34788,1914551740,1424,289325325,900,237,6793,550533939,516.32,243.23011183738708,"[180, 50, 100000, 4, 0.5]",58.73642945289612,180.0673050880432,0.32479381561279297
0.32486423653465846,212,394591,1016,2176,751098189,9160,394752,36.851719073324816,157,151,0.3414349158157859,55611,1079818303,9929,691992275,530,194,2783,1258358732,400.8,242.80597925186157,"[180, 50, 100000, 4, 0.5]",58.17615365982056,180.1906771659851,0.31652021408081055
0.3884181551524558,55,489186,1016,1989,566460619,4357,507377,35.50614469278791,585,72,37.859016471840555,90501,978149157,8218,289325325,7163,172,2783,391284054,519.13,242.46798253059387,"[180, 50, 100000, 4, 0.5]",57.94741082191467,180.11759638786316,0.646369457244873
0.32486423653465846,30,670855,860,7859,1913076789,8916,881758,4.276007019212802,157,176,24.84133090733609,60462,1914551740,1424,725841192,530,237,3849,550533939,541.82,242.19806170463562,"[180, 50, 100000, 4, 0.5]",57.46982002258301,180.0786097049713,0.3889007568359375
0.7988888796571457,139,456387,860,4,466522929,1026,665422,35.50614469278791,90,42,43.32003138771612,1122,1708826948,8788,810586650,1204,206,3849,2116019103,515.92,242.58668541908264,"[180, 50, 100000, 4, 0.5]",58.104602098464966,180.18540382385254,0.3275763988494873
0.12610622949712635,42,942926,1012,2815,525344606,860,378228,86.16470728871337,554,215,31.550662486754767,48467,1654176525,7367,1283530522,3154,50,66105,2098586393,516.27,241.7446746826172,"[180, 50, 100000, 4, 0.5]",57.136611223220825,180.101553440094,0.38545966148376465
0.12333936259085099,3,693298,421,6012,1650484918,7821,439196,12.614697125801966,370,71,69.04453031507553,28389,349107816,3628,736658353,527,92,50148,470455559,536.03,242.74948573112488,"[180, 50, 100000, 4, 0.5]",58.33800005912781,180.0720934867859,0.4832921028137207
0.7988888796571457,3,942926,685,4,1924628334,1026,670238,63.60839230543828,167,42,6.424650339572057,1122,1654176525,6106,736658353,3850,206,3849,2098586393,488.74,244.6341905593872,"[180, 50, 100000, 4, 0.5]",59.89213299751282,180.19408535957336,0.4870913028717041
0.12610622949712635,3,355287,860,2815,525344606,1026,535173,12.614697125801966,90,71,85.13572280315563,28389,1654176525,7367,736658353,3154,50,3849,470455559,528.52,243.00602173805237,"[180, 50, 100000, 4, 0.5]",58.48967456817627,180.0642945766449,0.38874101638793945
0.7988888796571457,3,942926,421,4,466522929,2946,378228,86.16470728871337,486,42,43.32003138771612,1122,1654176525,7367,736658353,530,206,81014,2098586393,520.22,241.563556432724,"[180, 50, 100000, 4, 0.5]",56.958210706710815,180.08044290542603,0.32308101654052734
0.758062932779611,3,564671,627,4,1076924306,6378,386451,86.16470728871337,998,42,51.71034866539107,82525,1654176525,7367,829457315,7081,31,17857,2098586393,500.03,241.3302390575409,"[180, 50, 100000, 4, 0.5]",56.68046426773071,180.05418229103088,0.4945392608642578
0.7988888796571457,198,942926,860,1199,1250672469,1922,535173,12.646995883375812,131,172,43.32003138771612,1122,358203953,9665,736658353,3154,206,3849,976547961,490.7,241.13874101638794,"[180, 50, 100000, 4, 0.5]",56.402894496917725,180.10205841064453,0.5795369148254395
0.16476953922391535,23,283562,339,6259,833469153,4961,524182,86.56732430775638,478,114,28.24470291123572,12079,1191151323,7263,1316109675,8929,143,25628,1118208842,507.32,243.5565710067749,"[180, 50, 100000, 4, 0.5]",58.881020307540894,180.05787253379822,0.5761232376098633
0.7988888796571457,139,695684,860,4,466522929,1026,535173,35.50614469278791,90,42,43.32003138771612,1122,1708826948,8788,810586650,1204,206,3849,2116019103,516.1,241.80205869674683,"[180, 50, 100000, 4, 0.5]",57.11036443710327,180.10516476631165,0.3356449604034424
0.8060883139255806,55,2979,860,2176,751098189,9160,881758,35.50614469278791,105,151,24.84133090733609,34788,978149157,8218,691992275,1204,194,6793,1258358732,523.36,239.15429854393005,"[180, 50, 100000, 4, 0.5]",54.708319425582886,180.069317817688,0.35918283462524414
0.3884181551524558,212,489186,1024,1989,1913076789,4357,394752,36.851719073324816,943,176,12.232679060259965,90501,1079818303,9929,1234714123,4500,172,3849,391284054,505.78,242.99148392677307,"[180, 50, 100000, 4, 0.5]",58.57768249511719,180.07216429710388,0.3794212341308594
0.12610622949712635,23,942926,339,2815,525344606,860,378228,86.16470728871337,478,114,28.24470291123572,12079,1654176525,7263,736658353,3154,92,50148,1118208842,513.2,241.64888215065002,"[180, 50, 100000, 4, 0.5]",56.71207308769226,180.19524383544922,0.7740046977996826
0.16476953922391535,3,283562,1012,6259,833469153,4961,524182,86.56732430775638,370,215,31.550662486754767,28389,221680415,7367,1316109675,8929,222,25628,1048217664,500.08,243.65064907073975,"[180, 50, 100000, 4, 0.5]",58.83847117424011,180.18801832199097,0.5959935188293457
0.32486423653465846,30,819448,421,828,566460619,2946,439196,4.276007019212802,486,71,37.859016471840555,60462,349107816,1424,710871119,530,50,19220,470455559,538.05,243.1760060787201,"[180, 50, 100000, 4, 0.5]",58.68538212776184,180.06456303596497,0.32698702812194824
0.32486423653465846,42,670855,1016,7859,1650484918,8916,507377,12.614697125801966,157,72,85.13572280315563,80774,1914551740,1424,289325325,530,237,2783,550533939,532.73,242.147629737854,"[180, 50, 100000, 4, 0.5]",57.90215229988098,180.10928606987,0.3140988349914551
0.7988888796571457,212,456387,860,2176,751098189,1026,939514,36.851719073324816,90,151,43.32003138771612,1122,1079818303,8788,810586650,1204,194,3849,1258358732,518.98,241.95056581497192,"[180, 50, 100000, 4, 0.5]",57.57521462440491,180.1923577785492,0.3380410671234131
0.8060883139255806,139,394591,1024,4,989454268,9160,394752,74.01479940416034,242,42,70.80737831208614,34788,1708826948,9929,691992275,900,206,6793,2116019103,509.44,241.18832731246948,"[180, 50, 100000, 4, 0.5]",56.62277555465698,180.13361358642578,0.3806431293487549
0.3884181551524558,55,283562,339,1989,833469153,4961,524182,43.92216620055325,585,176,28.24470291123572,12079,221680415,8218,1234714123,4506,172,6422,1118208842,508.97,243.11177444458008,"[180, 50, 100000, 4, 0.5]",58.45652723312378,180.07536721229553,0.41922807693481445
0.16476953922391535,23,489186,664,6259,1913076789,4357,881758,86.56732430775638,478,114,24.84133090733609,90501,978149157,7263,1316109675,8929,143,25628,391284054,517.78,242.53804564476013,"[180, 50, 100000, 4, 0.5]",57.62087416648865,180.1804325580597,0.9306955337524414
0.32486423653465846,42,394591,421,2176,751098189,9160,439196,12.614697125801966,486,71,85.13572280315563,34788,349107816,1424,710871119,900,194,19220,470455559,538.86,241.50713229179382,"[180, 50, 100000, 4, 0.5]",57.118178367614746,180.090735912323,0.3510923385620117
0.8060883139255806,212,819448,1024,7859,1650484918,2946,394752,36.851719073324816,943,151,12.232679060259965,696,1079818303,9929,691992275,530,50,6793,1258358732,523.56,243.29228830337524,"[180, 50, 100000, 4, 0.5]",59.04261112213135,180.08610677719116,0.39525842666625977
0.8060883139255806,0,693298,421,2802,1496224965,7821,439196,36.851719073324816,943,151,6.424650339572057,89004,309203667,9929,1283530522,900,50,82280,470455559,565.11,243.09187698364258,"[180, 50, 100000, 4, 0.5]",58.15752124786377,180.17505431175232,0.5804805755615234
0.12333936259085099,42,35659,685,3394,1650484918,9160,670238,12.614697125801966,554,71,32.584102355291876,48467,349107816,3628,1436152967,3505,40,66105,122748465,520.55,241.99352192878723,"[180, 50, 100000, 4, 0.5]",57.49106478691101,180.1167652606964,0.40267395973205566
0.12333936259085099,42,693298,1016,6012,1650484918,8849,561162,4.276007019212802,554,72,32.584102355291876,48467,349107816,3628,1283530522,527,247,66105,470455559,541.6,242.08211040496826,"[180, 50, 100000, 4, 0.5]",57.82383966445923,180.06562852859497,0.3280007839202881
0.12333936259085099,219,693298,421,6012,566460619,7821,439196,12.614697125801966,554,71,32.584102355291876,48467,1914551740,3628,1283530522,527,237,66105,1931838765,523.61,241.20988488197327,"[180, 50, 100000, 4, 0.5]",56.90294313430786,180.09007167816162,0.4027831554412842
0.16476953922391535,23,456387,860,4,833469153,4961,524182,86.56732430775638,478,42,43.32003138771612,12079,221680415,8788,1316109675,8929,143,25628,1606516820,505.92,243.55459094047546,"[180, 50, 100000, 4, 0.5]",59.00534772872925,180.1120162010193,0.6214423179626465
0.7613984951633448,139,283562,339,6259,466522929,1026,535173,35.50614469278791,867,114,28.24470291123572,1122,1708826948,7263,810586650,1204,206,3849,1684884015,486.59,241.46443271636963,"[180, 50, 100000, 4, 0.5]",57.195796966552734,180.0547697544098,0.42774534225463867
0.8060883139255806,0,35659,421,3394,1496224965,9160,439196,12.614697125801966,943,151,6.424650339572057,89004,349107816,9929,1436152967,527,40,82280,104812733,563.9,240.71284890174866,"[180, 50, 100000, 4, 0.5]",56.16432595252991,180.0990982055664,0.3297407627105713
0.12333936259085099,42,693298,685,6012,1650484918,7821,670238,36.851719073324816,554,71,32.584102355291876,48467,309203667,3628,1283530522,900,50,66105,470455559,512.43,240.5463409423828,"[180, 50, 100000, 4, 0.5]",55.89051175117493,180.12503671646118,0.33385658264160156
0.7988888796571457,241,35659,860,4,1496224965,390,535173,63.60839230543828,167,145,6.424650339572057,89004,309203667,7367,1436152967,3154,40,82280,2098586393,507.95,240.80796670913696,"[180, 50, 100000, 4, 0.5]",56.58943223953247,180.08086037635803,0.5007357597351074
0.3224579636941851,3,942926,685,3394,466522929,1026,670238,86.16470728871337,90,214,43.32003138771612,1122,1701692596,6106,736658353,3850,206,57309,122748465,518.31,241.81297183036804,"[180, 50, 100000, 4, 0.5]",57.23264718055725,180.11170768737793,0.3647139072418213
0.00258561132308488,0,693298,421,2802,1496224965,9160,670238,36.851719073324816,943,151,6.424650339572057,89004,309203667,9929,1283530522,900,249,82280,122748465,580.92,241.350604057312,"[180, 50, 100000, 4, 0.5]",56.864396810531616,180.0663125514984,0.34423160552978516
0.8060883139255806,0,35659,685,3394,1496224965,7821,439196,36.851719073324816,943,151,82.75954123738036,89004,309203667,9929,1436152967,900,40,82280,470455559,574.07,241.01625657081604,"[180, 50, 100000, 4, 0.5]",56.712756395339966,180.08396077156067,0.34427547454833984
0.3884181551524558,55,942926,664,5115,1913076789,4357,378228,86.16470728871337,370,176,24.84133090733609,28389,978149157,7367,736658353,4506,92,50148,2098586393,518.85,242.37172603607178,"[180, 50, 100000, 4, 0.5]",57.995696783065796,180.11904048919678,0.3862450122833252
0.12610622949712635,3,489186,1012,2815,525344606,860,881758,43.92216620055325,585,215,31.550662486754767,90501,1654176525,8218,1234714123,3154,172,6422,391284054,518.46,240.95376801490784,"[180, 50, 100000, 4, 0.5]",56.4489951133728,180.1835367679596,0.5833218097686768
0.32486423653465846,184,670855,1016,7859,566460619,3453,806117,4.276007019212802,157,72,37.859016471840555,60462,1914551740,1424,289325325,530,237,2783,550533939,520.95,241.93114471435547,"[180, 50, 100000, 4, 0.5]",57.748472929000854,180.07357454299927,0.32230234146118164
0.8060883139255806,143,35659,685,3394,1496224965,9160,670238,36.851719073324816,943,151,6.424650339572057,41108,309203667,9929,1436152967,7436,40,82280,122748465,511.44,240.6099820137024,"[180, 50, 100000, 4, 0.5]",56.179423332214355,180.07189297676086,0.4524850845336914
0.8060883139255806,212,394591,1024,2176,751098189,9160,394752,36.851719073324816,943,151,86.35363626994541,34788,1523307588,9929,691992275,900,194,6793,1258358732,502.5,240.62625932693481,"[180, 50, 100000, 4, 0.5]",55.99409866333008,180.23822855949402,0.39884257316589355
0.8060883139255806,212,590516,1024,2176,751098189,9160,394752,36.851719073324816,943,151,12.232679060259965,34788,1079818303,9929,691992275,900,194,6793,1258358732,513.26,240.90595030784607,"[180, 50, 100000, 4, 0.5]",56.644118785858154,180.1112539768219,0.3412013053894043
0.31702820274040777,174,693298,273,6012,581736068,6944,439196,12.614697125801966,795,14,32.584102355291876,75752,349107816,7974,731264878,6486,114,66105,1986334289,508.67,241.4634246826172,"[180, 50, 100000, 4, 0.5]",57.096513986587524,180.1114685535431,0.4384448528289795
0.12333936259085099,42,582495,421,7615,2137361480,7930,516264,73.05603280541011,554,71,25.6851738048816,48467,1862194051,3628,1283530522,527,50,65730,470455559,530.93,239.467787027359,"[180, 50, 100000, 4, 0.5]",55.19529986381531,180.18340492248535,0.3170769214630127
0.7988888796571457,3,35659,685,3394,1496224965,1026,670238,86.16470728871337,90,214,43.32003138771612,89004,1654176525,7367,388042382,3154,206,3849,122748465,490.5,240.40952372550964,"[180, 50, 100000, 4, 0.5]",55.92609620094299,180.11293721199036,0.3516819477081299
0.3224579636941851,241,738916,860,4,466522929,390,535173,63.60839230543828,167,42,6.424650339572057,1122,309203667,6106,736658353,3850,40,82280,2098586393,511.94,243.4941279888153,"[180, 50, 100000, 4, 0.5]",58.81658411026001,180.19771552085876,0.41581034660339355
0.3884181551524558,55,489186,860,1989,1913076789,9133,881758,35.50614469278791,585,176,24.84133090733609,90501,978149157,8218,1234714123,1204,172,3849,391284054,518.85,241.8220362663269,"[180, 50, 100000, 4, 0.5]",57.48028016090393,180.10668849945068,0.4283580780029297
0.7988888796571457,139,35659,860,3394,466522929,9160,670238,36.851719073324816,943,42,43.32003138771612,89004,309203667,8788,1436152967,900,40,13149,2116019103,501.73,242.0255892276764,"[180, 50, 100000, 4, 0.5]",57.18401789665222,180.23397183418274,0.3691897392272949
0.8060883139255806,0,456387,685,4,1110921127,1026,535173,35.50614469278791,90,151,6.424650339572057,1122,1708826948,9929,810586650,1204,206,3849,122748465,568.34,241.29222130775452,"[180, 50, 100000, 4, 0.5]",56.657158613204956,180.18903517723083,0.46738219261169434
0.8060883139255806,0,942926,421,3394,1496224965,9160,378228,86.16470728871337,370,215,31.550662486754767,89004,349107816,9929,1436152967,527,40,50148,2098586393,554.77,240.9204659461975,"[180, 50, 100000, 4, 0.5]",56.631484031677246,180.17292523384094,0.342449426651001
0.12610622949712635,3,35659,1012,2815,525344606,860,439196,3.447019966461917,456,217,6.424650339572057,28389,1654176525,7367,736658353,3154,92,82280,104812733,510.1,240.52828645706177,"[180, 50, 100000, 4, 0.5]",56.19671702384949,180.06892824172974,0.3374965190887451
0.8060883139255806,3,35659,1012,3394,525344606,7821,439196,90.58059128102097,370,215,31.550662486754767,89004,740667852,6497,736658353,3154,92,50148,470455559,509.51,240.5754039287567,"[180, 50, 100000, 4, 0.5]",56.0500705242157,180.1013195514679,0.371868371963501
0.12610622949712635,0,942926,685,2815,1496224965,860,378228,36.851719073324816,943,151,82.75954123738036,28389,1654176525,7367,1436152967,900,40,82280,2098586393,585.68,240.24572825431824,"[180, 50, 100000, 4, 0.5]",55.8874146938324,180.08110547065735,0.3692452907562256
0.12610622949712635,3,942926,1012,2815,525344606,860,378228,86.16470728871337,139,215,31.550662486754767,28389,596046874,7367,736658353,3154,92,50148,2098586393,316.53,245.32009291648865,"[180, 50, 100000, 4, 0.5]",60.64166259765625,180.0935275554657,0.6171908378601074
0.12610622949712635,3,942926,250,2815,525344606,860,378228,86.16470728871337,370,215,31.550662486754767,28389,1654176525,7367,736658353,3154,92,50148,2098586393,516.23,242.26346707344055,"[180, 50, 100000, 4, 0.5]",57.783210039138794,180.11578488349915,0.36360597610473633
0.32486423653465846,30,303539,1012,7859,525344606,8916,507377,25.108355001571823,157,72,37.859016471840555,60462,1654176525,1424,289325325,530,237,2783,2098586393,526.8,241.7053451538086,"[180, 50, 100000, 4, 0.5]",57.170549392700195,180.11213088035583,0.3394296169281006
0.12610622949712635,3,670855,1016,2815,566460619,860,378228,86.16470728871337,370,215,31.550662486754767,28389,1914551740,7367,736658353,3154,92,50148,638807907,508.35,242.25131964683533,"[180, 50, 100000, 4, 0.5]",57.660903453826904,180.1721053123474,0.3773951530456543
0.12610622949712635,3,693298,421,2802,1496224965,860,670238,86.16470728871337,370,151,31.550662486754767,89004,309203667,7367,736658353,900,92,82280,2098586393,508.27,241.9999930858612,"[180, 50, 100000, 4, 0.5]",57.5626003742218,180.1216881275177,0.344862699508667
0.00258561132308488,0,670681,1012,2815,525344606,9160,378228,36.851719073324816,943,215,6.424650339572057,28389,1654176525,8018,1283530522,3154,249,50148,122748465,604.86,241.35367226600647,"[180, 50, 100000, 4, 0.5]",56.86725854873657,180.11369490623474,0.37199974060058594
0.12333936259085099,219,693298,1016,6012,833469153,7821,524182,20.440323630584956,554,114,28.24470291123572,89591,1914551740,7263,1283530522,527,237,25628,1931838765,534.14,240.50208520889282,"[180, 50, 100000, 4, 0.5]",55.89187240600586,180.19149827957153,0.3203854560852051
0.16476953922391535,23,283562,339,6259,1185579182,4961,561162,86.56732430775638,13,72,32.584102355291876,83560,221680415,3628,1316109675,8929,143,66105,1118208842,496.22,244.42586469650269,"[180, 50, 100000, 4, 0.5]",59.50438070297241,180.10693430900574,0.8219325542449951
0.8060883139255806,0,35659,662,3394,1496224965,7821,439196,70.66987983886668,943,151,82.75954123738036,89004,309203667,9929,1436152967,900,40,82280,470455559,568.0,240.24045062065125,"[180, 50, 100000, 4, 0.5]",55.62725758552551,180.08472990989685,0.47276878356933594
0.8060883139255806,0,693298,685,2802,1496224965,7821,439196,36.851719073324816,943,151,6.424650339572057,89004,309203667,9929,1283530522,900,50,82280,470455559,557.71,241.26438856124878,"[180, 50, 100000, 4, 0.5]",56.6355664730072,180.19314789772034,0.3965485095977783
0.32486423653465846,42,819448,685,7859,1650484918,2946,439196,36.851719073324816,943,71,6.424650339572057,696,349107816,9929,710871119,530,40,82280,122748465,507.26,241.16183066368103,"[180, 50, 100000, 4, 0.5]",56.89333653450012,180.11097073554993,0.33212733268737793
0.4372880829362602,0,927372,421,3394,1496224965,9160,670238,12.614697125801966,486,151,85.13572280315563,89004,309203667,1424,1436152967,900,50,27130,470455559,571.92,240.94593262672424,"[180, 50, 100000, 4, 0.5]",56.7046914100647,180.06299996376038,0.34862613677978516
0.00258561132308488,42,693298,421,6012,1650484918,9160,670238,36.851719073324816,943,71,32.584102355291876,89004,349107816,3628,1283530522,527,50,82280,122748465,524.67,240.75855350494385,"[180, 50, 100000, 4, 0.5]",55.95677304267883,180.19510316848755,0.36803507804870605
0.00258561132308488,0,693298,1012,2802,1496224965,9160,439196,36.851719073324816,943,151,6.424650339572057,28389,1654176525,9929,1283530522,900,50,50148,908078877,589.51,240.67404532432556,"[180, 50, 100000, 4, 0.5]",56.162665605545044,180.08410263061523,0.34116387367248535
0.8060883139255806,0,670681,421,2815,525344606,7821,378228,36.851719073324816,943,138,6.424650339572057,89004,309203667,8018,1283530522,3154,249,82280,470455559,548.72,241.23726153373718,"[180, 50, 100000, 4, 0.5]",56.860960721969604,180.12107133865356,0.3406696319580078
0.12610622949712635,3,693298,1012,2815,525344606,860,439196,86.16470728871337,554,71,31.550662486754767,48467,349107816,7367,1283530522,3154,92,66105,470455559,529.32,240.1217646598816,"[180, 50, 100000, 4, 0.5]",55.90004920959473,180.10652995109558,0.41415905952453613
0.12333936259085099,42,942926,421,6012,1650484918,7821,378228,12.614697125801966,370,215,89.97681167807772,28389,1654176525,3628,736658353,527,50,50148,2098586393,535.94,241.96054697036743,"[180, 50, 100000, 4, 0.5]",57.39513611793518,180.07605051994324,0.3232455253601074
0.7988888796571457,212,394591,1024,4,751098189,9160,394752,86.16470728871337,943,151,43.32003138771612,34788,1079818303,7367,691992275,900,250,3849,2098586393,496.58,241.51016688346863,"[180, 50, 100000, 4, 0.5]",56.975499391555786,180.17976832389832,0.3390934467315674
0.8060883139255806,3,993598,860,2176,466522929,1026,535173,36.851719073324816,90,42,12.232679060259965,1122,1654176525,9929,736658353,3154,206,6793,1258358732,510.9,242.88657879829407,"[180, 50, 100000, 4, 0.5]",58.23060607910156,180.19553184509277,0.3826005458831787
0.12333936259085099,42,693298,685,3394,1650484918,9160,439196,36.851719073324816,554,71,6.424650339572057,48467,349107816,3628,1436152967,527,59,82280,470455559,531.98,241.41916036605835,"[180, 50, 100000, 4, 0.5]",57.033485651016235,180.0784342288971,0.3337564468383789
0.8060883139255806,0,35659,421,6012,1496224965,7821,670238,12.614697125801966,943,151,79.99839777902507,48280,309203667,9929,1283530522,900,50,66105,122748465,561.19,241.50769901275635,"[180, 50, 100000, 4, 0.5]",56.8077027797699,180.09359455108643,0.3780183792114258
0.8060883139255806,23,283562,339,3394,1496224965,7821,439196,36.851719073324816,943,151,82.75954123738036,12079,221680415,3018,1436152967,8929,40,82280,1118208842,459.9,242.51008129119873,"[180, 50, 100000, 4, 0.5]",57.69505739212036,180.1902997493744,0.45581603050231934
0.16476953922391535,0,35659,685,6259,833469153,4961,524182,86.56732430775638,478,114,28.24470291123572,89004,309203667,9929,1893084165,900,143,25628,470455559,586.26,237.55324745178223,"[180, 50, 100000, 4, 0.5]",53.178852796554565,180.09255242347717,0.3480832576751709
0.4372880829362602,0,693298,788,2802,1496224965,7821,439196,36.851719073324816,486,94,85.13572280315563,89004,309203667,1424,1283530522,900,50,27130,470455559,582.26,240.95745944976807,"[180, 50, 100000, 4, 0.5]",55.88496541976929,180.09363770484924,0.3736147880554199
0.8060883139255806,0,927372,421,3394,270875271,9160,670238,44.66268154389571,943,151,6.424650339572057,89004,309203667,9929,1436152967,900,50,82280,470455559,549.19,240.4173080921173,"[180, 50, 100000, 4, 0.5]",56.019049406051636,180.18700647354126,0.33907103538513184
0.8060883139255806,0,35659,662,3394,1496224965,7821,439196,70.66987983886668,943,151,82.75954123738036,89004,309203667,9929,1436152967,900,50,82280,470455559,549.71,241.66824078559875,"[180, 50, 100000, 4, 0.5]",57.248554706573486,180.07222390174866,0.3482499122619629
0.8060883139255806,0,693298,264,2802,1496224965,7821,439196,36.851719073324816,943,151,6.424650339572057,89004,309203667,9929,1283530522,900,40,82280,470455559,556.48,241.20871305465698,"[180, 50, 100000, 4, 0.5]",56.7012357711792,180.18177199363708,0.33101749420166016
0.00258561132308488,0,942926,685,2815,1496224965,860,378228,36.851719073324816,943,151,82.75954123738036,28389,1654176525,8018,1436152967,900,40,82280,2098586393,588.03,242.50698852539062,"[180, 50, 100000, 4, 0.5]",58.127649784088135,180.05612564086914,0.398362398147583
0.12610622949712635,0,670681,1012,2815,525344606,9160,378228,36.851719073324816,943,215,6.424650339572057,28389,1654176525,7367,1283530522,7974,249,50148,122748465,563.91,241.90511679649353,"[180, 50, 100000, 4, 0.5]",57.23290801048279,180.10924983024597,0.4795966148376465
0.4372880829362602,0,927372,75,3394,1496224965,9160,670238,36.851719073324816,486,151,85.13572280315563,89004,309203667,9929,1436152967,900,50,82280,1742216418,562.4,242.47350406646729,"[180, 50, 100000, 4, 0.5]",57.696234941482544,180.1870596408844,0.35126543045043945
0.8060883139255806,0,247254,421,2802,1496224965,7821,439196,12.614697125801966,943,151,6.424650339572057,89004,309203667,1424,1283530522,900,50,27130,1585664453,551.94,245.25160598754883,"[180, 50, 100000, 4, 0.5]",60.888747215270996,180.12140798568726,0.3475215435028076
0.8060883139255806,0,35659,685,3394,1496224965,9160,378228,36.851719073324816,298,215,6.424650339572057,28389,1654176525,7367,1436152967,3154,40,50148,122748465,558.55,239.85742831230164,"[180, 50, 100000, 4, 0.5]",55.370556592941284,180.16756224632263,0.3647141456604004
0.12610622949712635,3,942926,1012,2815,525344606,860,670238,86.16470728871337,370,151,7.536426510938066,89004,309203667,9929,736658353,900,92,82280,2098586393,426.64,240.6003406047821,"[180, 50, 100000, 4, 0.5]",56.025920152664185,180.09691071510315,0.4253213405609131
0.5189380234093318,2,693298,1012,1989,1496224965,4357,881758,43.92216620055325,943,151,24.84133090733609,28389,978149157,8218,1234714123,4506,50,6422,391284054,515.56,244.01081442832947,"[180, 50, 100000, 4, 0.5]",59.76561951637268,180.07773971557617,0.3886454105377197
0.3884181551524558,55,489186,664,2802,1913076789,9160,439196,36.851719073324816,585,176,6.424650339572057,90501,2012838351,9929,1283530522,900,172,50148,908078877,517.91,243.14403176307678,"[180, 50, 100000, 4, 0.5]",58.54013419151306,180.11634969711304,0.38379597663879395
0.7988888796571457,0,942926,860,2815,525344606,9160,378228,36.851719073324816,943,42,43.32003138771612,1122,1654176525,7367,736658353,3154,206,3849,2098586393,547.99,241.75073099136353,"[180, 50, 100000, 4, 0.5]",57.51284217834473,180.06811833381653,0.3578653335571289
0.00258561132308488,128,670681,1012,4,466522929,1026,535173,86.16470728871337,90,215,6.424650339572057,28389,1654176525,8018,1283530522,3154,249,50148,122748465,397.14,243.8938910961151,"[180, 50, 100000, 4, 0.5]",59.14333152770996,180.10010170936584,0.35829782485961914
0.8060883139255806,0,456387,685,3394,1496224965,9160,535173,35.50614469278791,90,151,6.424650339572057,89004,309203667,9929,1436152967,900,206,82280,122748465,587.83,241.03306794166565,"[180, 50, 100000, 4, 0.5]",56.63050174713135,180.18111181259155,0.3424041271209717
0.8060883139255806,0,35659,68,4,1110921127,1525,670238,36.851719073324816,943,151,6.424650339572057,1122,1708826948,9929,810586650,1204,40,3849,122748465,546.61,240.3392391204834,"[180, 50, 100000, 4, 0.5]",55.451807260513306,180.2285771369934,0.5830016136169434
0.00258561132308488,0,670681,685,2815,525344606,860,378228,36.851719073324816,943,151,6.424650339572057,28389,1654176525,7367,1283530522,3154,40,73764,122748465,575.1,239.78451943397522,"[180, 50, 100000, 4, 0.5]",55.27673006057739,180.11695337295532,0.38924336433410645
0.12610622949712635,0,942926,1012,2815,1496224965,9160,378228,36.851719073324816,943,215,82.75954123738036,28389,1654176525,8018,1436152967,900,249,50148,2098586393,602.76,240.343731880188,"[180, 50, 100000, 4, 0.5]",55.82732319831848,180.07919597625732,0.36335301399230957
0.16476953922391535,0,456387,685,4,1110921127,1026,524182,86.56732430775638,90,114,28.24470291123572,1122,309203667,9929,810586650,1204,206,3849,470455559,600.15,241.19735288619995,"[180, 50, 100000, 4, 0.5]",56.67535209655762,180.07032084465027,0.34430360794067383
0.8060883139255806,67,35659,685,6259,833469153,4961,535173,35.50614469278791,478,151,6.424650339572057,89004,1708826948,9929,1893084165,900,143,25628,122748465,495.72,240.95607662200928,"[180, 50, 100000, 4, 0.5]",56.65951609611511,180.0939269065857,0.35254931449890137
0.4372880829362602,0,456387,685,2802,1496224965,7821,439196,36.851719073324816,971,151,85.13572280315563,89004,1708826948,2236,810586650,900,206,27130,470455559,588.37,241.2443552017212,"[180, 50, 100000, 4, 0.5]",56.77004623413086,180.19699835777283,0.3520975112915039
0.8060883139255806,0,693298,788,4,1110921127,1026,535173,35.50614469278791,486,94,6.424650339572057,1122,309203667,9929,1283530522,143,50,3849,122748465,586.61,238.63300967216492,"[180, 50, 100000, 4, 0.5]",54.08933663368225,180.10615873336792,0.34309816360473633
0.12610622949712635,0,693298,607,2815,525344606,9160,378228,36.851719073324816,943,215,6.424650339572057,28389,1654176525,7367,1283530522,900,249,82280,122748465,568.36,242.5658049583435,"[180, 50, 100000, 4, 0.5]",57.82260179519653,180.11620473861694,0.3391306400299072
0.00258561132308488,0,670681,421,2802,1496224965,9160,670238,36.851719073324816,943,151,6.424650339572057,89004,309203667,9929,1283530522,7974,249,50148,122748465,564.63,242.4799370765686,"[180, 50, 100000, 4, 0.5]",57.828800439834595,180.07840728759766,0.5780284404754639
0.8060883139255806,0,693298,959,3394,1496224965,7821,670238,36.851719073324816,486,151,85.13572280315563,89004,309203667,1424,1436152967,900,50,82280,470455559,570.88,242.3334183692932,"[180, 50, 100000, 4, 0.5]",57.81505537033081,180.06814908981323,0.3506760597229004
0.4372880829362602,0,35659,685,2802,1496224965,9160,439196,36.851719073324816,581,94,6.424650339572057,89004,309203667,9929,1283530522,900,40,27130,122748465,549.42,240.29416966438293,"[180, 50, 100000, 4, 0.5]",56.16615605354309,180.07943511009216,0.3504152297973633
0.12333936259085099,0,456387,421,4,1650484918,7821,439196,35.50614469278791,554,71,32.584102355291876,1122,349107816,3160,810586650,527,50,66105,122748465,577.11,242.62174224853516,"[180, 50, 100000, 4, 0.5]",58.27974605560303,180.0947823524475,0.33453941345214844
0.8060883139255806,111,693298,685,6012,1110921127,1026,535173,12.614697125801966,90,151,6.424650339572057,48467,232737780,9929,474909369,1204,206,3849,470455559,513.03,240.2985062599182,"[180, 50, 100000, 4, 0.5]",55.68695831298828,180.18846559524536,0.41660499572753906
0.00258561132308488,0,670681,685,2815,525344606,9160,378228,61.842347696054446,943,151,6.424650339572057,28389,1654176525,8018,1283530522,900,249,82280,2098586393,582.5,242.7758195400238,"[180, 50, 100000, 4, 0.5]",57.981483936309814,180.08891797065735,0.4104154109954834
0.12610622949712635,0,942926,1012,2815,1496224965,860,378228,36.851719073324816,943,215,82.75954123738036,28389,1654176525,7367,1058591553,3154,40,50148,122748465,563.34,240.68837547302246,"[180, 50, 100000, 4, 0.5]",56.18727898597717,180.06000685691833,0.3467540740966797
0.8060883139255806,0,35659,685,3394,1496224965,4961,524182,86.56732430775638,90,151,28.24470291123572,89004,309203667,9929,1436152967,900,143,25628,470455559,547.81,238.3383128643036,"[180, 50, 100000, 4, 0.5]",53.81509971618652,180.11675810813904,0.33377718925476074
0.16476953922391535,0,456387,685,6259,833469153,9160,535173,35.50614469278791,478,114,6.424650339572057,89004,1108946774,9929,1893084165,900,206,82280,122748465,576.77,240.23092126846313,"[180, 50, 100000, 4, 0.5]",55.9035267829895,180.0897855758667,0.344501256942749
0.00258561132308488,0,942926,685,2815,1496224965,9160,378228,31.655415567070023,943,151,82.75954123738036,28389,1654176525,8018,1436152967,900,40,29527,2098586393,582.35,240.82592916488647,"[180, 50, 100000, 4, 0.5]",56.5922167301178,180.06098818778992,0.3328440189361572
0.00258561132308488,0,670681,685,2815,525344606,860,378228,61.842347696054446,943,151,6.424650339572057,28389,1654176525,8018,619654290,900,249,82280,2098586393,586.32,241.63990712165833,"[180, 50, 100000, 4, 0.5]",56.89489936828613,180.1914038658142,0.34427618980407715
0.00258561132308488,0,670681,685,3394,1496224965,8127,378228,35.50614469278791,943,151,6.424650339572057,89004,309203667,9929,1283530522,3154,249,82280,122748465,573.35,240.3773684501648,"[180, 50, 100000, 4, 0.5]",55.79650688171387,180.05522966384888,0.4745900630950928
0.8060883139255806,0,456387,1012,2815,525344606,9160,535173,36.851719073324816,90,215,6.424650339572057,28389,1654176525,8018,1436152967,900,206,50148,122748465,548.44,241.10176920890808,"[180, 50, 100000, 4, 0.5]",56.38419437408447,180.07637405395508,0.33286166191101074
0.00258561132308488,0,942926,672,2815,1496224965,9160,378228,36.851719073324816,943,151,82.75954123738036,28389,1654176525,8018,1436152967,900,40,82280,2098586393,588.48,239.3477087020874,"[180, 50, 100000, 4, 0.5]",54.99003076553345,180.18606853485107,0.3715815544128418
0.4154198624828993,0,942926,685,2815,1496224965,860,378228,36.851719073324816,943,215,82.75954123738036,28389,1654176525,8018,1436152967,900,249,50148,2098586393,571.86,242.39757299423218,"[180, 50, 100000, 4, 0.5]",57.69356441497803,180.08616065979004,0.33945393562316895
0.4372880829362602,0,693298,685,2802,1496224965,7821,439196,86.56732430775638,90,94,28.24470291123572,89004,309203667,9929,1283530522,900,50,3849,470455559,557.86,241.04496598243713,"[180, 50, 100000, 4, 0.5]",56.32213091850281,180.18311500549316,0.3395681381225586
0.16476953922391535,90,456387,788,4,1110921127,1026,524182,36.851719073324816,211,114,85.13572280315563,1122,309203667,1424,810586650,1204,206,27130,470455559,518.83,240.78982663154602,"[180, 50, 100000, 4, 0.5]",56.18730449676514,180.0602719783783,0.4679286479949951
0.12610622949712635,0,456387,685,2815,1496224965,9160,535173,35.50614469278791,90,151,6.424650339572057,28389,309203667,7367,1436152967,900,206,82280,122748465,555.95,241.90341639518738,"[180, 50, 100000, 4, 0.5]",57.462974309921265,180.12447309494019,0.34639406204223633
0.8060883139255806,0,942926,685,3394,1496224965,860,378228,36.851719073324816,943,151,82.75954123738036,89004,1654176525,9929,1436152967,900,40,53411,2098586393,558.78,243.42689418792725,"[180, 50, 100000, 4, 0.5]",58.72864270210266,180.0666379928589,0.34650659561157227
0.00258561132308488,0,990236,685,2815,1496224965,860,378228,36.851719073324816,943,151,82.75954123738036,28389,1654176525,8018,1436152967,900,40,82280,2098586393,600.05,241.14234924316406,"[180, 50, 100000, 4, 0.5]",56.48840284347534,180.11691570281982,0.3585350513458252
0.00258561132308488,0,693298,1012,2815,1496224965,9160,439196,36.851719073324816,943,215,6.424650339572057,28389,1654176525,9929,1436152967,900,249,50148,2098586393,595.38,240.99115347862244,"[180, 50, 100000, 4, 0.5]",56.73607873916626,180.09276032447815,0.34234189987182617
0.12610622949712635,0,942926,1012,2802,1496224965,9160,378228,36.851719073324816,943,151,82.75954123738036,28389,1654176525,8018,1283530522,900,50,50148,908078877,573.9,241.9669270515442,"[180, 50, 100000, 4, 0.5]",57.656206130981445,180.08912873268127,0.36864399909973145
0.4372880829362602,0,693298,788,2802,1496224965,7821,439196,36.851719073324816,486,94,33.45679217953922,89004,309203667,1424,1283530522,900,40,27130,470455559,576.92,241.32172298431396,"[180, 50, 100000, 4, 0.5]",56.76651310920715,180.16355776786804,0.3515174388885498
0.00258561132308488,0,693298,421,2802,1496224965,9160,670238,36.851719073324816,943,151,13.95299071590459,89004,309203667,9929,1283530522,900,249,82280,122748465,568.61,241.48003149032593,"[180, 50, 100000, 4, 0.5]",56.96256947517395,180.19093418121338,0.35197901725769043
0.8060883139255806,0,693298,788,4,1110921127,4704,535173,35.50614469278791,486,94,6.424650339572057,1122,309203667,9929,1283530522,143,50,3849,122748465,568.47,239.80622053146362,"[180, 50, 100000, 4, 0.5]",55.60295033454895,180.06753945350647,0.30828356742858887
0.00258561132308488,0,670681,685,2815,525344606,860,378228,36.851719073324816,943,121,6.424650339572057,28389,1654176525,7367,1283530522,3154,40,73764,122748465,575.18,240.29786372184753,"[180, 50, 100000, 4, 0.5]",55.69400191307068,180.05758666992188,0.37727999687194824
0.04005997245143522,0,670681,685,2815,525344606,860,378228,36.851719073324816,420,151,6.424650339572057,52090,1654176525,7367,1283530522,3154,40,73764,122748465,548.62,241.0392029285431,"[180, 50, 100000, 4, 0.5]",56.34668326377869,180.06803464889526,0.5300400257110596
0.00258561132308488,0,942926,685,2815,1611496115,9160,378228,36.851719073324816,943,215,82.75954123738036,28389,1654176525,8018,1283530522,900,40,82280,122748465,595.15,240.6633961200714,"[180, 50, 100000, 4, 0.5]",56.2041494846344,180.18914198875427,0.4056687355041504
0.00258561132308488,0,670681,1012,2815,1496224965,860,378228,36.851719073324816,943,151,6.424650339572057,28389,1654176525,8018,1436152967,3154,249,50148,1006861840,583.37,241.34092235565186,"[180, 50, 100000, 4, 0.5]",56.72421884536743,180.07225513458252,0.36841297149658203
0.8060883139255806,0,456387,685,5340,1496224965,9160,439196,36.851719073324816,971,151,6.424650339572057,89004,309203667,9929,1436152967,900,206,82280,122748465,546.51,242.8380832672119,"[180, 50, 100000, 4, 0.5]",58.30246829986572,180.1922526359558,0.38660502433776855
0.4372880829362602,0,456387,685,3394,1496224965,7821,535173,35.50614469278791,90,151,85.13572280315563,89004,1708826948,2236,810586650,900,206,27130,470455559,565.97,241.68542194366455,"[180, 50, 100000, 4, 0.5]",56.56001257896423,180.86150646209717,0.35930800437927246
0.4372880829362602,0,456387,421,2802,1650484918,7821,439196,35.50614469278791,971,71,85.13572280315563,1122,349107816,3160,810586650,527,206,27130,470455559,565.36,241.10275650024414,"[180, 50, 100000, 4, 0.5]",56.68387460708618,180.10994791984558,0.35491085052490234
0.12333936259085099,0,456387,685,4,1496224965,6094,439196,36.851719073324816,554,151,32.584102355291876,89004,1708826948,2236,810586650,900,50,66105,122748465,568.33,242.52609062194824,"[180, 50, 100000, 4, 0.5]",57.99504899978638,180.07424688339233,0.3486001491546631
0.00258561132308488,0,942926,685,2815,1496224965,860,378228,36.851719073324816,943,151,82.75954123738036,21349,1654176525,8018,1436152967,900,40,82280,2098586393,589.33,240.5736174583435,"[180, 50, 100000, 4, 0.5]",56.07778191566467,180.10927391052246,0.375840425491333
0.00258561132308488,0,63296,685,2815,525344606,860,378228,61.842347696054446,596,151,6.424650339572057,28389,1995938561,8018,619654290,900,249,82280,2098586393,599.96,241.703209400177,"[180, 50, 100000, 4, 0.5]",57.3310968875885,180.07806968688965,0.3423488140106201
0.00258561132308488,0,456387,685,2802,1496224965,7821,439196,36.851719073324816,943,151,85.13572280315563,28389,1654176525,2236,810586650,900,40,27130,2098586393,564.7,241.17161798477173,"[180, 50, 100000, 4, 0.5]",56.5197868347168,180.1832447052002,0.38376855850219727
0.4372880829362602,0,942926,685,2815,1496224965,860,378228,36.851719073324816,971,151,82.75954123738036,89004,1708826948,8018,1436152967,900,206,82280,470455559,558.57,243.40457963943481,"[180, 50, 100000, 4, 0.5]",58.93400168418884,180.1914086341858,0.34317445755004883
0.12610622949712635,0,456387,1012,4,341145072,1026,378228,36.851719073324816,943,114,82.75954123738036,28389,1654176525,8018,1436152967,1204,249,3849,2098586393,573.52,240.54174661636353,"[180, 50, 100000, 4, 0.5]",56.04783535003662,180.19725561141968,0.3444836139678955
0.16476953922391535,0,942926,685,2815,1110921127,9160,524182,86.56732430775638,90,215,28.24470291123572,1122,309203667,9929,810586650,900,206,50148,470455559,562.73,242.07766485214233,"[180, 50, 100000, 4, 0.5]",57.46018671989441,180.17012190818787,0.3853330612182617
0.00258561132308488,0,942926,1012,2815,1496224965,9160,378228,36.851719073324816,943,215,82.75954123738036,28389,1654176525,8018,1436152967,900,249,50148,2098586393,611.95,241.02605485916138,"[180, 50, 100000, 4, 0.5]",56.723712682724,180.0627818107605,0.3561403751373291
0.12610622949712635,0,693298,1012,2815,1496224965,9160,439196,36.851719073324816,943,215,6.424650339572057,28389,1654176525,9929,1436152967,900,249,50148,2098586393,583.5,242.54973483085632,"[180, 50, 100000, 4, 0.5]",57.922465324401855,180.168226480484,0.4182145595550537
0.00258561132308488,0,942926,685,2815,1496224965,9160,378228,61.842347696054446,943,151,6.424650339572057,28389,1654176525,8018,1436152967,900,40,10123,2098586393,580.9,243.86078023910522,"[180, 50, 100000, 4, 0.5]",59.17220640182495,180.1105387210846,0.3615400791168213
0.00258561132308488,0,670681,685,2815,525344606,860,378228,31.655415567070023,943,151,82.75954123738036,28389,1654176525,8018,619654290,900,249,82280,2098586393,586.9,240.75548887252808,"[180, 50, 100000, 4, 0.5]",56.28765344619751,180.1525218486786,0.3509399890899658
0.00258561132308488,0,670681,672,2815,1496224965,860,378228,61.842347696054446,943,151,82.75954123738036,28389,1654176525,8018,1436152967,900,40,82280,2098586393,579.8,241.2789351940155,"[180, 50, 100000, 4, 0.5]",56.71753287315369,180.05973291397095,0.4222240447998047
0.00258561132308488,0,112672,685,2815,525344606,9160,378228,36.851719073324816,943,151,6.424650339572057,28389,1654176525,8018,619654290,900,249,82280,2098586393,580.2,240.39537620544434,"[180, 50, 100000, 4, 0.5]",55.89708113670349,180.06901860237122,0.3598625659942627
0.00258561132308488,0,456387,685,2802,1496224965,7821,439196,36.851719073324816,971,215,85.13572280315563,89004,1654176525,9929,1436152967,900,249,27130,2098586393,582.89,241.10140442848206,"[180, 50, 100000, 4, 0.5]",56.82264304161072,180.10489344596863,0.3402385711669922
0.8184205692581656,0,693298,539,2815,1496224965,9160,439196,36.851719073324816,943,151,6.424650339572057,28389,1708826948,2236,810586650,900,206,50148,470455559,548.14,244.46542835235596,"[180, 50, 100000, 4, 0.5]",59.51365065574646,180.12787914276123,0.5463442802429199
0.00258561132308488,0,942926,400,2815,1611496115,9160,378228,36.851719073324816,943,151,82.75954123738036,28389,1654176525,8018,1283530522,900,40,82280,2098586393,580.19,240.61463284492493,"[180, 50, 100000, 4, 0.5]",55.8312566280365,180.0993320941925,0.43998026847839355
0.00258561132308488,0,942926,685,7353,1496224965,860,378228,36.851719073324816,943,215,82.75954123738036,21349,1654176525,8018,1436152967,900,40,82280,122748465,598.25,241.7401750087738,"[180, 50, 100000, 4, 0.5]",57.0476770401001,180.1877613067627,0.5604269504547119
0.00258561132308488,0,670681,685,2815,525344606,860,378228,61.842347696054446,943,151,62.51840771252603,28389,1654176525,209,619654290,900,249,82280,2098586393,565.75,242.56375074386597,"[180, 50, 100000, 4, 0.5]",57.730419635772705,180.05696535110474,0.3556404113769531
0.00258561132308488,0,990236,685,2815,1496224965,860,378228,36.851719073324816,943,151,82.75954123738036,28389,1654176525,8018,1436152967,900,156,82280,2098586393,598.7,242.72908186912537,"[180, 50, 100000, 4, 0.5]",58.04382658004761,180.18701004981995,0.33884429931640625
0.00258561132308488,0,693298,685,2815,525344606,9160,378228,36.851719073324816,596,151,6.424650339572057,28389,1995938561,8018,1283530522,900,50,38930,2098586393,596.71,241.02562546730042,"[180, 50, 100000, 4, 0.5]",56.40426278114319,180.17543125152588,0.3413515090942383
0.00258561132308488,0,63296,1012,2802,1496224965,860,439196,61.842347696054446,943,151,58.01780113911805,28389,1654176525,9929,619654290,900,249,50148,908078877,570.72,239.60932087898254,"[180, 50, 100000, 4, 0.5]",54.94695067405701,180.06410598754883,0.5007302761077881
0.00258561132308488,0,942926,1012,2815,1496224965,9160,378228,36.851719073324816,943,215,6.424650339572057,28389,1654176525,9929,1436152967,900,34,50148,2098586393,582.73,242.09666299819946,"[180, 50, 100000, 4, 0.5]",57.46355676651001,180.10983681678772,0.3542778491973877
0.12610622949712635,0,693298,1012,2815,1496224965,9160,439196,36.851719073324816,943,215,82.75954123738036,28389,1654176525,8018,1436152967,900,249,50148,2098586393,588.47,239.5120232105255,"[180, 50, 100000, 4, 0.5]",54.858776330947876,180.10719633102417,0.4272022247314453
0.16476953922391535,0,942926,685,4,1110921127,1026,378228,86.56732430775638,943,151,28.24470291123572,28389,309203667,9929,810586650,1204,40,3849,2098586393,588.42,239.56001162528992,"[180, 50, 100000, 4, 0.5]",55.150089740753174,180.18834161758423,0.3658931255340576
0.00258561132308488,0,686122,685,2815,1496224965,860,524182,36.851719073324816,90,114,82.75954123738036,1122,1654176525,8018,684155943,900,206,82280,470455559,583.62,241.33003497123718,"[180, 50, 100000, 4, 0.5]",57.093581199645996,180.05561804771423,0.35323071479797363
0.6412944695375175,0,942926,672,3394,1496224965,9160,378228,36.851719073324816,943,151,82.75954123738036,28389,1654176525,8018,1436152967,900,206,82280,2098586393,560.65,242.94543719291687,"[180, 50, 100000, 4, 0.5]",58.60291934013367,180.17533779144287,0.36338067054748535
0.432966996800053,0,456387,685,2815,1496224965,9160,535173,35.50614469278791,90,151,6.424650339572057,33850,309203667,9929,1436152967,900,40,82280,122748465,580.77,240.63639187812805,"[180, 50, 100000, 4, 0.5]",56.394062519073486,180.1095473766327,0.3503081798553467
0.00258561132308488,184,670681,1012,2815,525344606,9160,378228,36.851719073324816,943,215,6.424650339572057,28389,1654176525,8018,1283530522,3154,249,50148,122748465,532.29,243.87302541732788,"[180, 50, 100000, 4, 0.5]",59.48190402984619,180.10747909545898,0.3719806671142578
0.00258561132308488,0,670681,1012,2815,2097772849,9160,378228,36.851719073324816,943,215,6.424650339572057,28389,1654176525,8018,1283530522,3154,249,50148,122748465,567.71,240.42347502708435,"[180, 50, 100000, 4, 0.5]",56.12508821487427,180.0729582309723,0.3705759048461914
0.00258561132308488,0,942926,238,2815,1496224965,9160,378228,36.851719073324816,943,151,82.75954123738036,21349,1654176525,8018,1436152967,900,249,82280,2098586393,577.89,241.50703716278076,"[180, 50, 100000, 4, 0.5]",56.90932655334473,180.1993637084961,0.33486127853393555
0.00258561132308488,0,942926,1012,2815,1496224965,4913,378228,36.851719073324816,943,215,82.75954123738036,28389,1654176525,8018,1436152967,900,40,50148,2098586393,587.45,239.95088171958923,"[180, 50, 100000, 4, 0.5]",55.40747547149658,180.0810785293579,0.34405994415283203
0.00258561132308488,0,942926,1012,2815,1496224965,9160,439196,36.851719073324816,943,215,82.75954123738036,28389,1654176525,8018,1283530522,900,50,50148,9175323,583.82,238.95098090171814,"[180, 50, 100000, 4, 0.5]",54.56959366798401,180.18127036094666,0.36217451095581055
0.00258561132308488,0,693298,1012,2802,1496224965,9160,378228,36.851719073324816,943,151,6.424650339572057,28389,1654176525,9929,1436152967,900,249,50148,908078877,571.0,242.03103637695312,"[180, 50, 100000, 4, 0.5]",57.78192186355591,180.18577313423157,0.34830141067504883
0.8060883139255806,0,670681,685,3394,525344606,9160,535173,36.851719073324816,943,215,6.424650339572057,28389,309203667,9929,1436152967,3154,206,82280,122748465,551.91,241.98509669303894,"[180, 50, 100000, 4, 0.5]",56.945828437805176,180.06539607048035,0.8897323608398438
0.00258561132308488,0,456387,1012,2815,1496224965,9160,378228,35.50614469278791,90,151,6.424650339572057,89004,1654176525,8018,1283530522,900,249,50148,122748465,583.68,240.07557678222656,"[180, 50, 100000, 4, 0.5]",55.454747676849365,180.16483974456787,0.46879005432128906
0.00258561132308488,0,942926,1012,2815,1496224965,9160,378228,36.851719073324816,943,215,82.75954123738036,28389,1654176525,8018,1436152967,900,249,33697,2098586393,575.08,244.54676246643066,"[180, 50, 100000, 4, 0.5]",60.017322301864624,180.07444667816162,0.3532865047454834
0.00258561132308488,0,942926,1012,2815,1496224965,9160,378228,36.851719073324816,943,215,82.75954123738036,28389,1737957232,1422,1436152967,172,249,50148,2098586393,607.58,239.0285930633545,"[180, 50, 100000, 4, 0.5]",54.803807735443115,180.09303903579712,0.3335914611816406
0.12610622949712635,0,942926,1012,2815,1496224965,9160,378228,36.851719073324816,943,151,82.75954123738036,28389,1654176525,8018,1436152967,900,249,50148,2098586393,577.5,241.0150671005249,"[180, 50, 100000, 4, 0.5]",56.85655665397644,180.19053030014038,0.3418715000152588
0.00258561132308488,0,942926,672,2815,1496224965,9160,378228,36.851719073324816,943,215,82.75954123738036,28389,1654176525,8018,1436152967,900,71,82280,2098586393,573.6,239.371680021286,"[180, 50, 100000, 4, 0.5]",54.993332624435425,180.11694622039795,0.37149620056152344
0.00258561132308488,0,122574,685,2815,1496224965,860,378228,36.851719073324816,943,66,53.82240326586165,28389,1654176525,8018,1436152967,900,40,82280,2098586393,582.34,241.01140928268433,"[180, 50, 100000, 4, 0.5]",56.46501016616821,180.07401394844055,0.3599238395690918
0.00258561132308488,0,990236,685,2815,1496224965,860,378228,36.851719073324816,943,27,82.75954123738036,21349,1654176525,8018,1436152967,900,156,82280,2098586393,606.39,239.9254810810089,"[180, 50, 100000, 4, 0.5]",55.262763261795044,180.18628668785095,0.3483438491821289
0.00258561132308488,0,693298,685,2815,1496224965,9160,378228,36.851719073324816,943,151,6.424650339572057,28389,1654176525,8018,1436152967,6312,40,82280,2098586393,577.19,240.30225443840027,"[180, 50, 100000, 4, 0.5]",55.629862785339355,180.19023489952087,0.41152238845825195
0.00258561132308488,189,990236,685,2815,525344606,860,378228,36.851719073324816,596,151,82.75954123738036,28389,1995938561,8018,1283530522,900,50,38930,2098586393,503.29,241.00347471237183,"[180, 50, 100000, 4, 0.5]",56.324833393096924,180.12293219566345,0.3510868549346924
0.4372880829362602,0,942926,685,2802,1611496115,9160,439196,36.851719073324816,943,151,82.75954123738036,28389,1654176525,8018,1283530522,900,40,27130,122748465,574.71,241.51071095466614,"[180, 50, 100000, 4, 0.5]",57.01597237586975,180.1088011264801,0.3341362476348877
0.1492565996641836,0,456387,229,2815,1496224965,7821,378228,36.851719073324816,971,215,85.13572280315563,89004,1708826948,2236,810586650,900,206,82280,470455559,578.19,240.63953018188477,"[180, 50, 100000, 4, 0.5]",56.302242279052734,180.11687064170837,0.3533647060394287
0.00258561132308488,0,990236,685,2815,1496224965,9160,378228,36.851719073324816,943,215,82.75954123738036,28389,1654176525,8018,1283530522,900,249,50148,2098586393,565.75,240.54497027397156,"[180, 50, 100000, 4, 0.5]",56.15001702308655,180.0840561389923,0.3671128749847412
0.8594684889670346,0,670681,1012,2815,525344606,860,378228,36.851719073324816,943,151,6.424650339572057,28389,1654176525,8018,1436152967,3154,156,82280,122748465,549.81,243.18162560462952,"[180, 50, 100000, 4, 0.5]",58.698347330093384,180.05758452415466,0.36615490913391113
0.00258561132308488,0,990236,1012,2802,1496224965,860,378228,36.851719073324816,331,151,6.424650339572057,28389,524459555,9929,1436152967,900,50,50148,908078877,598.2,240.7162675857544,"[180, 50, 100000, 4, 0.5]",56.346534729003906,180.0886082649231,0.3546898365020752
0.00258561132308488,0,693298,685,2815,1496224965,9160,439196,36.851719073324816,943,151,82.75954123738036,28389,1654176525,8018,1283530522,900,26,82280,2098586393,585.94,242.2660653591156,"[180, 50, 100000, 4, 0.5]",57.988162994384766,180.0572965145111,0.42282557487487793
0.00258561132308488,0,693298,685,7204,1496224965,9160,798245,36.851719073324816,596,151,6.424650339572057,28389,1162971610,8018,1436152967,900,50,82280,2098586393,585.51,241.37557339668274,"[180, 50, 100000, 4, 0.5]",56.81563067436218,180.12373971939087,0.3551650047302246
0.00258561132308488,0,942926,685,2815,525344606,860,378228,36.851719073324816,943,151,82.75954123738036,28389,1654176525,8018,1283530522,900,40,38930,2098586393,594.71,239.3456244468689,"[180, 50, 100000, 4, 0.5]",54.9411461353302,180.1193859577179,0.34589219093322754
0.00258561132308488,0,63296,685,3769,1496224965,860,378228,61.842347696054446,596,151,6.424650339572057,28389,1654176525,8018,1436152967,900,249,50148,2098586393,524.3,242.5379843711853,"[180, 50, 100000, 4, 0.5]",56.67427134513855,180.77236080169678,1.0266919136047363
0.00258561132308488,0,942926,1012,2815,525344606,9160,944679,36.851719073324816,943,215,82.75954123738036,28389,1995938561,8018,619654290,900,249,82280,2098586393,578.72,278.49688243865967,"[180, 50, 100000, 4, 0.5]",93.98670363426208,180.06740379333496,0.5485963821411133
0.00258561132308488,0,942926,1012,2815,525344606,9160,378228,36.851719073324816,943,215,82.75954123738036,28389,1654176525,8018,1436152967,900,249,50148,628449924,573.22,240.12651681900024,"[180, 50, 100000, 4, 0.5]",55.870808362960815,180.1137456893921,0.3427896499633789
0.00258561132308488,0,670681,1012,2815,1496224965,9160,378228,36.851719073324816,943,215,6.424650339572057,28389,1654176525,8018,1283530522,3154,249,50148,2098586393,561.51,240.30340027809143,"[180, 50, 100000, 4, 0.5]",55.53894901275635,180.10844659805298,0.6168036460876465
0.00258561132308488,0,973356,1012,4,1110921127,9160,378228,36.851719073324816,943,114,82.75954123738036,28389,1737957232,1138,810586650,1204,206,3849,470455559,561.6,244.15031480789185,"[180, 50, 100000, 4, 0.5]",59.46950888633728,180.07320713996887,0.35217881202697754
0.6950598496749264,0,942926,685,2815,1496224965,1026,524182,86.56732430775638,90,215,28.24470291123572,1122,309203667,9929,1436152967,172,249,50148,2098586393,565.26,238.80198574066162,"[180, 50, 100000, 4, 0.5]",54.54322147369385,180.08748030662537,0.31058263778686523
0.00258561132308488,0,942926,685,2815,1743792803,9160,378228,36.851719073324816,331,215,73.84270713418726,28389,1654176525,8018,1283530522,900,50,50148,832202189,585.18,241.82402348518372,"[180, 50, 100000, 4, 0.5]",57.40568280220032,180.187082529068,0.43553614616394043
0.270625411673434,0,990236,1012,2802,1496224965,860,378228,36.851719073324816,943,151,6.424650339572057,28389,524459555,9929,1436152967,900,40,82280,908078877,569.55,242.8940281867981,"[180, 50, 100000, 4, 0.5]",58.3763952255249,180.06517672538757,0.37082433700561523
0.00258561132308488,0,990236,685,2815,1496224965,9160,378228,36.851719073324816,943,215,6.424650339572057,28389,1654176525,8018,1283530522,900,156,50148,2098586393,578.1,240.11763668060303,"[180, 50, 100000, 4, 0.5]",55.77614688873291,180.10993194580078,0.35959935188293457
0.00258561132308488,0,670681,1012,2815,525344606,860,378228,65.00939785725454,943,151,82.75954123738036,28389,1271566748,8018,1436152967,3154,249,82280,122748465,567.32,243.60657668113708,"[180, 50, 100000, 4, 0.5]",59.16120934486389,180.18608593940735,0.437255859375
0.12610622949712635,0,942926,1012,4045,1496224965,9160,378228,36.851719073324816,943,215,82.75954123738036,28389,1654176525,8018,1436152967,900,249,50148,2098586393,590.81,241.53175902366638,"[180, 50, 100000, 4, 0.5]",56.65885519981384,180.08751225471497,0.6562788486480713
0.00258561132308488,79,990236,1012,2815,1496224965,9160,378228,69.2280894934276,943,215,82.75954123738036,28389,1654176525,8018,1436152967,900,156,82280,2098586393,495.18,243.47452020645142,"[180, 50, 100000, 4, 0.5]",58.97335386276245,180.06602001190186,0.4423365592956543
0.12610622949712635,0,942926,685,2815,1496224965,860,378228,82.86287348929152,943,151,82.75954123738036,28389,1654176525,8018,1436152967,900,249,50148,2098586393,566.42,241.7006275653839,"[180, 50, 100000, 4, 0.5]",57.04804491996765,180.17799401283264,0.354783296585083
0.00258561132308488,0,670681,888,2815,1496224965,9160,378228,36.851719073324816,943,215,6.424650339572057,28389,1654176525,8018,1436152967,3154,249,50148,122748465,583.45,240.0024435520172,"[180, 50, 100000, 4, 0.5]",55.80150651931763,180.0612633228302,0.38955211639404297
0.00258561132308488,0,942926,1012,2815,525344606,9160,378228,36.851719073324816,943,215,82.75954123738036,89223,1654176525,8018,1283530522,900,249,50148,2098586393,594.79,240.82454752922058,"[180, 50, 100000, 4, 0.5]",56.36108136177063,180.18587112426758,0.4137883186340332
0.00258561132308488,0,693298,1012,2815,1496224965,9160,439196,36.851719073324816,943,151,6.424650339572057,28389,1995938561,8018,1283530522,900,50,50148,908078877,566.05,242.86084032058716,"[180, 50, 100000, 4, 0.5]",58.36678767204285,180.0862443447113,0.34954142570495605
0.00258561132308488,0,693298,685,2802,525344606,9160,378228,36.851719073324816,596,151,6.424650339572057,28389,1654176525,9929,1283530522,900,50,38930,2098586393,593.34,239.5107924938202,"[180, 50, 100000, 4, 0.5]",55.270451068878174,180.11192440986633,0.5111052989959717
0.00258561132308488,0,693298,685,2815,525344606,860,378228,61.842347696054446,596,151,6.424650339572057,63602,1654176525,8018,1283530522,900,50,82280,908078877,570.76,241.8144052028656,"[180, 50, 100000, 4, 0.5]",57.35965609550476,180.18266105651855,0.3598167896270752
0.00258561132308488,0,63296,1012,2802,1496224965,9160,439196,36.851719073324816,943,151,6.424650339572057,28389,1995938561,9929,619654290,900,182,50148,2098586393,576.53,239.3278305530548,"[180, 50, 100000, 4, 0.5]",54.699063301086426,180.1916468143463,0.35995006561279297
0.12610622949712635,0,670681,1012,2815,1496224965,9160,378228,36.851719073324816,943,215,82.75954123738036,28389,1654176525,8018,1436152967,900,249,50148,122748465,573.67,240.1368510723114,"[180, 50, 100000, 4, 0.5]",55.6130473613739,180.06444382667542,0.3485274314880371
0.00258561132308488,0,942926,1012,2815,525344606,9160,378228,36.851719073324816,943,215,6.424650339572057,28389,1654176525,8018,1283530522,3154,249,50148,2098586393,576.06,243.5606870651245,"[180, 50, 100000, 4, 0.5]",58.83125925064087,180.09574341773987,0.4014413356781006
